Task,TaskName,Model,Preprocess,F1_mean,F1_std,BA_mean,BA_std,Acc_mean,Acc_std,FitSeconds_total,FitSeconds_mean,PredictSeconds_total,source_stage,source_priority,source_variant_file,variant_scope,augmentation
G1_thiram_molar_grade,Thiram Positive Molar Grade,RamanNet-Lite,p1,0.9865091021840996,0.0030957940608325,0.98589000964287,0.0033341522185387,0.986141001174398,0.0034825449127603,33.45789720118046,6.691579440236092,0.0257169380784034,augmentation_no_aug,5,cv_results_summary_p1.csv,p1,No augmentation
G1_thiram_molar_grade,Thiram Positive Molar Grade,Spectrum-KAN,p1,0.978530723170006,0.016690290032663,0.978221678502364,0.0169506693687021,0.9784123605402232,0.0167125682577772,112.41542423516512,22.483084847033023,0.0415984094142913,augmentation_no_aug,5,cv_results_summary_p1.csv,p1,No augmentation
G1_thiram_molar_grade,Thiram Positive Molar Grade,1D-ResNet,p1,0.9777926289195988,0.0100390336445873,0.9778166677998704,0.009899315548501,0.978531451849677,0.0098801104088477,78.54794657230377,15.709589314460754,0.2566872015595436,augmentation_no_aug,5,cv_results_summary_p1.csv,p1,No augmentation
G1_thiram_molar_grade,Thiram Positive Molar Grade,1D-CNN,p1,0.9287708027839132,0.0340959612701545,0.9270821794375764,0.0367045485042307,0.9274721080446272,0.0349985904672875,136.9269406720996,27.38538813441992,0.1533286049962043,augmentation_no_aug,5,cv_results_summary_p1.csv,p1,No augmentation
G1_thiram_molar_grade,Thiram Positive Molar Grade,KAN-CNN,p1,0.8886054360896833,0.0185530358857249,0.8842184798960933,0.0199101058723414,0.8891637918379331,0.018151074942629,119.2234805598855,23.8446961119771,0.2331519573926925,augmentation_no_aug,5,cv_results_summary_p1.csv,p1,No augmentation
G1_thiram_molar_grade,Thiram Positive Molar Grade,RamanNet-Lite,raw,0.8777269502794528,0.0188160797365589,0.8720251550693637,0.019329239391566,0.8721909864944216,0.0210317017309147,95.53703387081624,19.107406774163245,0.2535298019647598,augmentation_no_aug,5,cv_results_summary_raw.csv,raw,No augmentation
G1_thiram_molar_grade,Thiram Positive Molar Grade,KAN-CNN,raw,0.7700309062595617,0.031519917485968,0.7726265440807288,0.0312073530393726,0.77375917498532,0.0296823639202786,63.61166097223759,12.722332194447516,0.1072250604629516,augmentation_no_aug,5,cv_results_summary_raw.csv,raw,No augmentation
G1_thiram_molar_grade,Thiram Positive Molar Grade,Spectrum-KAN,raw,0.7586632531268297,0.0503366616365224,0.762904722672725,0.0502626621750651,0.7587777084556665,0.0487783104660699,66.5049185603857,13.30098371207714,0.0358098521828651,augmentation_no_aug,5,cv_results_summary_raw.csv,raw,No augmentation
G1_thiram_molar_grade,Thiram Positive Molar Grade,1D-CNN,raw,0.7360704715038984,0.0376516285340838,0.7409839090317691,0.0406073415765399,0.7385026423957722,0.0359752621333217,77.22594027966261,15.445188055932524,0.3350214287638664,augmentation_no_aug,5,cv_results_summary_raw.csv,raw,No augmentation
G1_thiram_molar_grade,Thiram Positive Molar Grade,1D-ResNet,raw,0.7115611611176034,0.1064851128049989,0.7060059304264231,0.1093257399350083,0.7091579198473282,0.1059749208817556,51.720952324569225,10.344190464913844,0.0940314456820488,augmentation_no_aug,5,cv_results_summary_raw.csv,raw,No augmentation
G2_mg_molar_grade,MG Positive Molar Grade,1D-ResNet,p1,0.7457288821560869,0.0381210719751919,0.7493845788514755,0.0389897369232993,0.7485336538461539,0.0365084406655486,39.15170139819384,7.830340279638767,0.1032946333289146,augmentation_no_aug,5,cv_results_summary_p1.csv,p1,No augmentation
G2_mg_molar_grade,MG Positive Molar Grade,1D-CNN,p1,0.6492696167258554,0.0444993764182058,0.669150068292973,0.0358194776281314,0.6665384615384615,0.0361722539063122,49.32378605008125,9.86475721001625,0.1780981793999672,augmentation_no_aug,5,cv_results_summary_p1.csv,p1,No augmentation
G2_mg_molar_grade,MG Positive Molar Grade,1D-ResNet,raw,0.6333247170710764,0.0666873550894176,0.6400329022855669,0.0464221390969085,0.645048076923077,0.0389228643293829,81.39563676714897,16.279127353429793,0.0341056138277053,augmentation_no_aug,5,cv_results_summary_raw.csv,raw,No augmentation
G2_mg_molar_grade,MG Positive Molar Grade,RamanNet-Lite,p1,0.5795795064978033,0.0413619851893269,0.58962260579842,0.0386412998178562,0.5909375,0.0387984418174624,9.858000949025154,1.9716001898050308,0.0138058885931968,augmentation_no_aug,5,cv_results_summary_p1.csv,p1,No augmentation
G2_mg_molar_grade,MG Positive Molar Grade,1D-CNN,raw,0.5762679753879378,0.0573046370839953,0.5936719189227213,0.0238808073484531,0.6018509615384615,0.0191350532661532,45.73642085492611,9.147284170985222,0.2458535879850387,augmentation_no_aug,5,cv_results_summary_raw.csv,raw,No augmentation
G2_mg_molar_grade,MG Positive Molar Grade,KAN-CNN,p1,0.5628113253759439,0.2220412400155579,0.6062808285820502,0.1534383806055577,0.604110576923077,0.1510315801654922,53.53315768390894,10.706631536781789,0.1129347011446952,augmentation_no_aug,5,cv_results_summary_p1.csv,p1,No augmentation
G2_mg_molar_grade,MG Positive Molar Grade,RamanNet-Lite,raw,0.5175689124669527,0.0685206098834114,0.5685862195018389,0.0400974423911487,0.5756249999999999,0.0415815359374465,21.418903931975365,4.283780786395073,0.1167118996381759,augmentation_no_aug,5,cv_results_summary_raw.csv,raw,No augmentation
G2_mg_molar_grade,MG Positive Molar Grade,Spectrum-KAN,raw,0.5144984641277517,0.0650648568624508,0.5361388989086212,0.0360354464713403,0.5462980769230769,0.0364892444333878,35.17547030001879,7.0350940600037575,0.0446007996797561,augmentation_no_aug,5,cv_results_summary_raw.csv,raw,No augmentation
G2_mg_molar_grade,MG Positive Molar Grade,KAN-CNN,raw,0.4696563251215527,0.1716002365719408,0.5219400423510528,0.1062425695966674,0.5309855769230769,0.108473953893374,47.59431383013725,9.51886276602745,0.1158511713147163,augmentation_no_aug,5,cv_results_summary_raw.csv,raw,No augmentation
G2_mg_molar_grade,MG Positive Molar Grade,Spectrum-KAN,p1,0.4671500205949065,0.128088785931834,0.5111664696894518,0.0985732259624679,0.5107211538461539,0.0977114821620354,26.75066191703081,5.350132383406162,0.1078768968582153,augmentation_no_aug,5,cv_results_summary_p1.csv,p1,No augmentation
G3_mba_molar_grade,MBA Positive Molar Grade,RamanNet-Lite,p1,0.8713857057205182,0.0414183813490581,0.87086176612412,0.0429456366831351,0.870581238172479,0.04256465638956,17.71799872070551,3.543599744141102,0.2549177929759025,augmentation_no_aug,5,cv_results_summary_p1.csv,p1,No augmentation
G3_mba_molar_grade,MBA Positive Molar Grade,RamanNet-Lite,raw,0.7790018848576762,0.0435007411313641,0.7781720358139694,0.0411854957760049,0.7781778859151122,0.0427210496224141,39.741561748087406,7.948312349617481,0.0466143041849136,augmentation_no_aug,5,cv_results_summary_raw.csv,raw,No augmentation
G3_mba_molar_grade,MBA Positive Molar Grade,Spectrum-KAN,p1,0.6143375294059528,0.1385272565932071,0.6253090985582433,0.1347285845358968,0.6238118410381184,0.1358807710240048,32.09974589943886,6.419949179887771,0.0988746508955955,augmentation_no_aug,5,cv_results_summary_p1.csv,p1,No augmentation
G3_mba_molar_grade,MBA Positive Molar Grade,Spectrum-KAN,raw,0.5486022913918756,0.0898689148058695,0.5721093581078952,0.0779401389890235,0.5699053798323871,0.0800522233874273,53.3493691533804,10.669873830676078,0.256713293492794,augmentation_no_aug,5,cv_results_summary_raw.csv,raw,No augmentation
G3_mba_molar_grade,MBA Positive Molar Grade,1D-CNN,raw,0.4626648724531274,0.0888652888103361,0.4968850007145728,0.0783050873138169,0.4945877264125439,0.0770711404118021,28.86714331060648,5.773428662121296,0.0252803266048431,augmentation_no_aug,5,cv_results_summary_raw.csv,raw,No augmentation
G3_mba_molar_grade,MBA Positive Molar Grade,1D-ResNet,raw,0.2890310959189848,0.1092511316192242,0.3918574271858268,0.0650031343033699,0.3894133549608002,0.0694260362278385,31.836444698274136,6.367288939654827,0.0773740634322166,augmentation_no_aug,5,cv_results_summary_raw.csv,raw,No augmentation
G3_mba_molar_grade,MBA Positive Molar Grade,1D-ResNet,p1,0.222686983938217,0.0265447266015056,0.3627832078792645,0.0144197608232117,0.3597620978642876,0.0176231676326057,28.48787578195333,5.697575156390667,0.298907145857811,augmentation_no_aug,5,cv_results_summary_p1.csv,p1,No augmentation
G3_mba_molar_grade,MBA Positive Molar Grade,1D-CNN,p1,0.1668406996421559,0.0037102873811787,0.3333333333333333,0.0,0.3303919978372533,0.0083368028942342,23.02222673594952,4.604445347189904,0.1709673628211021,augmentation_no_aug,5,cv_results_summary_p1.csv,p1,No augmentation
G3_mba_molar_grade,MBA Positive Molar Grade,KAN-CNN,p1,0.1655455344505731,0.0031303753693652,0.3333333333333333,0.0,0.3303919978372533,0.0083368028942342,26.640578366816044,5.328115673363209,0.1081962212920188,augmentation_no_aug,5,cv_results_summary_p1.csv,p1,No augmentation
G3_mba_molar_grade,MBA Positive Molar Grade,KAN-CNN,raw,0.1655455344505731,0.0031303753693652,0.3333333333333333,0.0,0.3303919978372533,0.0083368028942342,22.16056040674448,4.432112081348896,0.0489717498421669,augmentation_no_aug,5,cv_results_summary_raw.csv,raw,No augmentation
P1_thiram_presence,Thiram Presence,RamanNet-Lite,p1,0.9668357144028302,0.0182312472626811,0.9667278639435808,0.0186534492413021,0.9733640270104358,0.014904417885886,25.54329727590084,5.1086594551801685,0.2752845510840416,augmentation_no_aug,5,cv_results_summary_p1.csv,p1,No augmentation
P1_thiram_presence,Thiram Presence,KAN-CNN,p1,0.9281516026591936,0.0082332465680313,0.9269229121478304,0.0065552064005499,0.9422774708410068,0.0084898289187099,110.55420037359,22.110840074718,0.1116128042340278,augmentation_no_aug,5,cv_results_summary_p1.csv,p1,No augmentation
P1_thiram_presence,Thiram Presence,1D-CNN,p1,0.9256645720922562,0.0190780889231084,0.9078843592340048,0.030362265008934,0.9434192756292205,0.0124897923984975,89.43772435933352,17.8875448718667,0.2512536272406578,augmentation_no_aug,5,cv_results_summary_p1.csv,p1,No augmentation
P1_thiram_presence,Thiram Presence,1D-ResNet,p1,0.9163942123431742,0.0386021558505178,0.9230415387161912,0.0323129372610011,0.9311602209944752,0.0330532810970656,48.79608844220638,9.759217688441275,0.1765406131744384,augmentation_no_aug,5,cv_results_summary_p1.csv,p1,No augmentation
P1_thiram_presence,Thiram Presence,Spectrum-KAN,p1,0.91490556268756,0.0610514526964841,0.927718194258032,0.0475492071245761,0.9279619398403928,0.0551643600722821,64.79154198616743,12.958308397233486,0.0876268744468689,augmentation_no_aug,5,cv_results_summary_p1.csv,p1,No augmentation
P1_thiram_presence,Thiram Presence,RamanNet-Lite,raw,0.783344501451275,0.0435110173469065,0.7764692611777535,0.0658419742244483,0.8379742173112339,0.0183911021857647,44.38343956321478,8.876687912642955,0.0179352164268493,augmentation_no_aug,5,cv_results_summary_raw.csv,raw,No augmentation
P1_thiram_presence,Thiram Presence,1D-ResNet,raw,0.7022470746055955,0.0510248448673691,0.7699275490730644,0.0549587022352571,0.717010435850215,0.0503829973438549,64.77140484005213,12.954280968010426,0.1025559529662132,augmentation_no_aug,5,cv_results_summary_raw.csv,raw,No augmentation
P1_thiram_presence,Thiram Presence,1D-CNN,raw,0.6461353769874065,0.0364530107674959,0.729342851600417,0.0234336477400117,0.6558993247391037,0.0424726933010473,60.39001062512398,12.078002125024796,0.1052374616265297,augmentation_no_aug,5,cv_results_summary_raw.csv,raw,No augmentation
P1_thiram_presence,Thiram Presence,KAN-CNN,raw,0.63586126688671,0.0323383877784378,0.7378359879624192,0.0203660663827481,0.6403990178023327,0.0352197165518034,57.03749800473452,11.407499600946904,0.3283821269869804,augmentation_no_aug,5,cv_results_summary_raw.csv,raw,No augmentation
P1_thiram_presence,Thiram Presence,Spectrum-KAN,raw,0.6147392328877588,0.0560316013365137,0.6813706458141096,0.0563522622274492,0.6348864333947206,0.0678138561113399,45.31722128391266,9.063444256782532,0.2491884529590606,augmentation_no_aug,5,cv_results_summary_raw.csv,raw,No augmentation
P2_mg_presence,MG Presence,RamanNet-Lite,p1,0.9527330119194282,0.0195940447767084,0.9494013009049772,0.0226729987203903,0.9622713321055862,0.0153898629569859,51.50234670937061,10.300469341874123,0.1798085793852806,augmentation_no_aug,5,cv_results_summary_p1.csv,p1,No augmentation
P2_mg_presence,MG Presence,1D-ResNet,p1,0.9193818435469064,0.0192487609724808,0.9016365950226244,0.0231699029015765,0.9378575813382444,0.0148411244941841,68.52954144775867,13.705908289551736,0.2188460081815719,augmentation_no_aug,5,cv_results_summary_p1.csv,p1,No augmentation
P2_mg_presence,MG Presence,Spectrum-KAN,p1,0.9177197701805426,0.0237700789376992,0.930395597662142,0.0167676359482337,0.9312154696132596,0.0215779824580217,93.7933320775628,18.75866641551256,0.1771453395485878,augmentation_no_aug,5,cv_results_summary_p1.csv,p1,No augmentation
P2_mg_presence,MG Presence,1D-CNN,p1,0.8566230209883893,0.0525650061499471,0.8279788838612369,0.0633082514702596,0.8979251074278698,0.0313936798988419,124.0285224840045,24.8057044968009,0.2730654403567314,augmentation_no_aug,5,cv_results_summary_p1.csv,p1,No augmentation
P2_mg_presence,MG Presence,KAN-CNN,p1,0.8392400893989876,0.0892837828436558,0.8124450414781297,0.0946563971774058,0.8889686924493555,0.0535044745244363,115.90864853560925,23.18172970712185,0.1912665069103241,augmentation_no_aug,5,cv_results_summary_p1.csv,p1,No augmentation
P2_mg_presence,MG Presence,RamanNet-Lite,raw,0.8298364865020268,0.0279848362988194,0.8036593137254903,0.0306762795924116,0.8757028852056477,0.0181705220408783,61.36622060090304,12.273244120180609,0.0422366857528686,augmentation_no_aug,5,cv_results_summary_raw.csv,raw,No augmentation
P2_mg_presence,MG Presence,1D-ResNet,raw,0.7265635757138043,0.1805829112192365,0.7348843797134238,0.1414401837207678,0.8213014119091466,0.0723948000406354,69.31499161571264,13.862998323142527,0.0325670763850212,augmentation_no_aug,5,cv_results_summary_raw.csv,raw,No augmentation
P2_mg_presence,MG Presence,1D-CNN,raw,0.723306247227564,0.1814271523818532,0.7523251791101055,0.1101271662225933,0.7557151626764886,0.1966381762585156,113.09642182290554,22.61928436458111,0.1092934533953666,augmentation_no_aug,5,cv_results_summary_raw.csv,raw,No augmentation
P2_mg_presence,MG Presence,KAN-CNN,raw,0.6635917880000234,0.1884221148531649,0.7134169494720966,0.1284793190003045,0.6923634131368938,0.1930395111626756,95.5366618335247,19.10733236670494,0.241594098508358,augmentation_no_aug,5,cv_results_summary_raw.csv,raw,No augmentation
P2_mg_presence,MG Presence,Spectrum-KAN,raw,0.5603455729635507,0.0930866063232882,0.6216620003770739,0.0353989600722389,0.5892756292203807,0.1080749903502781,38.411364659667015,7.682272931933403,0.1688848286867141,augmentation_no_aug,5,cv_results_summary_raw.csv,raw,No augmentation
P3_mba_presence,MBA Presence,Spectrum-KAN,p1,0.9392856716213076,0.0495600116860338,0.9529954698915828,0.0329461005195959,0.9523511356660528,0.0410447494457692,89.48724403232336,17.897448806464674,0.1243275851011276,augmentation_no_aug,5,cv_results_summary_p1.csv,p1,No augmentation
P3_mba_presence,MBA Presence,1D-CNN,p1,0.9306278306176694,0.0233118868895422,0.9152809427380808,0.0330043077792265,0.9511724984653162,0.0153834339616956,100.07205142080784,20.014410284161567,0.1119959503412246,augmentation_no_aug,5,cv_results_summary_p1.csv,p1,No augmentation
P3_mba_presence,MBA Presence,KAN-CNN,p1,0.9170103315551504,0.0321331235369381,0.8987873243839972,0.0413304336155074,0.9423204419889504,0.0200724375097648,123.23618087917566,24.647236175835133,0.2407894656062126,augmentation_no_aug,5,cv_results_summary_p1.csv,p1,No augmentation
P3_mba_presence,MBA Presence,1D-ResNet,p1,0.9139204737063724,0.0359709430436119,0.8894306329291901,0.0455184588820347,0.9411724984653164,0.0231188455725037,91.0831279233098,18.21662558466196,0.1819322854280471,augmentation_no_aug,5,cv_results_summary_p1.csv,p1,No augmentation
P3_mba_presence,MBA Presence,RamanNet-Lite,p1,0.9030994519587578,0.0455426839915294,0.9350358676449324,0.0388024670098549,0.9222467771639042,0.0379288624727651,13.706993728876114,2.7413987457752227,0.1804090589284896,augmentation_no_aug,5,cv_results_summary_p1.csv,p1,No augmentation
P3_mba_presence,MBA Presence,RamanNet-Lite,raw,0.7633076680205937,0.0412137684812129,0.7369863005086227,0.0342403682053635,0.8446654389195827,0.0334314905403598,35.01403692364693,7.002807384729385,0.2508903667330742,augmentation_no_aug,5,cv_results_summary_raw.csv,raw,No augmentation
P3_mba_presence,MBA Presence,1D-CNN,raw,0.6530068665820868,0.0233119332728333,0.7017303745312573,0.0183431544453594,0.6947882136279926,0.0301049853251011,60.00817497819662,12.001634995639323,0.1822621673345565,augmentation_no_aug,5,cv_results_summary_raw.csv,raw,No augmentation
P3_mba_presence,MBA Presence,KAN-CNN,raw,0.6385989279193507,0.034008385653506,0.671029933808749,0.0493162485799564,0.6970288520564764,0.027275528197432,46.32319436222315,9.26463887244463,0.2523304373025894,augmentation_no_aug,5,cv_results_summary_raw.csv,raw,No augmentation
P3_mba_presence,MBA Presence,Spectrum-KAN,raw,0.6189140975066252,0.0288651746912763,0.6435113398455785,0.0225417779324268,0.6803130755064457,0.0403479132242709,31.826548039913177,6.365309607982636,0.1747215837240219,augmentation_no_aug,5,cv_results_summary_raw.csv,raw,No augmentation
P3_mba_presence,MBA Presence,1D-ResNet,raw,0.59181461930783,0.1600841590822154,0.626593139566319,0.147674357321323,0.7824739103744628,0.0299208806475529,46.47650181502104,9.295300363004207,0.2270354852080345,augmentation_no_aug,5,cv_results_summary_raw.csv,raw,No augmentation
G1_thiram_molar_grade,Thiram Positive Molar Grade,RamanNet-Lite,p1,0.996963784507791,0.0041637662631185,0.9970664087685364,0.0040206217181032,0.9969348209042864,0.0041972206780104,158.86667919903994,31.773335839807988,0.1059765517711639,augmentation_aug_no_mixup,5,cv_results_summary_p1.csv,p1,"Augmented, no mixup"
G1_thiram_molar_grade,Thiram Positive Molar Grade,Spectrum-KAN,p1,0.9920191710719836,0.0097424269671162,0.9919449469281496,0.0100730655837349,0.9922953978273634,0.0094213417866801,335.2529970109463,67.05059940218925,0.1074526384472847,augmentation_aug_no_mixup,5,cv_results_summary_p1.csv,p1,"Augmented, no mixup"
G1_thiram_molar_grade,Thiram Positive Molar Grade,1D-ResNet,raw,0.9459238001785412,0.0162981800396699,0.942457980264592,0.0169422390705266,0.9446473135642982,0.0165219578310845,553.665079370141,110.7330158740282,0.1847321540117263,augmentation_aug_no_mixup,5,cv_results_summary_raw.csv,raw,"Augmented, no mixup"
G1_thiram_molar_grade,Thiram Positive Molar Grade,1D-CNN,p1,0.9331877113824942,0.0201595941185698,0.9310621758599996,0.0235805919667748,0.9321841970052848,0.0203888511410107,259.49995555728674,51.89999111145735,0.1062376648187637,augmentation_aug_no_mixup,5,cv_results_summary_p1.csv,p1,"Augmented, no mixup"
G1_thiram_molar_grade,Thiram Positive Molar Grade,1D-ResNet,p1,0.9285320960306817,0.0335426146548145,0.9288086911240424,0.0380674516297024,0.9291911332941868,0.0341958961550359,218.3865195587277,43.67730391174555,0.2581794187426567,augmentation_aug_no_mixup,5,cv_results_summary_p1.csv,p1,"Augmented, no mixup"
G1_thiram_molar_grade,Thiram Positive Molar Grade,RamanNet-Lite,raw,0.9230647473830624,0.026468542381762,0.9183688729371332,0.0281435760876342,0.9200671608925426,0.0274070728874329,241.60913974046707,48.32182794809341,0.0924352407455444,augmentation_aug_no_mixup,5,cv_results_summary_raw.csv,raw,"Augmented, no mixup"
G1_thiram_molar_grade,Thiram Positive Molar Grade,KAN-CNN,p1,0.8949608937865572,0.0322394433726804,0.8929768634088464,0.0325345996864448,0.8936947665883734,0.03400950094119,282.4970695152879,56.49941390305757,0.1063561290502548,augmentation_aug_no_mixup,5,cv_results_summary_p1.csv,p1,"Augmented, no mixup"
G1_thiram_molar_grade,Thiram Positive Molar Grade,Spectrum-KAN,raw,0.8831578427936171,0.0265398599987077,0.8784158784405875,0.0273360506930913,0.8784644744568408,0.0279035617289618,351.4499444514513,70.28998889029026,0.1130651086568832,augmentation_aug_no_mixup,5,cv_results_summary_raw.csv,raw,"Augmented, no mixup"
G1_thiram_molar_grade,Thiram Positive Molar Grade,KAN-CNN,raw,0.8587271742868257,0.0410183236792127,0.8567987921973023,0.040621251242864,0.8570915296535526,0.0401569389789471,498.3823527470231,99.67647054940464,0.2272062972187996,augmentation_aug_no_mixup,5,cv_results_summary_raw.csv,raw,"Augmented, no mixup"
G1_thiram_molar_grade,Thiram Positive Molar Grade,1D-CNN,raw,0.842731319889307,0.078652143811776,0.8372497825299812,0.0781356529454507,0.8385136523781561,0.080050804360419,487.9219161719084,97.58438323438168,0.2483659833669662,augmentation_aug_no_mixup,5,cv_results_summary_raw.csv,raw,"Augmented, no mixup"
G2_mg_molar_grade,MG Positive Molar Grade,1D-ResNet,p1,0.7693155442680457,0.0442812277005236,0.7746475657464569,0.0413525420109348,0.7732211538461538,0.0415259117883289,125.01753048598766,25.003506097197533,0.0839726403355598,augmentation_aug_no_mixup,5,cv_results_summary_p1.csv,p1,"Augmented, no mixup"
G2_mg_molar_grade,MG Positive Molar Grade,RamanNet-Lite,p1,0.7674604967925033,0.0373035991358496,0.7680274965322134,0.0408620567736618,0.765625,0.0383690293718883,71.78110051900148,14.356220103800297,0.1967056840658188,augmentation_aug_no_mixup,5,cv_results_summary_p1.csv,p1,"Augmented, no mixup"
G2_mg_molar_grade,MG Positive Molar Grade,1D-ResNet,raw,0.6960202998083371,0.0365900840429329,0.6903272752977287,0.0380746131059053,0.6914182692307692,0.0358329937902471,200.7830586954952,40.15661173909903,0.1945453062653541,augmentation_aug_no_mixup,5,cv_results_summary_raw.csv,raw,"Augmented, no mixup"
G2_mg_molar_grade,MG Positive Molar Grade,1D-CNN,p1,0.6772999720686804,0.0499893256379279,0.6947661671946946,0.04413142474212,0.6942788461538462,0.0404876490134107,145.61175376176834,29.122350752353668,0.0986872613430023,augmentation_aug_no_mixup,5,cv_results_summary_p1.csv,p1,"Augmented, no mixup"
G2_mg_molar_grade,MG Positive Molar Grade,KAN-CNN,p1,0.6474655898811633,0.0307265058511664,0.6519080917730646,0.0310068984108013,0.6528365384615384,0.0313425036218235,146.1967492327094,29.23934984654188,0.1505474373698234,augmentation_aug_no_mixup,5,cv_results_summary_p1.csv,p1,"Augmented, no mixup"
G2_mg_molar_grade,MG Positive Molar Grade,1D-CNN,raw,0.6364864524440363,0.0707905345260806,0.6430545017025151,0.0486041242081789,0.6481971153846153,0.0414363743410074,201.4729799628257,40.29459599256516,0.2217701375484466,augmentation_aug_no_mixup,5,cv_results_summary_raw.csv,raw,"Augmented, no mixup"
G2_mg_molar_grade,MG Positive Molar Grade,KAN-CNN,raw,0.5899272260342862,0.084202637292952,0.6090808633472015,0.0569559481773725,0.620625,0.050702466480917,165.9221492409706,33.18442984819412,0.1071958094835281,augmentation_aug_no_mixup,5,cv_results_summary_raw.csv,raw,"Augmented, no mixup"
G2_mg_molar_grade,MG Positive Molar Grade,RamanNet-Lite,raw,0.5636878040992392,0.0559001644707135,0.6081114844476141,0.0358312132339673,0.6235576923076923,0.0361984432386173,64.60239778459072,12.920479556918144,0.0183648020029068,augmentation_aug_no_mixup,5,cv_results_summary_raw.csv,raw,"Augmented, no mixup"
G2_mg_molar_grade,MG Positive Molar Grade,Spectrum-KAN,p1,0.4719015060511098,0.052053575911541,0.4937147869172638,0.0523406336160176,0.4951201923076923,0.0517159161994698,87.04035677015781,17.408071354031563,0.1237819790840148,augmentation_aug_no_mixup,5,cv_results_summary_p1.csv,p1,"Augmented, no mixup"
G2_mg_molar_grade,MG Positive Molar Grade,Spectrum-KAN,raw,0.47184803972934,0.044646333473523,0.5165573528025182,0.0514749243511466,0.5295192307692307,0.0585706377000602,102.06660240888596,20.41332048177719,0.2116045281291008,augmentation_aug_no_mixup,5,cv_results_summary_raw.csv,raw,"Augmented, no mixup"
G3_mba_molar_grade,MBA Positive Molar Grade,RamanNet-Lite,p1,0.887933080877841,0.019633101464902,0.8887757813924368,0.0202950237403546,0.888294133549608,0.0197890214011319,89.30927783250809,17.861855566501617,0.348059244453907,augmentation_aug_no_mixup,5,cv_results_summary_p1.csv,p1,"Augmented, no mixup"
G3_mba_molar_grade,MBA Positive Molar Grade,Spectrum-KAN,p1,0.8657909619673523,0.0430316955954237,0.8672021131363257,0.0391892100700696,0.8664179507975127,0.0400138020116987,167.41547639667988,33.48309527933598,0.0602033957839012,augmentation_aug_no_mixup,5,cv_results_summary_p1.csv,p1,"Augmented, no mixup"
G3_mba_molar_grade,MBA Positive Molar Grade,1D-ResNet,p1,0.787166834840528,0.0734460503437425,0.7853061410308145,0.0728788064650918,0.7851527439848608,0.0731253248298603,126.03495172411203,25.206990344822408,0.1949929445981979,augmentation_aug_no_mixup,5,cv_results_summary_p1.csv,p1,"Augmented, no mixup"
G3_mba_molar_grade,MBA Positive Molar Grade,RamanNet-Lite,raw,0.7561102488847476,0.0366259306625554,0.7600160009260111,0.0342102697699524,0.7575020275750204,0.0335497931683203,83.85249032080173,16.770498064160346,0.1117010340094566,augmentation_aug_no_mixup,5,cv_results_summary_raw.csv,raw,"Augmented, no mixup"
G3_mba_molar_grade,MBA Positive Molar Grade,Spectrum-KAN,raw,0.6925813185427583,0.0865108826731867,0.711031457067212,0.0688864121535213,0.7089375506893755,0.0714337175287169,165.91294959932566,33.18258991986513,0.1499220952391624,augmentation_aug_no_mixup,5,cv_results_summary_raw.csv,raw,"Augmented, no mixup"
G3_mba_molar_grade,MBA Positive Molar Grade,KAN-CNN,p1,0.6771616011615584,0.0478614404094487,0.6875216745907106,0.0432801183374493,0.688477967018113,0.0444126397674523,207.78790543228388,41.55758108645678,0.2087204679846763,augmentation_aug_no_mixup,5,cv_results_summary_p1.csv,p1,"Augmented, no mixup"
G3_mba_molar_grade,MBA Positive Molar Grade,1D-ResNet,raw,0.6750592418431387,0.2038268703352344,0.6963877145339186,0.16252382287104,0.6968477967018113,0.1591810139381694,155.5772536173463,31.11545072346926,0.1844519823789596,augmentation_aug_no_mixup,5,cv_results_summary_raw.csv,raw,"Augmented, no mixup"
G3_mba_molar_grade,MBA Positive Molar Grade,1D-CNN,p1,0.6273086493637086,0.0710049564325502,0.6477651479839376,0.0561178496256366,0.6477967018113003,0.0514840475000663,159.32756423950195,31.86551284790039,0.095794104039669,augmentation_aug_no_mixup,5,cv_results_summary_p1.csv,p1,"Augmented, no mixup"
G3_mba_molar_grade,MBA Positive Molar Grade,1D-CNN,raw,0.3774569444992329,0.0321841415388386,0.4230539364487259,0.0213132244728135,0.4229251148959178,0.0194705016796042,70.59785489737988,14.119570979475975,0.0205344557762146,augmentation_aug_no_mixup,5,cv_results_summary_raw.csv,raw,"Augmented, no mixup"
G3_mba_molar_grade,MBA Positive Molar Grade,KAN-CNN,raw,0.3411979011106814,0.0659907062902437,0.4026545043693249,0.0460059759643798,0.3993511759935117,0.0472162975706052,87.61843398213387,17.523686796426773,0.0879623368382453,augmentation_aug_no_mixup,5,cv_results_summary_raw.csv,raw,"Augmented, no mixup"
P1_thiram_presence,Thiram Presence,RamanNet-Lite,p1,0.968596264315187,0.0222800330070015,0.969898537020504,0.021178618564438,0.974499693063229,0.0181651394407376,87.66022101789713,17.532044203579424,0.2619299590587616,augmentation_aug_no_mixup,5,cv_results_summary_p1.csv,p1,"Augmented, no mixup"
P1_thiram_presence,Thiram Presence,Spectrum-KAN,p1,0.9544409920622406,0.0048340624124233,0.9420687153971984,0.0116122244697346,0.964487415592388,0.0029850291384687,223.67157323658463,44.734314647316936,0.0442719161510467,augmentation_aug_no_mixup,5,cv_results_summary_p1.csv,p1,"Augmented, no mixup"
P1_thiram_presence,Thiram Presence,1D-ResNet,p1,0.935971385179896,0.0189383334876006,0.9313688351588432,0.018022394585553,0.9489686924493554,0.0157767679901246,186.55736226588488,37.311472453176975,0.1236438974738121,augmentation_aug_no_mixup,5,cv_results_summary_p1.csv,p1,"Augmented, no mixup"
P1_thiram_presence,Thiram Presence,1D-CNN,p1,0.928463316119313,0.0301299197492397,0.9290363153408748,0.0319506482836628,0.9423020257826888,0.0252809287100814,265.0302288979292,53.00604577958584,0.1680232882499694,augmentation_aug_no_mixup,5,cv_results_summary_p1.csv,p1,"Augmented, no mixup"
P1_thiram_presence,Thiram Presence,KAN-CNN,p1,0.9196639607632152,0.0319256054350517,0.918166300166573,0.0473623601115574,0.9367648864333948,0.0222903455245266,305.4913879111409,61.098277582228185,0.1740660145878791,augmentation_aug_no_mixup,5,cv_results_summary_p1.csv,p1,"Augmented, no mixup"
P1_thiram_presence,Thiram Presence,RamanNet-Lite,raw,0.8319224264536611,0.0202100154326534,0.8056015326344866,0.0286807995864395,0.8779128299570289,0.0141671620095987,206.6854924336076,41.33709848672152,0.2903989031910896,augmentation_aug_no_mixup,5,cv_results_summary_raw.csv,raw,"Augmented, no mixup"
P1_thiram_presence,Thiram Presence,1D-ResNet,raw,0.7422566605139218,0.0962366618751656,0.779234501390104,0.0786341984938509,0.7680969920196439,0.1016456131908302,205.9680132120848,41.19360264241696,0.1719987615942955,augmentation_aug_no_mixup,5,cv_results_summary_raw.csv,raw,"Augmented, no mixup"
P1_thiram_presence,Thiram Presence,1D-CNN,raw,0.6887925706407395,0.111996585101327,0.7691315149885556,0.0733624327015294,0.7015469613259668,0.1215076705567074,174.74151802062988,34.948303604125975,0.1196140572428703,augmentation_aug_no_mixup,5,cv_results_summary_raw.csv,raw,"Augmented, no mixup"
P1_thiram_presence,Thiram Presence,Spectrum-KAN,raw,0.6649881792732255,0.110108919029399,0.6829513931747097,0.0764975234976861,0.7047391037446287,0.1221468919707817,225.61636685580007,45.12327337116003,0.1659324765205383,augmentation_aug_no_mixup,5,cv_results_summary_raw.csv,raw,"Augmented, no mixup"
P1_thiram_presence,Thiram Presence,KAN-CNN,raw,0.6391660013072831,0.0338835528290072,0.7348613659718144,0.0279503782451726,0.6460036832412523,0.0390383176616853,151.1796161979437,30.235923239588736,0.1167339086532592,augmentation_aug_no_mixup,5,cv_results_summary_raw.csv,raw,"Augmented, no mixup"
P2_mg_presence,MG Presence,RamanNet-Lite,p1,0.9513130587650902,0.0088789754468343,0.946452535822021,0.0092232800516718,0.9611540822590546,0.0068048165951827,266.26982601732016,53.253965203464034,0.1834344938397407,augmentation_aug_no_mixup,5,cv_results_summary_p1.csv,p1,"Augmented, no mixup"
P2_mg_presence,MG Presence,1D-ResNet,raw,0.9352797511260884,0.0199575602186369,0.9440078242835596,0.0250427391970052,0.9467341927562922,0.0164412508598716,442.1122251600027,88.42244503200054,0.1282522678375244,augmentation_aug_no_mixup,5,cv_results_summary_raw.csv,raw,"Augmented, no mixup"
P2_mg_presence,MG Presence,KAN-CNN,p1,0.9157893311317086,0.0129300923830765,0.9132489630467572,0.0092636293890073,0.9323081645181092,0.011292386932069,378.6081214994192,75.72162429988384,0.2361892685294151,augmentation_aug_no_mixup,5,cv_results_summary_p1.csv,p1,"Augmented, no mixup"
P2_mg_presence,MG Presence,1D-CNN,p1,0.9105184942985518,0.0242128889967234,0.8980742364253395,0.0258260517599673,0.930049109883364,0.0191663028685505,329.4245007634163,65.88490015268326,0.1276953294873237,augmentation_aug_no_mixup,5,cv_results_summary_p1.csv,p1,"Augmented, no mixup"
P2_mg_presence,MG Presence,Spectrum-KAN,p1,0.9098660109477674,0.0278463523795168,0.9169716251885368,0.0201073817662492,0.92561080417434,0.024475918345924,235.6110594123602,47.12221188247204,0.1764615997672081,augmentation_aug_no_mixup,5,cv_results_summary_p1.csv,p1,"Augmented, no mixup"
P2_mg_presence,MG Presence,1D-ResNet,p1,0.9096475367650972,0.0146216069394988,0.8947030071644042,0.0221671154491008,0.9300920810313076,0.0099410703006886,247.4867995157838,49.49735990315676,0.1066697686910629,augmentation_aug_no_mixup,5,cv_results_summary_p1.csv,p1,"Augmented, no mixup"
P2_mg_presence,MG Presence,1D-CNN,raw,0.8792282153503368,0.0380796996271924,0.866083286199095,0.0531512011422863,0.9079066912216084,0.0242463205855246,479.9568175971508,95.99136351943017,0.1915965601801872,augmentation_aug_no_mixup,5,cv_results_summary_raw.csv,raw,"Augmented, no mixup"
P2_mg_presence,MG Presence,KAN-CNN,raw,0.8758927149151742,0.0299434232153826,0.8848963518099549,0.0160284667517109,0.8967587476979743,0.0296328067565404,502.5120618715882,100.50241237431764,0.1143053248524665,augmentation_aug_no_mixup,5,cv_results_summary_raw.csv,raw,"Augmented, no mixup"
P2_mg_presence,MG Presence,RamanNet-Lite,raw,0.8258168548758912,0.0082915358517908,0.7883242835595776,0.0081058654238192,0.87902394106814,0.0060624324779971,234.6831529289484,46.93663058578968,0.1186990886926651,augmentation_aug_no_mixup,5,cv_results_summary_raw.csv,raw,"Augmented, no mixup"
P2_mg_presence,MG Presence,Spectrum-KAN,raw,0.810970643995328,0.0280918186932301,0.7782745569381598,0.0326150126041033,0.8679373848987109,0.0162409669180454,469.8030679002404,93.96061358004808,0.1717870905995369,augmentation_aug_no_mixup,5,cv_results_summary_raw.csv,raw,"Augmented, no mixup"
P3_mba_presence,MBA Presence,RamanNet-Lite,p1,0.9555940056048096,0.0252498831947569,0.9741329209025696,0.0168201753319421,0.9655739717618173,0.0205829954091277,121.02806501090528,24.205613002181053,0.1946502774953842,augmentation_aug_no_mixup,5,cv_results_summary_p1.csv,p1,"Augmented, no mixup"
P3_mba_presence,MBA Presence,1D-ResNet,raw,0.9400797871475725,0.0150312186011849,0.9312259584471434,0.0204547861277711,0.9567157765500308,0.0106805043619082,481.89638029038906,96.3792760580778,0.168834738433361,augmentation_aug_no_mixup,5,cv_results_summary_raw.csv,raw,"Augmented, no mixup"
P3_mba_presence,MBA Presence,1D-CNN,p1,0.9274105068866032,0.0156232645308386,0.9090989279429272,0.0200909884637808,0.948950276243094,0.0106552471199446,310.29880126565695,62.05976025313139,0.2706058174371719,augmentation_aug_no_mixup,5,cv_results_summary_p1.csv,p1,"Augmented, no mixup"
P3_mba_presence,MBA Presence,1D-ResNet,p1,0.9138593356268344,0.0368545135674933,0.8848521027624745,0.0480979245238693,0.9422713321055862,0.0224663186741495,182.3987976014614,36.47975952029228,0.1925256699323654,augmentation_aug_no_mixup,5,cv_results_summary_p1.csv,p1,"Augmented, no mixup"
P3_mba_presence,MBA Presence,Spectrum-KAN,p1,0.9112709944558702,0.0694111408060155,0.9397931159041328,0.0499929260621381,0.9279312461632904,0.0577818070792084,180.2497588545084,36.04995177090168,0.1265238523483276,augmentation_aug_no_mixup,5,cv_results_summary_p1.csv,p1,"Augmented, no mixup"
P3_mba_presence,MBA Presence,KAN-CNN,p1,0.8722712353964102,0.0333196476225014,0.8327232090039762,0.0379230952020232,0.9178637200736648,0.0173313173428692,417.7019395828247,83.54038791656494,0.1200117766857147,augmentation_aug_no_mixup,5,cv_results_summary_p1.csv,p1,"Augmented, no mixup"
P3_mba_presence,MBA Presence,RamanNet-Lite,raw,0.8055746333773988,0.0362232482555549,0.7648268430928421,0.0355210930915274,0.8801473296500921,0.0176945973777444,164.29819467663765,32.85963893532753,0.1953076273202896,augmentation_aug_no_mixup,5,cv_results_summary_raw.csv,raw,"Augmented, no mixup"
P3_mba_presence,MBA Presence,Spectrum-KAN,raw,0.7379022784066321,0.0586671119081829,0.7242862421533276,0.0466769051508328,0.8157335788827501,0.0537316142088437,158.5019330754876,31.70038661509752,0.192326582968235,augmentation_aug_no_mixup,5,cv_results_summary_raw.csv,raw,"Augmented, no mixup"
P3_mba_presence,MBA Presence,1D-CNN,raw,0.734307021524659,0.0979164689902813,0.7658382986773752,0.0925373368991518,0.7780662983425415,0.0891670380345042,253.4786763861776,50.69573527723551,0.1036801412701606,augmentation_aug_no_mixup,5,cv_results_summary_raw.csv,raw,"Augmented, no mixup"
P3_mba_presence,MBA Presence,KAN-CNN,raw,0.6233961292737636,0.0325548282706821,0.6268864049308795,0.039131310568803,0.7203130755064457,0.0261945170550677,124.26693242788316,24.853386485576628,0.0429870039224624,augmentation_aug_no_mixup,5,cv_results_summary_raw.csv,raw,"Augmented, no mixup"
G1_thiram_molar_grade,Thiram Positive Molar Grade,RamanNet-Lite,p1,0.9984173532560628,0.0035389057038119,0.998581560283688,0.0031717276276592,0.9984615384615384,0.0034401045807689,131.47807448357344,26.29561489671469,0.1002305969595909,augmentation_composition_mixup,5,cv_results_summary_p1.csv,p1,Composition mixup
G1_thiram_molar_grade,Thiram Positive Molar Grade,Spectrum-KAN,p1,0.9937371667337128,0.0085769872241512,0.9939594592401448,0.0082889180692315,0.993798076923077,0.0084927581837732,394.6315381526947,78.92630763053894,0.1751465797424316,augmentation_composition_mixup,5,cv_results_summary_p1.csv,p1,Composition mixup
G1_thiram_molar_grade,Thiram Positive Molar Grade,1D-ResNet,raw,0.961933910336683,0.0326723340303533,0.9588947189122464,0.0346872887736255,0.9615362595419849,0.0335037833920221,642.359951004386,128.4719902008772,0.1869445368647575,augmentation_composition_mixup,5,cv_results_summary_raw.csv,raw,Composition mixup
G1_thiram_molar_grade,Thiram Positive Molar Grade,1D-CNN,raw,0.9436339618657532,0.0180405152871834,0.9399130947872368,0.0194566117156044,0.9430372871403406,0.0185888760958533,671.7201248779893,134.34402497559785,0.2480961233377456,augmentation_composition_mixup,5,cv_results_summary_raw.csv,raw,Composition mixup
G1_thiram_molar_grade,Thiram Positive Molar Grade,1D-ResNet,p1,0.9427736830438064,0.0119928182576954,0.9435495004785136,0.0139584365379107,0.9430367366412212,0.0119451961539068,237.7993969097733,47.55987938195467,0.1530430987477302,augmentation_composition_mixup,5,cv_results_summary_p1.csv,p1,Composition mixup
G1_thiram_molar_grade,Thiram Positive Molar Grade,RamanNet-Lite,raw,0.9383745649295244,0.0159287890676256,0.9346848075223362,0.0171108408779795,0.9369304169113328,0.0174167787939422,352.6709693223238,70.53419386446475,0.0976272001862526,augmentation_composition_mixup,5,cv_results_summary_raw.csv,raw,Composition mixup
G1_thiram_molar_grade,Thiram Positive Molar Grade,Spectrum-KAN,raw,0.9066040374794988,0.077532926274087,0.9029155826717782,0.0818559835520165,0.9025453244274808,0.0830837693205994,547.5229610651731,109.50459221303464,0.2082010209560394,augmentation_composition_mixup,5,cv_results_summary_raw.csv,raw,Composition mixup
G1_thiram_molar_grade,Thiram Positive Molar Grade,KAN-CNN,p1,0.904252811401684,0.0475681982652193,0.8999401748367131,0.0488350600665221,0.9044790443335292,0.0477948681188584,364.9015509188175,72.9803101837635,0.1739796921610832,augmentation_composition_mixup,5,cv_results_summary_p1.csv,p1,Composition mixup
G1_thiram_molar_grade,Thiram Positive Molar Grade,1D-CNN,p1,0.9028242682917936,0.018620408616724,0.8974783600359334,0.0199084950317505,0.9029987522019964,0.0155666745603254,344.4108817130327,68.88217634260654,0.0387359410524368,augmentation_composition_mixup,5,cv_results_summary_p1.csv,p1,Composition mixup
G1_thiram_molar_grade,Thiram Positive Molar Grade,KAN-CNN,raw,0.8354457079524771,0.0890923156278868,0.8375868729937818,0.0834948573496819,0.838888358778626,0.0818886009730703,560.3288831189275,112.0657766237855,0.1179662272334098,augmentation_composition_mixup,5,cv_results_summary_raw.csv,raw,Composition mixup
G2_mg_molar_grade,MG Positive Molar Grade,RamanNet-Lite,p1,0.7665719988511955,0.020600057118107,0.7653662090596601,0.0213607188552398,0.7654086538461538,0.0203406439073006,70.92515484243631,14.185030968487265,0.0935412943363189,augmentation_composition_mixup,5,cv_results_summary_p1.csv,p1,Composition mixup
G2_mg_molar_grade,MG Positive Molar Grade,1D-ResNet,p1,0.7509854887932189,0.0772673035044697,0.7597756533476018,0.071102789484446,0.7560576923076923,0.0740225382477462,154.27343624830246,30.854687249660493,0.2226558774709701,augmentation_composition_mixup,5,cv_results_summary_p1.csv,p1,Composition mixup
G2_mg_molar_grade,MG Positive Molar Grade,1D-CNN,p1,0.7099192814931226,0.0333271349647575,0.718653674390453,0.027531340659934,0.7176442307692307,0.0294584456224547,180.8990260213613,36.17980520427227,0.1023242324590683,augmentation_composition_mixup,5,cv_results_summary_p1.csv,p1,Composition mixup
G2_mg_molar_grade,MG Positive Molar Grade,KAN-CNN,p1,0.6784322857095322,0.0457292327757962,0.6814468947877044,0.0488000810277741,0.6805288461538461,0.0462070256527571,211.826237462461,42.3652474924922,0.0537720248103141,augmentation_composition_mixup,5,cv_results_summary_p1.csv,p1,Composition mixup
G2_mg_molar_grade,MG Positive Molar Grade,1D-ResNet,raw,0.6763454487468331,0.0337049704052371,0.6717504667324297,0.0360509716355658,0.6729086538461538,0.0371613546148701,172.5664070546627,34.51328141093254,0.1279109120368957,augmentation_composition_mixup,5,cv_results_summary_raw.csv,raw,Composition mixup
G2_mg_molar_grade,MG Positive Molar Grade,1D-CNN,raw,0.6130360591294794,0.0817499409056981,0.6253654145492809,0.0510767115730315,0.6327163461538461,0.0433013035512577,208.91601307690144,41.78320261538029,0.2689962759613991,augmentation_composition_mixup,5,cv_results_summary_raw.csv,raw,Composition mixup
G2_mg_molar_grade,MG Positive Molar Grade,Spectrum-KAN,raw,0.588193287280909,0.0646600632051746,0.6025605163396085,0.0554201699977517,0.6046875,0.0524838673173698,188.44192884117365,37.68838576823473,0.0502350553870201,augmentation_composition_mixup,5,cv_results_summary_raw.csv,raw,Composition mixup
G2_mg_molar_grade,MG Positive Molar Grade,KAN-CNN,raw,0.5763316896360505,0.0805612941677326,0.6113659409791854,0.04477174778152,0.6235576923076923,0.0429286812236019,176.3397008702159,35.267940174043176,0.0417376235127449,augmentation_composition_mixup,5,cv_results_summary_raw.csv,raw,Composition mixup
G2_mg_molar_grade,MG Positive Molar Grade,RamanNet-Lite,raw,0.5653516218627467,0.0414217339486538,0.6072623905707231,0.0203846306484716,0.6157692307692308,0.0124926013607013,94.89570348709822,18.979140697419645,0.1828160658478737,augmentation_composition_mixup,5,cv_results_summary_raw.csv,raw,Composition mixup
G2_mg_molar_grade,MG Positive Molar Grade,Spectrum-KAN,p1,0.4804138306560592,0.0368780306227011,0.5039665699703673,0.0385654432019647,0.5044951923076922,0.0365040086176206,115.88246749341488,23.176493498682976,0.1178589686751365,augmentation_composition_mixup,5,cv_results_summary_p1.csv,p1,Composition mixup
G3_mba_molar_grade,MBA Positive Molar Grade,RamanNet-Lite,p1,0.910158224096464,0.0247277719405771,0.9107532582600888,0.0242075719845555,0.9103000811030008,0.0240454858619291,87.68596474081278,17.537192948162556,0.1030962839722633,augmentation_composition_mixup,5,cv_results_summary_p1.csv,p1,Composition mixup
G3_mba_molar_grade,MBA Positive Molar Grade,Spectrum-KAN,p1,0.8909953324796438,0.0415937412092995,0.891186279245785,0.0419127809791588,0.8911273317112733,0.0418580122263977,181.3986841067672,36.27973682135344,0.0990350395441055,augmentation_composition_mixup,5,cv_results_summary_p1.csv,p1,Composition mixup
G3_mba_molar_grade,MBA Positive Molar Grade,1D-ResNet,p1,0.778734004221162,0.0753369122590669,0.7762249360777855,0.0779892693709536,0.7765233846985672,0.0788590853201255,162.0185346379876,32.403706927597526,0.0551538839936256,augmentation_composition_mixup,5,cv_results_summary_p1.csv,p1,Composition mixup
G3_mba_molar_grade,MBA Positive Molar Grade,1D-CNN,p1,0.7453593641001264,0.0483353295542853,0.7445978693488536,0.0481099232061477,0.7444931062449311,0.049374368904531,198.48322678357363,39.696645356714725,0.1193437725305557,augmentation_composition_mixup,5,cv_results_summary_p1.csv,p1,Composition mixup
G3_mba_molar_grade,MBA Positive Molar Grade,RamanNet-Lite,raw,0.7387199914387452,0.0994455200918111,0.7461813590877979,0.0851330529068042,0.7469370100027034,0.0859706396811654,106.78371773660184,21.356743547320367,0.0406962037086486,augmentation_composition_mixup,5,cv_results_summary_raw.csv,raw,Composition mixup
G3_mba_molar_grade,MBA Positive Molar Grade,1D-ResNet,raw,0.723286577924365,0.1957351527140876,0.7414387389444937,0.1623003194442888,0.7375615031089484,0.1686121933270343,188.45170514285564,37.690341028571126,0.2244829833507537,augmentation_composition_mixup,5,cv_results_summary_raw.csv,raw,Composition mixup
G3_mba_molar_grade,MBA Positive Molar Grade,KAN-CNN,p1,0.7103749655466381,0.0330389958973481,0.715923403733786,0.0322394383383023,0.7164530954311976,0.0337500977703502,217.27974574267864,43.45594914853573,0.0394555181264877,augmentation_composition_mixup,5,cv_results_summary_p1.csv,p1,Composition mixup
G3_mba_molar_grade,MBA Positive Molar Grade,Spectrum-KAN,raw,0.6864907249928921,0.0554381070846457,0.6933074594955283,0.055612009975562,0.6931819410651527,0.0531832696777621,186.49638799577951,37.2992775991559,0.1856199130415916,augmentation_composition_mixup,5,cv_results_summary_raw.csv,raw,Composition mixup
G3_mba_molar_grade,MBA Positive Molar Grade,1D-CNN,raw,0.422843743219749,0.072311285299704,0.4605147923092117,0.0482015216448225,0.4581346309813462,0.0525911587278006,108.64960994571447,21.72992198914289,0.1024016663432121,augmentation_composition_mixup,5,cv_results_summary_raw.csv,raw,Composition mixup
G3_mba_molar_grade,MBA Positive Molar Grade,KAN-CNN,raw,0.2459500079894394,0.1137607750395857,0.3461539836692043,0.0683739447992224,0.3433576642335766,0.0744602759152611,111.71610026061536,22.34322005212307,0.2469880878925323,augmentation_composition_mixup,5,cv_results_summary_raw.csv,raw,Composition mixup
P1_thiram_presence,Thiram Presence,RamanNet-Lite,p1,0.96083082447715,0.0178832889337116,0.95732181017592,0.0211925233163962,0.968925721301412,0.013937237999815,105.05174340307713,21.010348680615422,0.0296569168567657,augmentation_composition_mixup,5,cv_results_summary_p1.csv,p1,Composition mixup
P1_thiram_presence,Thiram Presence,Spectrum-KAN,p1,0.9478460736455276,0.0387643561345521,0.9436007177459944,0.0294929151000752,0.9578882750153468,0.033000584960106,208.9699143245816,41.79398286491632,0.1152288094162941,augmentation_composition_mixup,5,cv_results_summary_p1.csv,p1,Composition mixup
P1_thiram_presence,Thiram Presence,1D-CNN,p1,0.938880726411868,0.0238183973341608,0.9455154207161433,0.0238073791615804,0.9500798035604664,0.0195294849148688,281.5340436398983,56.30680872797966,0.2394716441631317,augmentation_composition_mixup,5,cv_results_summary_p1.csv,p1,Composition mixup
P1_thiram_presence,Thiram Presence,1D-ResNet,p1,0.9101341896754278,0.055660227599508,0.9175846364309084,0.0335226750117663,0.9245058317986494,0.0528216361615538,240.5830681100488,48.11661362200975,0.2101068347692489,augmentation_composition_mixup,5,cv_results_summary_p1.csv,p1,Composition mixup
P1_thiram_presence,Thiram Presence,KAN-CNN,p1,0.9014283506062803,0.0166989617390685,0.9029740962077726,0.0157417171824116,0.9201043585021486,0.0172845331964981,326.60334334522486,65.32066866904498,0.0913373380899429,augmentation_composition_mixup,5,cv_results_summary_p1.csv,p1,Composition mixup
P1_thiram_presence,Thiram Presence,RamanNet-Lite,raw,0.872867317408945,0.0189791739467374,0.8645349458338826,0.0390654179364037,0.90122160834868,0.0163790301893929,257.098257355392,51.4196514710784,0.0998821780085563,augmentation_composition_mixup,5,cv_results_summary_raw.csv,raw,Composition mixup
P1_thiram_presence,Thiram Presence,Spectrum-KAN,raw,0.828645846684976,0.0784029132884837,0.8563577510275984,0.0855011774918511,0.8523818293431553,0.0773494596812922,628.2332244738936,125.64664489477872,0.1704412996768951,augmentation_composition_mixup,5,cv_results_summary_raw.csv,raw,Composition mixup
P1_thiram_presence,Thiram Presence,1D-ResNet,raw,0.7794814379057573,0.1098390957493751,0.8123806042308293,0.0798183714314674,0.8048680171884591,0.1184762469826172,321.7340591996908,64.34681183993817,0.3236600086092949,augmentation_composition_mixup,5,cv_results_summary_raw.csv,raw,Composition mixup
P1_thiram_presence,Thiram Presence,1D-CNN,raw,0.6836191821551137,0.0881251551386914,0.7350393606870229,0.0276573699768458,0.7091405770411295,0.1102188370928158,244.2499792724848,48.84999585449695,0.0413997322320938,augmentation_composition_mixup,5,cv_results_summary_raw.csv,raw,Composition mixup
P1_thiram_presence,Thiram Presence,KAN-CNN,raw,0.642714440116714,0.1064577843421858,0.7450794370229008,0.0773408306864239,0.6479680785758134,0.1129132263200297,239.3462736532092,47.86925473064184,0.1079477369785308,augmentation_composition_mixup,5,cv_results_summary_raw.csv,raw,Composition mixup
P2_mg_presence,MG Presence,RamanNet-Lite,p1,0.946523791999379,0.0186885722434333,0.9469909973604826,0.0162606824919191,0.956734192756292,0.0153191370616181,176.11159740388393,35.22231948077679,0.2508647739887237,augmentation_composition_mixup,5,cv_results_summary_p1.csv,p1,Composition mixup
P2_mg_presence,MG Presence,Spectrum-KAN,p1,0.9285319533710532,0.0199991410105733,0.9273138668929112,0.0159241937122243,0.9423081645181092,0.0168159701662972,285.0754137560725,57.01508275121451,0.0397313758730888,augmentation_composition_mixup,5,cv_results_summary_p1.csv,p1,Composition mixup
P2_mg_presence,MG Presence,1D-ResNet,p1,0.9250560927106706,0.0113661466469005,0.9142928450226244,0.0173679181958143,0.9411909146715776,0.0082679730696274,256.01685167104006,51.20337033420801,0.1311259269714355,augmentation_composition_mixup,5,cv_results_summary_p1.csv,p1,Composition mixup
P2_mg_presence,MG Presence,KAN-CNN,p1,0.9178413901947738,0.0105041705085471,0.9127255373303168,0.0181787942545691,0.9345242480049112,0.0090573239443855,446.0293467640877,89.20586935281753,0.1141188964247703,augmentation_composition_mixup,5,cv_results_summary_p1.csv,p1,Composition mixup
P2_mg_presence,MG Presence,1D-CNN,p1,0.9138307141145672,0.0237734058533908,0.8982775263951736,0.0284715428499238,0.9334069981583794,0.018002811075116,295.2477549165488,59.04955098330974,0.3231698349118233,augmentation_composition_mixup,5,cv_results_summary_p1.csv,p1,Composition mixup
P2_mg_presence,MG Presence,1D-ResNet,raw,0.9116451830244638,0.0419752847976999,0.919609681372549,0.0489847626854023,0.9278698588090852,0.0323553288378561,320.84012050926685,64.16802410185338,0.0997547507286071,augmentation_composition_mixup,5,cv_results_summary_raw.csv,raw,Composition mixup
P2_mg_presence,MG Presence,KAN-CNN,raw,0.8799054478808784,0.0719487360140087,0.8902175716440424,0.0770340235019764,0.901246163290362,0.0571838345115447,634.2057903707027,126.84115807414057,0.1130637153983116,augmentation_composition_mixup,5,cv_results_summary_raw.csv,raw,Composition mixup
P2_mg_presence,MG Presence,1D-CNN,raw,0.8513822359015734,0.0540128890353211,0.860175810708899,0.0545439153854203,0.8768139963167588,0.0458406321998466,308.9426783025265,61.788535660505296,0.1735067069530487,augmentation_composition_mixup,5,cv_results_summary_raw.csv,raw,Composition mixup
P2_mg_presence,MG Presence,RamanNet-Lite,raw,0.8343918371044392,0.0100281516705055,0.7985158371040725,0.0111891678658032,0.8834683855125844,0.0053925567474664,319.6988642662764,63.93977285325527,0.1048116013407707,augmentation_composition_mixup,5,cv_results_summary_raw.csv,raw,Composition mixup
P2_mg_presence,MG Presence,Spectrum-KAN,raw,0.8292566992601582,0.0139887394644457,0.7954510746606335,0.0146197303653478,0.8790116635972989,0.0092993585364104,724.7037642002106,144.9407528400421,0.2516452819108963,augmentation_composition_mixup,5,cv_results_summary_raw.csv,raw,Composition mixup
P3_mba_presence,MBA Presence,Spectrum-KAN,p1,0.9803226995739532,0.0120273392959349,0.9811112997227408,0.0184475659294098,0.9855678330263966,0.0084315313116567,219.2507453486324,43.85014906972647,0.2237957045435905,augmentation_composition_mixup,5,cv_results_summary_p1.csv,p1,Composition mixup
P3_mba_presence,MBA Presence,RamanNet-Lite,p1,0.952754231642559,0.0166088310808213,0.9741761758363354,0.0105336848074201,0.9633824432166972,0.0133442680647342,112.71043486893176,22.54208697378636,0.2628836408257484,augmentation_composition_mixup,5,cv_results_summary_p1.csv,p1,Composition mixup
P3_mba_presence,MBA Presence,1D-CNN,p1,0.9333402964571532,0.0192237530167852,0.9149527213514652,0.0300881169659683,0.9534008594229588,0.0120719718723447,296.39336328953505,59.27867265790701,0.1875254660844802,augmentation_composition_mixup,5,cv_results_summary_p1.csv,p1,Composition mixup
P3_mba_presence,MBA Presence,1D-ResNet,raw,0.9304196181819424,0.0501118706918552,0.9174477588651752,0.0466065090680713,0.95012277470841,0.0370163073511636,519.8614155501127,103.97228311002254,0.0492728278040885,augmentation_composition_mixup,5,cv_results_summary_raw.csv,raw,Composition mixup
P3_mba_presence,MBA Presence,1D-ResNet,p1,0.9253798823816048,0.0237158761845215,0.9009884192459306,0.0355523673975258,0.948962553713935,0.0142811943755696,249.26863150298595,49.85372630059719,0.1723583787679672,augmentation_composition_mixup,5,cv_results_summary_p1.csv,p1,Composition mixup
P3_mba_presence,MBA Presence,KAN-CNN,p1,0.9036889118250664,0.034361970753216,0.8738841364473686,0.04393824731091,0.9356537753222836,0.0201131733870005,411.69865514338017,82.33973102867603,0.1782185509800911,augmentation_composition_mixup,5,cv_results_summary_p1.csv,p1,Composition mixup
P3_mba_presence,MBA Presence,RamanNet-Lite,raw,0.8211323737254007,0.0433161764683334,0.7821800732384674,0.0441558348372971,0.8879005524861878,0.0223699890255185,209.55280285328627,41.91056057065725,0.10662093013525,augmentation_composition_mixup,5,cv_results_summary_raw.csv,raw,Composition mixup
P3_mba_presence,MBA Presence,Spectrum-KAN,raw,0.7689141018243756,0.0706649812636071,0.7572337875444309,0.0716855940313989,0.8379005524861878,0.0550562925224584,366.5532079413533,73.31064158827067,0.2474020197987556,augmentation_composition_mixup,5,cv_results_summary_raw.csv,raw,Composition mixup
P3_mba_presence,MBA Presence,1D-CNN,raw,0.7595581182957044,0.075949001242764,0.7696186187113024,0.060465510223737,0.8125046040515654,0.0726828561551739,320.59787053614855,64.11957410722971,0.2480212971568107,augmentation_composition_mixup,5,cv_results_summary_raw.csv,raw,Composition mixup
P3_mba_presence,MBA Presence,KAN-CNN,raw,0.6672451792089428,0.120511899176259,0.6815185465244877,0.1109428366480431,0.7423511356660528,0.0958677350312151,397.2353826537728,79.44707653075457,0.0377755835652351,augmentation_composition_mixup,5,cv_results_summary_raw.csv,raw,Composition mixup
