variant,folder_name,peak,peak_wn,n_spectra,mean_peak,std_peak,rsd_percent,has_thiram,has_mg,has_mba,peak_label
raw,K4,MG_1616,1616,21,64781.377437969095,184.43842253277336,0.2847090164289589,False,True,False,MG 1616
raw,K4m4,MG_1616,1616,14,47625.03250401285,8762.67014279475,18.39929482894613,False,True,True,MG 1616
raw,K4m4,MBA_1080,1080,14,26429.32604832978,5122.90079982303,19.38339551472133,False,True,True,4-MBA 1080
raw,K4m5,MG_1616,1616,12,48661.09199438203,7204.427703817067,14.805314489549112,False,True,True,MG 1616
raw,K4m5,MBA_1080,1080,12,21736.785065298507,3506.2230433278933,16.13036625607239,False,True,True,4-MBA 1080
raw,K4m6,MG_1616,1616,14,22024.265850722317,2536.9460687128403,11.518867806572713,False,True,True,MG 1616
raw,K4m6,MBA_1080,1080,14,10610.492434257289,856.9841129062468,8.076760981793528,False,True,True,4-MBA 1080
raw,K5,MG_1616,1616,27,1739.143074183341,820.7185375158991,47.19097293943389,False,True,False,MG 1616
raw,K5m4,MG_1616,1616,14,1524.249598715891,145.63963544521252,9.554841645876577,False,True,True,MG 1616
raw,K5m4,MBA_1080,1080,14,7870.982942430696,863.9550745969104,10.97645720891508,False,True,True,4-MBA 1080
raw,K5m5,MG_1616,1616,14,1115.7534109149278,98.6234283014929,8.83917784491654,False,True,True,MG 1616
raw,K5m5,MBA_1080,1080,14,1454.3155650319825,157.8784371804321,10.855858314145191,False,True,True,4-MBA 1080
raw,K5m6,MG_1616,1616,16,1104.7176740709938,80.35368946343013,7.27368551707142,False,True,True,MG 1616
raw,K5m6,MBA_1080,1080,16,1169.6283255597014,80.45487735587055,6.878670394492245,False,True,True,4-MBA 1080
raw,K6,MG_1616,1616,14,5169.1676347552375,1743.9371321274805,33.73729109503056,False,True,False,MG 1616
raw,K6m4,MG_1616,1616,15,2234.241198501873,197.9597840175545,8.860269166565034,False,True,True,MG 1616
raw,K6m4,MBA_1080,1080,15,8068.764510779429,664.7068947663138,8.23802570862369,False,True,True,4-MBA 1080
raw,K6m5,MG_1616,1616,15,801.8540058167514,76.37093702086399,9.524294505840148,False,True,True,MG 1616
raw,K6m5,MBA_1080,1080,15,1534.1620232172463,161.88500274849204,10.552014734989184,False,True,True,4-MBA 1080
raw,K6m6,MG_1616,1616,14,930.3238508478528,68.13507616605821,7.323801932409147,False,True,True,MG 1616
raw,K6m6,MBA_1080,1080,14,1151.5657729211089,110.8116162224839,9.62269102019198,False,True,True,4-MBA 1080
raw,m4,MBA_1080,1080,20,11375.025746268646,5060.688906110285,44.48947210313212,False,False,True,4-MBA 1080
raw,m5,MBA_1080,1080,20,5583.984452736315,1397.8139018845782,25.03255361321088,False,False,True,4-MBA 1080
raw,m6,MBA_1080,1080,21,3658.048319710968,1522.064054681055,41.60863722000581,False,False,True,4-MBA 1080
raw,美4,Thiram_1382,1382,18,27821.97783687944,11359.263151638208,40.82838113896033,True,False,False,Thiram 1382
raw,美4K4,Thiram_1382,1382,10,50549.14361702133,5920.028608098178,11.7114320530343,True,True,False,Thiram 1382
raw,美4K4,MG_1616,1616,10,6263.0511235955055,1197.7398113509998,19.12390283449257,True,True,False,MG 1616
raw,美4K4m4,Thiram_1382,1382,12,21842.120098039213,4960.3100298350455,22.70983772440816,True,True,True,Thiram 1382
raw,美4K4m4,MG_1616,1616,12,18296.422752808998,3707.09058975319,20.26128626255125,True,True,True,MG 1616
raw,美4K4m4,MBA_1080,1080,12,22109.639510779427,4422.793438550247,20.0039147467508,True,True,True,4-MBA 1080
raw,美4K4m5,Thiram_1382,1382,15,11421.58039215686,2726.195732895323,23.868813590520165,True,True,True,Thiram 1382
raw,美4K4m5,MG_1616,1616,15,10346.543820224722,2858.7982080079905,27.63046537743169,True,True,True,MG 1616
raw,美4K4m5,MBA_1080,1080,15,5361.654560530677,1098.9225092838449,20.49595879177784,True,True,True,4-MBA 1080
raw,美4K4m6,Thiram_1382,1382,15,4777.701773049646,542.181816497212,11.348172034420074,True,True,True,Thiram 1382
raw,美4K4m6,MG_1616,1616,15,1905.933042495763,243.088333660877,12.754295572868603,True,True,True,MG 1616
raw,美4K4m6,MBA_1080,1080,15,1759.6413441127693,183.09271105821725,10.40511531914105,True,True,True,4-MBA 1080
raw,美4K5,Thiram_1382,1382,13,51606.67675941087,7825.962777268927,15.164632308632047,True,True,False,Thiram 1382
raw,美4K5,MG_1616,1616,13,4430.246371370767,346.58961424565285,7.823258238760529,True,True,False,MG 1616
raw,美4K5m4,Thiram_1382,1382,16,2482.181515957447,575.2158482613048,23.173802744213408,True,True,True,Thiram 1382
raw,美4K5m4,MG_1616,1616,16,926.7135066850792,228.82449847014283,24.692043098483,True,True,True,MG 1616
raw,美4K5m4,MBA_1080,1080,16,8749.039956467648,1927.7114729007333,22.033405750715428,True,True,True,4-MBA 1080
raw,美4K5m5,Thiram_1382,1382,15,2252.542198581561,316.8621793727025,14.066869849196722,True,True,True,Thiram 1382
raw,美4K5m5,MG_1616,1616,15,932.4954982947291,176.14370340033034,18.889496380673943,True,True,True,MG 1616
raw,美4K5m5,MBA_1080,1080,15,1256.521724709784,212.09966762839352,16.879904537852834,True,True,True,4-MBA 1080
raw,美4K5m6,Thiram_1382,1382,15,7857.357446808512,448.20146245749766,5.704226458980142,True,True,True,Thiram 1382
raw,美4K5m6,MG_1616,1616,15,1413.1132257862037,139.38639797424432,9.863781290186065,True,True,True,MG 1616
raw,美4K5m6,MBA_1080,1080,15,1736.8241666666663,188.466244073816,10.85119885425838,True,True,True,4-MBA 1080
raw,美4K6,Thiram_1382,1382,11,47695.58945841396,13194.022368908743,27.66298208854864,True,True,False,Thiram 1382
raw,美4K6,MG_1616,1616,11,3945.655055038491,786.5965493767992,19.935765757636048,True,True,False,MG 1616
raw,美4K6m4,Thiram_1382,1382,14,3503.9855623100307,46.37962482752903,1.3236248838009734,True,True,True,Thiram 1382
raw,美4K6m4,MG_1616,1616,14,816.481062304402,22.32680478216861,2.734515938331058,True,True,True,MG 1616
raw,美4K6m4,MBA_1080,1080,14,8657.209310589898,130.07271688772582,1.5024785958289684,True,True,True,4-MBA 1080
raw,美4K6m5,Thiram_1382,1382,14,8181.678951367782,601.6924631951953,7.354144140483617,True,True,True,Thiram 1382
raw,美4K6m5,MG_1616,1616,14,1231.4089466180048,83.92282605145338,6.815187292730225,True,True,True,MG 1616
raw,美4K6m5,MBA_1080,1080,14,2654.8079246624,208.9408367360791,7.870280738394629,True,True,True,4-MBA 1080
raw,美4K6m6,Thiram_1382,1382,13,3490.405073649752,242.23639593856743,6.940065431582481,True,True,True,Thiram 1382
raw,美4K6m6,MG_1616,1616,13,1068.0808124459809,60.2156896254774,5.637746594059602,True,True,True,MG 1616
raw,美4K6m6,MBA_1080,1080,13,1290.5191236127057,86.87666718061848,6.7319162956232805,True,True,True,4-MBA 1080
raw,美4m4,Thiram_1382,1382,20,51295.75718085111,5997.703682773567,11.69239721255646,True,False,True,Thiram 1382
raw,美4m4,MBA_1080,1080,20,40178.017039800936,5813.6633495843525,14.469761770037708,True,False,True,4-MBA 1080
raw,美4m5,Thiram_1382,1382,19,56841.11114221727,9168.299511714422,16.12969790258886,True,False,True,Thiram 1382
raw,美4m5,MBA_1080,1080,19,12200.644671379934,2896.4654588264484,23.74026567318142,True,False,True,4-MBA 1080
raw,美4m6,Thiram_1382,1382,4,31257.53191489364,1216.9293323926954,3.893235511063658,True,False,True,Thiram 1382
raw,美4m6,MBA_1080,1080,4,5629.681592039801,189.49139845090377,3.365934562246626,True,False,True,4-MBA 1080
raw,美5,Thiram_1382,1382,20,22543.169680851075,3624.563408382723,16.078321991523442,True,False,False,Thiram 1382
raw,美5K4,Thiram_1382,1382,13,61565.98848210612,4251.377421240333,6.905399435722496,True,True,False,Thiram 1382
raw,美5K4,MG_1616,1616,13,63334.10316847172,2729.8275121212364,4.310201574749966,True,True,False,MG 1616
raw,美5K4m4,Thiram_1382,1382,14,64526.23334972285,16.42209948310356,0.0254502682561651,True,True,True,Thiram 1382
raw,美5K4m4,MG_1616,1616,14,64584.54494382023,0.0,0.0,True,True,True,MG 1616
raw,美5K4m4,MBA_1080,1080,14,57769.68994314142,8157.599713175287,14.120899248731003,True,True,True,4-MBA 1080
raw,美5K4m5,Thiram_1382,1382,18,15352.720588235275,6342.016218537012,41.30874513144512,True,True,True,Thiram 1382
raw,美5K4m5,MG_1616,1616,18,18300.70490012485,8444.439429463333,46.14270037984014,True,True,True,MG 1616
raw,美5K4m5,MBA_1080,1080,18,5558.87244333886,1665.376214652431,29.95888521687585,True,True,True,4-MBA 1080
raw,美5K4m6,Thiram_1382,1382,14,9283.03361344537,2279.1515089157992,24.55179636121019,True,True,True,Thiram 1382
raw,美5K4m6,MG_1616,1616,14,9611.437600321033,2736.3649183437005,28.46988174019153,True,True,True,MG 1616
raw,美5K4m6,MBA_1080,1080,14,3701.594811656006,642.6219178041739,17.360676964983103,True,True,True,4-MBA 1080
raw,美5K5,Thiram_1382,1382,14,5747.907372039726,735.177480850232,12.790350179031224,True,True,False,Thiram 1382
raw,美5K5,MG_1616,1616,14,5113.773675762439,707.2231635458456,13.829770505836908,True,True,False,MG 1616
raw,美5K5m4,Thiram_1382,1382,15,2000.982567224181,259.88951890094563,12.988095106769052,True,True,True,Thiram 1382
raw,美5K5m4,MG_1616,1616,15,1353.7684315694764,170.96653356267984,12.628934873630618,True,True,True,MG 1616
raw,美5K5m4,MBA_1080,1080,15,4805.627031509115,648.9217308910094,13.503372746911404,True,True,True,4-MBA 1080
raw,美5K5m5,Thiram_1382,1382,14,2850.569327731092,433.4359604158688,15.205241851137918,True,True,True,Thiram 1382
raw,美5K5m5,MG_1616,1616,14,2292.999398073837,351.1016782237853,15.311895786746277,True,True,True,MG 1616
raw,美5K5m5,MBA_1080,1080,14,2319.018123667375,272.45748115773404,11.748829316040894,True,True,True,4-MBA 1080
raw,美5K5m6,Thiram_1382,1382,15,2817.38110516934,363.8807914475986,12.915568674040903,True,True,True,Thiram 1382
raw,美5K5m6,MG_1616,1616,15,2315.237827715356,268.79729146661833,11.609921376062852,True,True,True,MG 1616
raw,美5K5m6,MBA_1080,1080,15,1580.1736343283585,123.22662495291873,7.798296483113726,True,True,True,4-MBA 1080
raw,美5K6,Thiram_1382,1382,2,4186.688829787234,444.2097456301853,10.610049222424774,True,True,False,Thiram 1382
raw,美5K6,MG_1616,1616,2,2200.0238764044943,157.7543311297167,7.170573593389134,True,True,False,MG 1616
raw,美5K6m4,Thiram_1382,1382,14,1480.583966565349,138.77149432375003,9.372754092810515,True,True,True,Thiram 1382
raw,美5K6m4,MG_1616,1616,14,974.2690923805338,55.69997171664213,5.717103431921929,True,True,True,MG 1616
raw,美5K6m4,MBA_1080,1080,14,3647.073205401558,344.6085673411392,9.44890732740848,True,True,True,4-MBA 1080
raw,美5K6m5,Thiram_1382,1382,13,1863.544822199077,168.07643349184454,9.01917847586332,True,True,True,Thiram 1382
raw,美5K6m5,MG_1616,1616,13,1122.086790147897,74.31674120414976,6.623083156905752,True,True,True,MG 1616
raw,美5K6m5,MBA_1080,1080,13,1902.8367776502091,146.3736604416809,7.692391810002537,True,True,True,4-MBA 1080
raw,美5K6m6,Thiram_1382,1382,19,1458.9526875699878,139.85208027806283,9.585785849642498,True,True,True,Thiram 1382
raw,美5K6m6,MG_1616,1616,19,1047.912548853774,65.91448839068293,6.2900752990105335,True,True,True,MG 1616
raw,美5K6m6,MBA_1080,1080,19,1133.5281153443314,84.81197502307175,7.48212363460508,True,True,True,4-MBA 1080
raw,美5m4,Thiram_1382,1382,16,2984.937167553192,513.6403420467369,17.20774385572,True,False,True,Thiram 1382
raw,美5m4,MBA_1080,1080,16,12653.292288557192,2286.084384836588,18.067111173144816,True,False,True,4-MBA 1080
raw,美5m5,Thiram_1382,1382,16,2045.748670212766,237.31001486430503,11.60015491246165,True,False,True,Thiram 1382
raw,美5m5,MBA_1080,1080,16,2576.768190298505,281.2316638757095,10.914123549589856,True,False,True,4-MBA 1080
raw,美5m6,Thiram_1382,1382,20,1706.6851063829786,111.62806604104767,6.54063632614829,True,False,True,Thiram 1382
raw,美5m6,MBA_1080,1080,20,1258.3247462686568,77.53519513424312,6.161779410614014,True,False,True,4-MBA 1080
raw,美6,Thiram_1382,1382,20,1906.1707446808512,705.1010538221999,36.990445677008566,True,False,False,Thiram 1382
raw,美6K4,Thiram_1382,1382,12,3559.6813725490133,2069.78373058302,58.1451965488948,True,True,False,Thiram 1382
raw,美6K4,MG_1616,1616,12,4541.516128146374,2764.906567760177,60.88069467868823,True,True,False,MG 1616
raw,美6K4m4,Thiram_1382,1382,12,1585.762254901959,769.3353437225612,48.51517567304728,True,True,True,Thiram 1382
raw,美6K4m4,MG_1616,1616,12,1624.6308520599257,912.9628579857064,56.19509544756761,True,True,True,MG 1616
raw,美6K4m4,MBA_1080,1080,12,4219.824626865665,1347.487185187601,31.93230298265893,True,True,True,4-MBA 1080
raw,美6K4m5,Thiram_1382,1382,12,7219.2794117646945,987.5475653609116,13.679309374722118,True,True,True,Thiram 1382
raw,美6K4m5,MG_1616,1616,12,8825.827013108616,1249.6907628952033,14.159474925568926,True,True,True,MG 1616
raw,美6K4m5,MBA_1080,1080,12,3419.64427860696,347.35490489642393,10.157632683301312,True,True,True,4-MBA 1080
raw,美6K4m6,Thiram_1382,1382,12,409.8000886524807,310.36626053738155,75.7360159579123,True,True,True,Thiram 1382
raw,美6K4m6,MG_1616,1616,12,248.8175451949033,150.5429882802699,60.50336529216492,True,True,True,MG 1616
raw,美6K4m6,MBA_1080,1080,12,625.7608364427856,563.6806835227234,90.07925243884478,True,True,True,4-MBA 1080
raw,美6K5,Thiram_1382,1382,12,861.3669691280749,586.5751535731465,68.09817123204893,True,True,False,Thiram 1382
raw,美6K5,MG_1616,1616,12,976.610843899734,720.3491650590327,73.76010307059308,True,True,False,MG 1616
raw,美6K5m4,Thiram_1382,1382,8,341.94614361701935,137.88550156695752,40.32374809332246,True,True,True,Thiram 1382
raw,美6K5m4,MG_1616,1616,8,293.1926295430296,116.88166067255403,39.865142877133685,True,True,True,MG 1616
raw,美6K5m4,MBA_1080,1080,8,1519.3861940298486,974.799067000399,64.15742559927781,True,True,True,4-MBA 1080
raw,美6K5m5,Thiram_1382,1382,12,3468.985294117641,2959.029640456745,85.29957291760135,True,True,True,Thiram 1382
raw,美6K5m5,MG_1616,1616,12,4175.520599250939,3674.402884165806,87.99867697515297,True,True,True,MG 1616
raw,美6K5m5,MBA_1080,1080,12,2579.188640132666,1684.352107934664,65.30550273546591,True,True,True,4-MBA 1080
raw,美6K5m6,Thiram_1382,1382,5,2362.888235294114,2692.5121904091197,113.95004428019324,True,True,True,Thiram 1382
raw,美6K5m6,MG_1616,1616,5,2684.946776724626,3251.863627322127,121.1146401676194,True,True,True,MG 1616
raw,美6K5m6,MBA_1080,1080,5,1470.723977611939,1502.6610302065546,102.17151913484628,True,True,True,4-MBA 1080
raw,美6K6,Thiram_1382,1382,13,693.3679118128418,643.4038098686369,92.79399852618336,True,True,False,Thiram 1382
raw,美6K6,MG_1616,1616,13,510.6542577847737,292.0674069389649,57.1947462468947,True,True,False,MG 1616
raw,美6K6m4,Thiram_1382,1382,9,792.7547281323864,755.2715039964571,95.27177539208952,True,True,True,Thiram 1382
raw,美6K6m4,MG_1616,1616,9,599.4719101123596,572.8176397576951,95.55370820466489,True,True,True,MG 1616
raw,美6K6m4,MBA_1080,1080,9,3548.153399668321,3906.35111848804,110.0953278641561,True,True,True,4-MBA 1080
raw,美6K6m5,Thiram_1382,1382,9,1205.6980948407718,945.925256122899,78.45457002632328,True,True,True,Thiram 1382
raw,美6K6m5,MG_1616,1616,9,940.6935081148569,628.9615838624231,66.86147809426875,True,True,True,MG 1616
raw,美6K6m5,MBA_1080,1080,9,4312.061359867321,4740.519590415047,109.93627397178108,True,True,True,4-MBA 1080
raw,美6K6m6,Thiram_1382,1382,14,884.6617647058812,404.9851613770392,45.77853113293333,True,True,True,Thiram 1382
raw,美6K6m6,MG_1616,1616,14,949.8059791332269,460.0211494760573,48.43317051929522,True,True,True,MG 1616
raw,美6K6m6,MBA_1080,1080,14,568.6553962331196,192.15058963430147,33.79033961642554,True,True,True,4-MBA 1080
raw,美6m4,Thiram_1382,1382,12,377.9951241134739,225.20431787784727,59.57863038737005,True,False,True,Thiram 1382
raw,美6m4,MBA_1080,1080,12,1969.10841625207,1252.5928727250014,63.61218419395826,True,False,True,4-MBA 1080
raw,美6m5,Thiram_1382,1382,12,181.33820921985637,107.16373354338673,59.09605813602157,True,False,True,Thiram 1382
raw,美6m5,MBA_1080,1080,12,654.8819340796011,546.9622238280521,83.5207379169462,True,False,True,4-MBA 1080
raw,美6m6,Thiram_1382,1382,15,704.1493742177702,687.4784702540809,97.63247620830327,True,False,True,Thiram 1382
raw,美6m6,MBA_1080,1080,15,799.0688399668319,650.403673091497,81.39519908178302,True,False,True,4-MBA 1080
p1,K4,MG_1616,1616,21,5.024232354671407,0.8448029727891908,16.81456814002071,False,True,False,MG 1616
p1,K4m4,MG_1616,1616,14,5.362964206986538,0.2183618202434223,4.071662830770976,False,True,True,MG 1616
p1,K4m4,MBA_1080,1080,14,-0.1337188198009947,0.0212248630455948,15.872756787101816,False,True,True,4-MBA 1080
p1,K4m5,MG_1616,1616,12,5.630601327771696,0.2741821713332024,4.869500704673575,False,True,True,MG 1616
p1,K4m5,MBA_1080,1080,12,-0.5309281070838273,0.0112805102147621,2.124677534350441,False,True,True,4-MBA 1080
p1,K4m6,MG_1616,1616,14,5.413743377773005,0.0699316210704911,1.2917424449338817,False,True,True,MG 1616
p1,K4m6,MBA_1080,1080,14,-0.4955503594349555,0.0072905054426467,1.4711936544571649,False,True,True,4-MBA 1080
p1,K5,MG_1616,1616,27,5.295226515715743,1.0276502754724268,19.407106993864296,False,True,False,MG 1616
p1,K5m4,MG_1616,1616,14,0.0058395207635412,0.0236706379601443,405.352406792193,False,True,True,MG 1616
p1,K5m4,MBA_1080,1080,14,6.747912837673153,0.177962010754395,2.6372897077277715,False,True,True,4-MBA 1080
p1,K5m5,MG_1616,1616,14,2.412676199481249,0.156519290005421,6.487372405757323,False,True,True,MG 1616
p1,K5m5,MBA_1080,1080,14,3.8668187500076,0.1562134561119564,4.03984428056395,False,True,True,4-MBA 1080
p1,K5m6,MG_1616,1616,16,3.44945981668596,0.1426509540531653,4.135457771188536,False,True,True,MG 1616
p1,K5m6,MBA_1080,1080,16,1.2771844280460765,0.1877086611873976,14.697067789541332,False,True,True,4-MBA 1080
p1,K6,MG_1616,1616,14,5.826580784491159,0.3916839602914134,6.72236384903431,False,True,False,MG 1616
p1,K6m4,MG_1616,1616,15,0.646660388709211,0.0667577539017499,10.323464227491048,False,True,True,MG 1616
p1,K6m4,MBA_1080,1080,15,6.560470766503129,0.1024355998449756,1.5614062388327057,False,True,True,4-MBA 1080
p1,K6m5,MG_1616,1616,15,0.0041731981457711,0.1365838448262644,3272.8818535652367,False,True,True,MG 1616
p1,K6m5,MBA_1080,1080,15,5.597882655079928,0.1293316918329104,2.31036804095108,False,True,True,4-MBA 1080
p1,K6m6,MG_1616,1616,14,1.377067986442201,0.380145918182935,27.605457531917622,False,True,True,MG 1616
p1,K6m6,MBA_1080,1080,14,2.2350523319269526,0.2308976982947371,10.330751320514649,False,True,True,4-MBA 1080
p1,m4,MBA_1080,1080,20,6.986867162009138,0.2027891982974572,2.9024338604878155,False,False,True,4-MBA 1080
p1,m5,MBA_1080,1080,20,7.911550388044626,0.2742680220757225,3.466678572763398,False,False,True,4-MBA 1080
p1,m6,MBA_1080,1080,21,3.893994785762065,1.97213100214182,50.645445375342725,False,False,True,4-MBA 1080
p1,美4,Thiram_1382,1382,18,8.166659455349903,0.2447907804795735,2.997440775116604,True,False,False,Thiram 1382
p1,美4K4,Thiram_1382,1382,10,7.536384903956159,0.122890313243364,1.6306268165636528,True,True,False,Thiram 1382
p1,美4K4,MG_1616,1616,10,-0.1212204577664564,0.2449452261839584,202.06591420061324,True,True,False,MG 1616
p1,美4K4m4,Thiram_1382,1382,12,1.616803360878844,0.7676016045774817,47.47649733732848,True,True,True,Thiram 1382
p1,美4K4m4,MG_1616,1616,12,2.911559843512157,0.4980700433917335,17.106639401610977,True,True,True,MG 1616
p1,美4K4m4,MBA_1080,1080,12,2.6728510211309087,0.6697200701512934,25.05639352349419,True,True,True,4-MBA 1080
p1,美4K4m5,Thiram_1382,1382,15,4.128784945097568,0.0666339472148811,1.6138875746967856,True,True,True,Thiram 1382
p1,美4K4m5,MG_1616,1616,15,4.640794054255522,0.2500823202335064,5.388782982174905,True,True,True,MG 1616
p1,美4K4m5,MBA_1080,1080,15,0.0599128860690716,0.0263288489973313,43.94521900844108,True,True,True,4-MBA 1080
p1,美4K4m6,Thiram_1382,1382,15,7.775700524598853,0.1360381358165166,1.7495290023857346,True,True,True,Thiram 1382
p1,美4K4m6,MG_1616,1616,15,1.1776288344736747,0.135566924945929,11.511855091975464,True,True,True,MG 1616
p1,美4K4m6,MBA_1080,1080,15,0.0757093775679986,0.0343167278451968,45.32691847106416,True,True,True,4-MBA 1080
p1,美4K5,Thiram_1382,1382,13,7.621282154251072,0.1431657031852264,1.8784989229846332,True,True,False,Thiram 1382
p1,美4K5,MG_1616,1616,13,-0.4356186686290222,0.008083861044,1.8557196066554156,True,True,False,MG 1616
p1,美4K5m4,Thiram_1382,1382,16,0.8939715127482426,0.0161779954275073,1.8096768405710173,True,True,True,Thiram 1382
p1,美4K5m4,MG_1616,1616,16,-0.2520433930872585,0.006750088933726,2.678145557018883,True,True,True,MG 1616
p1,美4K5m4,MBA_1080,1080,16,6.109258597497206,0.1065574879491657,1.7441967179588604,True,True,True,4-MBA 1080
p1,美4K5m5,Thiram_1382,1382,15,7.231612322661714,0.0715227970341191,0.9890297466581278,True,True,True,Thiram 1382
p1,美4K5m5,MG_1616,1616,15,-0.0477870855158789,0.0531719146172566,111.26837730999183,True,True,True,MG 1616
p1,美4K5m5,MBA_1080,1080,15,1.8661966221956685,0.0932162649698919,4.994986265713988,True,True,True,4-MBA 1080
p1,美4K5m6,Thiram_1382,1382,15,8.125225083210363,0.0413231324551527,0.5085783105324819,True,True,True,Thiram 1382
p1,美4K5m6,MG_1616,1616,15,-0.2128083608804997,0.0150063182537955,7.0515642297635805,True,True,True,MG 1616
p1,美4K5m6,MBA_1080,1080,15,-0.1907495250768446,0.0153965019651533,8.07158075961173,True,True,True,4-MBA 1080
p1,美4K6,Thiram_1382,1382,11,7.483068971090467,0.6084155621516028,8.130561999389691,True,True,False,Thiram 1382
p1,美4K6,MG_1616,1616,11,-0.4195981560036417,0.0168331337763162,4.0117273003864495,True,True,False,MG 1616
p1,美4K6m4,Thiram_1382,1382,14,1.7906580826588825,0.0164349979414375,0.9178188790254038,True,True,True,Thiram 1382
p1,美4K6m4,MG_1616,1616,14,-0.3392534321016869,0.0071952748225942,2.1209143789700904,True,True,True,MG 1616
p1,美4K6m4,MBA_1080,1080,14,6.4825950899194735,0.1058426127756139,1.632719787484502,True,True,True,4-MBA 1080
p1,美4K6m5,Thiram_1382,1382,14,8.072938694581453,0.0345761655144844,0.4282971396486869,True,True,True,Thiram 1382
p1,美4K6m5,MG_1616,1616,14,-0.4598104841880072,0.0087900919142403,1.9116771401511183,True,True,True,MG 1616
p1,美4K6m5,MBA_1080,1080,14,1.0961637833207687,0.0199788217242681,1.8226128274137487,True,True,True,4-MBA 1080
p1,美4K6m6,Thiram_1382,1382,13,8.601687999653642,0.1230624114812419,1.4306774610541235,True,True,True,Thiram 1382
p1,美4K6m6,MG_1616,1616,13,-0.325972997529845,0.0517665416123454,15.880622629672212,True,True,True,MG 1616
p1,美4K6m6,MBA_1080,1080,13,0.0729581403504148,0.0456567074126914,62.57931903609967,True,True,True,4-MBA 1080
p1,美4m4,Thiram_1382,1382,20,5.519567833398713,0.6152799909886245,11.147249378213756,True,False,True,Thiram 1382
p1,美4m4,MBA_1080,1080,20,4.19654883575407,0.4054107766867914,9.660575690975936,True,False,True,4-MBA 1080
p1,美4m5,Thiram_1382,1382,19,7.420536524048994,0.8055145128814992,10.85520582333813,True,False,True,Thiram 1382
p1,美4m5,MBA_1080,1080,19,0.4237102911083457,0.0999440368261447,23.58782378514104,True,False,True,4-MBA 1080
p1,美4m6,Thiram_1382,1382,4,8.1306381483111,0.0393415915772964,0.4838684351666605,True,False,True,Thiram 1382
p1,美4m6,MBA_1080,1080,4,-0.2104616947195003,0.0049320941101835,2.343464028813867,True,False,True,4-MBA 1080
p1,美5,Thiram_1382,1382,20,8.445972897066119,0.0387786932453921,0.4591382629094483,True,False,False,Thiram 1382
p1,美5K4,Thiram_1382,1382,13,2.2508693465091216,0.3829165753729646,17.011941451281068,True,True,False,Thiram 1382
p1,美5K4,MG_1616,1616,13,3.424963809325012,0.36410746692238,10.630987280246266,True,True,False,MG 1616
p1,美5K4m4,Thiram_1382,1382,14,1.094362909596961,0.5775880255463186,52.77847234049959,True,True,True,Thiram 1382
p1,美5K4m4,MG_1616,1616,14,3.593932094477521,0.1992329601140212,5.543592780179821,True,True,True,MG 1616
p1,美5K4m4,MBA_1080,1080,14,0.7471947571362001,0.3799975088967468,50.85655450169067,True,True,True,4-MBA 1080
p1,美5K4m5,Thiram_1382,1382,18,3.6529966125309454,0.0929577054738805,2.544697280994073,True,True,True,Thiram 1382
p1,美5K4m5,MG_1616,1616,18,5.739656267502608,0.2409262606139139,4.197572979727299,True,True,True,MG 1616
p1,美5K4m5,MBA_1080,1080,18,-0.3007025653630141,0.0505156261154689,16.799200251080485,True,True,True,4-MBA 1080
p1,美5K4m6,Thiram_1382,1382,14,3.8852462990753223,0.0545631853453212,1.4043687618544822,True,True,True,Thiram 1382
p1,美5K4m6,MG_1616,1616,14,5.34925603713693,0.2449708023216148,4.579530323860324,True,True,True,MG 1616
p1,美5K4m6,MBA_1080,1080,14,-0.5481790084516975,0.0092526101321179,1.6878811463889227,True,True,True,4-MBA 1080
p1,美5K5,Thiram_1382,1382,14,0.819857030454081,0.2387257293540447,29.117970632248603,True,True,False,Thiram 1382
p1,美5K5,MG_1616,1616,14,1.1393800753633323,0.2752040082187347,24.153837175972736,True,True,False,MG 1616
p1,美5K5m4,Thiram_1382,1382,15,1.0356020039954328,0.0616023285410837,5.948455903273382,True,True,True,Thiram 1382
p1,美5K5m4,MG_1616,1616,15,0.2998962931549468,0.0570831147704057,19.03428487557621,True,True,True,MG 1616
p1,美5K5m4,MBA_1080,1080,15,6.141233836645733,0.1305190444080431,2.1252902572967494,True,True,True,4-MBA 1080
p1,美5K5m5,Thiram_1382,1382,14,4.507498398292368,0.1113706751141421,2.4707867928768223,True,True,True,Thiram 1382
p1,美5K5m5,MG_1616,1616,14,3.6067651327463888,0.1000813771703894,2.7748237960308204,True,True,True,MG 1616
p1,美5K5m5,MBA_1080,1080,14,2.7439582523362938,0.114090945219919,4.157896539525642,True,True,True,4-MBA 1080
p1,美5K5m6,Thiram_1382,1382,15,5.270403054956918,0.1143928939604226,2.1704771488555106,True,True,True,Thiram 1382
p1,美5K5m6,MG_1616,1616,15,4.542067739707559,0.0624366925330797,1.3746314698754305,True,True,True,MG 1616
p1,美5K5m6,MBA_1080,1080,15,-0.2071514162132007,0.0626126273895589,30.22553672774211,True,True,True,4-MBA 1080
p1,美5K6,Thiram_1382,1382,2,2.6530668939280693,1.18446968880255,44.6453005581345,True,True,False,Thiram 1382
p1,美5K6,MG_1616,1616,2,-0.0821929323414645,0.0915925141325918,111.4359976257781,True,True,False,MG 1616
p1,美5K6m4,Thiram_1382,1382,14,0.7275808662556493,0.0612923222855533,8.424125087425965,True,True,True,Thiram 1382
p1,美5K6m4,MG_1616,1616,14,-0.1065995123667516,0.0177783453965763,16.67769861405239,True,True,True,MG 1616
p1,美5K6m4,MBA_1080,1080,14,6.434417838379112,0.2133171881556818,3.3152523431617613,True,True,True,4-MBA 1080
p1,美5K6m5,Thiram_1382,1382,13,4.062315966904321,0.1266969504066781,3.1188354485194627,True,True,True,Thiram 1382
p1,美5K6m5,MG_1616,1616,13,0.3602186089164307,0.123815760869118,34.37239437506208,True,True,True,MG 1616
p1,美5K6m5,MBA_1080,1080,13,4.327877042713963,0.1061507069742102,2.452720027083863,True,True,True,4-MBA 1080
p1,美5K6m6,Thiram_1382,1382,19,6.392501933917736,0.1480250399746077,2.315604148497902,True,True,True,Thiram 1382
p1,美5K6m6,MG_1616,1616,19,2.305059280533722,0.2959074145568736,12.837301715223488,True,True,True,MG 1616
p1,美5K6m6,MBA_1080,1080,19,0.6856644053770283,0.1573049414347626,22.941972807858523,True,True,True,4-MBA 1080
p1,美5m4,Thiram_1382,1382,16,0.4398558846503505,0.0125138975324049,2.8449994575729045,True,False,True,Thiram 1382
p1,美5m4,MBA_1080,1080,16,5.760571887425524,0.1248967214341702,2.1681305931933825,True,False,True,4-MBA 1080
p1,美5m5,Thiram_1382,1382,16,3.300135554612237,0.1095590549581413,3.3198349929905957,True,False,True,Thiram 1382
p1,美5m5,MBA_1080,1080,16,5.376584975350024,0.1776835678608016,3.3047662907854285,True,False,True,4-MBA 1080
p1,美5m6,Thiram_1382,1382,20,7.7329356499042365,0.1397082525052712,1.806665137669953,True,False,True,Thiram 1382
p1,美5m6,MBA_1080,1080,20,1.2197154664736207,0.1318614324262176,10.810835481774182,True,False,True,4-MBA 1080
p1,美6,Thiram_1382,1382,20,7.6443986499606895,2.057548888290452,26.91577169776504,True,False,False,Thiram 1382
p1,美6K4,Thiram_1382,1382,12,3.0251695039004165,0.0876903377527469,2.898691714288601,True,True,False,Thiram 1382
p1,美6K4,MG_1616,1616,12,5.1619864882856605,0.1704856889436708,3.3027147461652997,True,True,False,MG 1616
p1,美6K4m4,Thiram_1382,1382,12,1.3188662895391483,0.7242970279522163,54.91815460726557,True,True,True,Thiram 1382
p1,美6K4m4,MG_1616,1616,12,1.666394333572636,1.2475151718440165,74.86314293744799,True,True,True,MG 1616
p1,美6K4m4,MBA_1080,1080,12,6.270481215726907,1.2822506894194512,20.44899977059904,True,True,True,4-MBA 1080
p1,美6K4m5,Thiram_1382,1382,12,3.176128593124414,0.030542671427219,0.9616320791713816,True,True,True,Thiram 1382
p1,美6K4m5,MG_1616,1616,12,5.273208919816698,0.0347717081018119,0.6594031951045971,True,True,True,MG 1616
p1,美6K4m5,MBA_1080,1080,12,0.4414752515523747,0.096625137968854,21.886875341049752,True,True,True,4-MBA 1080
p1,美6K4m6,Thiram_1382,1382,12,2.0378900307307446,0.3958955738809812,19.426738828445096,True,True,True,Thiram 1382
p1,美6K4m6,MG_1616,1616,12,0.6125427589947179,0.4356816280004008,71.12672896752956,True,True,True,MG 1616
p1,美6K4m6,MBA_1080,1080,12,4.920304112640674,0.9719754778606792,19.754378095524476,True,True,True,4-MBA 1080
p1,美6K5,Thiram_1382,1382,12,3.5053127789877827,0.1794040015533888,5.118059724336345,True,True,False,Thiram 1382
p1,美6K5,MG_1616,1616,12,4.940745183132718,0.2810847486648954,5.689116484381643,True,True,False,MG 1616
p1,美6K5m4,Thiram_1382,1382,8,0.4596990486214545,0.1472922238790194,32.041011248711385,True,True,True,Thiram 1382
p1,美6K5m4,MG_1616,1616,8,0.326024889337245,0.3020336752731808,92.6412937021973,True,True,True,MG 1616
p1,美6K5m4,MBA_1080,1080,8,7.009760629084816,0.9337482942643052,13.320687305498105,True,True,True,4-MBA 1080
p1,美6K5m5,Thiram_1382,1382,12,3.198851918865404,0.1889827154118962,5.9078294402238605,True,True,True,Thiram 1382
p1,美6K5m5,MG_1616,1616,12,4.824347015104355,0.6645438063693774,13.774792822506008,True,True,True,MG 1616
p1,美6K5m5,MBA_1080,1080,12,2.349666452380609,0.8897496424942106,37.86706158198514,True,True,True,4-MBA 1080
p1,美6K5m6,Thiram_1382,1382,5,2.922514752781086,0.5605268623665774,19.17960762501459,True,True,True,Thiram 1382
p1,美6K5m6,MG_1616,1616,5,4.902973722019437,1.0546215574457731,21.509834994820157,True,True,True,MG 1616
p1,美6K5m6,MBA_1080,1080,5,1.617219798703903,1.8934582512943643,117.08107041552722,True,True,True,4-MBA 1080
p1,美6K6,Thiram_1382,1382,13,4.654741991254313,1.1581106578474332,24.880233104721604,True,True,False,Thiram 1382
p1,美6K6,MG_1616,1616,13,4.212033554785485,1.1015772352320892,26.153097331822927,True,True,False,MG 1616
p1,美6K6m4,Thiram_1382,1382,9,0.4168211944242848,0.1269525422574807,30.45731454054972,True,True,True,Thiram 1382
p1,美6K6m4,MG_1616,1616,9,0.0741325539805013,0.1944070730270919,262.24251369813294,True,True,True,MG 1616
p1,美6K6m4,MBA_1080,1080,9,6.736103700653222,0.5743904368151979,8.527042669481133,True,True,True,4-MBA 1080
p1,美6K6m5,Thiram_1382,1382,9,0.9843957076885884,0.412021543387319,41.85527630496955,True,True,True,Thiram 1382
p1,美6K6m5,MG_1616,1616,9,0.833721414023942,0.6928790892362033,83.10678814066132,True,True,True,MG 1616
p1,美6K6m5,MBA_1080,1080,9,6.396053592521817,0.5369385933562395,8.394842000448858,True,True,True,4-MBA 1080
p1,美6K6m6,Thiram_1382,1382,14,3.8760431392099535,0.1366837537985989,3.5263733887765483,True,True,True,Thiram 1382
p1,美6K6m6,MG_1616,1616,14,5.023132851523551,0.1601964326297008,3.189173716182166,True,True,True,MG 1616
p1,美6K6m6,MBA_1080,1080,14,1.2990926019585507,0.301926696968747,23.241352965412425,True,True,True,4-MBA 1080
p1,美6m4,Thiram_1382,1382,12,0.5367771188524829,0.1393416232006157,25.95893496699318,True,False,True,Thiram 1382
p1,美6m4,MBA_1080,1080,12,7.042598553097747,0.6352337843652583,9.019877813223436,True,False,True,4-MBA 1080
p1,美6m5,Thiram_1382,1382,12,0.55726777688888,0.2014618125926244,36.15170676426824,True,False,True,Thiram 1382
p1,美6m5,MBA_1080,1080,12,5.929060504393218,0.5461223008764039,9.210941606545374,True,False,True,4-MBA 1080
p1,美6m6,Thiram_1382,1382,15,2.6896673404164786,0.6227659214324626,23.154012842942542,True,False,True,Thiram 1382
p1,美6m6,MBA_1080,1080,15,4.559652953158024,0.5057472482091045,11.091792586074408,True,False,True,4-MBA 1080
p3,K4,MG_1616,1616,21,0.1244820182806814,0.021929564682519,17.616652577942926,False,True,False,MG 1616
p3,K4m4,MG_1616,1616,14,0.1296789184339248,0.005332428001496,4.112023809184549,False,True,True,MG 1616
p3,K4m4,MBA_1080,1080,14,0.0125501282249823,0.0005070054535191,4.039842816186792,False,True,True,4-MBA 1080
p3,K4m5,MG_1616,1616,12,0.1366078895153002,0.0053220028674132,3.8958239427432,False,True,True,MG 1616
p3,K4m5,MBA_1080,1080,12,0.0032189332483853,0.0002177962337648,6.76609972804154,False,True,True,4-MBA 1080
p3,K4m6,MG_1616,1616,14,0.1332333407191936,0.000647959692178,0.4863344930633773,False,True,True,MG 1616
p3,K4m6,MBA_1080,1080,14,0.0039472148313025,0.000285903458015,7.243169430449918,False,True,True,4-MBA 1080
p3,K5,MG_1616,1616,27,0.1303414037423159,0.0255447297383541,19.598323330057003,False,True,False,MG 1616
p3,K5m4,MG_1616,1616,14,0.0104881795838769,0.0007309768895428,6.969530638725264,False,True,True,MG 1616
p3,K5m4,MBA_1080,1080,14,0.1710386586795232,0.0038877957088119,2.273050863955002,False,True,True,4-MBA 1080
p3,K5m5,MG_1616,1616,14,0.0672471583110029,0.0043628229634851,6.487743234157321,False,True,True,MG 1616
p3,K5m5,MBA_1080,1080,14,0.0979534141713427,0.0043677677587996,4.459025543672713,False,True,True,4-MBA 1080
p3,K5m6,MG_1616,1616,16,0.0868389259257572,0.0038191973244216,4.398024599805451,False,True,True,MG 1616
p3,K5m6,MBA_1080,1080,16,0.0463339956509094,0.0053344690364753,11.513077949647204,False,True,True,4-MBA 1080
p3,K6,MG_1616,1616,14,0.1383836780747921,0.0107452719306955,7.764840536243075,False,True,False,MG 1616
p3,K6m4,MG_1616,1616,15,0.0275647856556879,0.001816510648835,6.589968344122607,False,True,True,MG 1616
p3,K6m4,MBA_1080,1080,15,0.1651544712677588,0.0007935163169228,0.4804691697607143,False,True,True,4-MBA 1080
p3,K6m5,MG_1616,1616,15,0.0166885296657916,0.0033062555604597,19.811544975331213,False,True,True,MG 1616
p3,K6m5,MBA_1080,1080,15,0.1402915261616764,0.0032756732690248,2.3349045795181462,False,True,True,4-MBA 1080
p3,K6m6,MG_1616,1616,14,0.0474607481941641,0.0072040100049074,15.178879977693342,False,True,True,MG 1616
p3,K6m6,MBA_1080,1080,14,0.0616960399029183,0.0055304435231435,8.964017029044347,False,True,True,4-MBA 1080
p3,m4,MBA_1080,1080,20,0.1787567858154048,0.0052254264351452,2.9232045157386786,False,False,True,4-MBA 1080
p3,m5,MBA_1080,1080,20,0.2045235360737284,0.0065020852524683,3.179137901333972,False,False,True,4-MBA 1080
p3,m6,MBA_1080,1080,21,0.0930383966089263,0.0395379305537193,42.49635848725063,False,False,True,4-MBA 1080
p3,美4,Thiram_1382,1382,18,0.2154381176613402,0.0053901804376221,2.501962278604429,True,False,False,Thiram 1382
p3,美4K4,Thiram_1382,1382,10,0.1929568806821116,0.0035627506781251,1.8463973223088264,True,True,False,Thiram 1382
p3,美4K4,MG_1616,1616,10,0.0087293425593219,0.0066891251483903,76.62805191723334,True,True,False,MG 1616
p3,美4K4m4,Thiram_1382,1382,12,0.0509050014386612,0.0164458725883442,32.30698776850229,True,True,True,Thiram 1382
p3,美4K4m4,MG_1616,1616,12,0.0777269012006845,0.0113079725475523,14.548338313856265,True,True,True,MG 1616
p3,美4K4m4,MBA_1080,1080,12,0.0698606276422233,0.0116644842760852,16.696792842776155,True,True,True,4-MBA 1080
p3,美4K4m5,Thiram_1382,1382,15,0.1059112754668225,0.0012677166408043,1.1969609800435863,True,True,True,Thiram 1382
p3,美4K4m5,MG_1616,1616,15,0.1141021243065327,0.0036916313368007,3.2353747655769456,True,True,True,MG 1616
p3,美4K4m5,MBA_1080,1080,15,0.0163852494242179,0.0005504133484957,3.3592003041601184,True,True,True,4-MBA 1080
p3,美4K4m6,Thiram_1382,1382,15,0.1962790226952329,0.0024527734369678,1.249636055492453,True,True,True,Thiram 1382
p3,美4K4m6,MG_1616,1616,15,0.0421841318553056,0.003394091670794,8.045896695079666,True,True,True,MG 1616
p3,美4K4m6,MBA_1080,1080,15,0.0142909538396904,0.0010567351808407,7.394434218280432,True,True,True,4-MBA 1080
p3,美4K5,Thiram_1382,1382,13,0.1978229712414667,0.0031311899436788,1.582824241304526,True,True,False,Thiram 1382
p3,美4K5,MG_1616,1616,13,0.0004146794198038,0.0001132381778983,27.307402415085747,True,True,False,MG 1616
p3,美4K5m4,Thiram_1382,1382,16,0.0328871028877932,0.0003652057098346,1.1104830701587909,True,True,True,Thiram 1382
p3,美4K5m4,MG_1616,1616,16,0.0025690203825938,0.000163582623667,6.36750976268757,True,True,True,MG 1616
p3,美4K5m4,MBA_1080,1080,16,0.157307284769941,0.0016648947907585,1.058371068570281,True,True,True,4-MBA 1080
p3,美4K5m5,Thiram_1382,1382,15,0.1767616675252022,0.0020356777948674,1.1516511602139403,True,True,True,Thiram 1382
p3,美4K5m5,MG_1616,1616,15,0.0154726034152302,0.0017476709252998,11.295260909871104,True,True,True,MG 1616
p3,美4K5m5,MBA_1080,1080,15,0.054836716582535,0.0023183299104367,4.22769643209298,True,True,True,4-MBA 1080
p3,美4K5m6,Thiram_1382,1382,15,0.2133497858576968,0.000676123889341,0.3169086327520663,True,True,True,Thiram 1382
p3,美4K5m6,MG_1616,1616,15,0.0058978375979926,0.0003578369487406,6.067256732577317,True,True,True,MG 1616
p3,美4K5m6,MBA_1080,1080,15,0.0060537701650814,0.0004888756853807,8.075557413801782,True,True,True,4-MBA 1080
p3,美4K6,Thiram_1382,1382,11,0.1949116036530413,0.0146466306097381,7.514499052509111,True,True,False,Thiram 1382
p3,美4K6,MG_1616,1616,11,0.0007474151203185,0.0002355952903308,31.521343885898943,True,True,False,MG 1616
p3,美4K6m4,Thiram_1382,1382,14,0.057000018727317,0.0006115644817605,1.0729197909322992,True,True,True,Thiram 1382
p3,美4K6m4,MG_1616,1616,14,0.0008228129144804,0.0003160940830778,38.41627635091437,True,True,True,MG 1616
p3,美4K6m4,MBA_1080,1080,14,0.16694550773749,0.0014618662722342,0.8756547522877236,True,True,True,4-MBA 1080
p3,美4K6m5,Thiram_1382,1382,14,0.2100606132462909,0.0007201980258353,0.342852481817223,True,True,True,Thiram 1382
p3,美4K6m5,MG_1616,1616,14,0.0003614341269673,0.0002388507531905,66.08417284628354,True,True,True,MG 1616
p3,美4K6m5,MBA_1080,1080,14,0.0386806171607897,0.0005200953230031,1.3445889987773765,True,True,True,4-MBA 1080
p3,美4K6m6,Thiram_1382,1382,13,0.2153728502902113,0.0022129279163943,1.027486943415767,True,True,True,Thiram 1382
p3,美4K6m6,MG_1616,1616,13,0.005767157528631,0.0013371875865532,23.186250417380315,True,True,True,MG 1616
p3,美4K6m6,MBA_1080,1080,13,0.0137712825819761,0.0011502860161938,8.352787834732052,True,True,True,4-MBA 1080
p3,美4m4,Thiram_1382,1382,20,0.1449251302485105,0.0150872786927194,10.410395123915691,True,False,True,Thiram 1382
p3,美4m4,MBA_1080,1080,20,0.1089372602283411,0.0114242808084787,10.487027840183028,True,False,True,4-MBA 1080
p3,美4m5,Thiram_1382,1382,19,0.1949438280097287,0.0202176325295554,10.371004168722113,True,False,True,Thiram 1382
p3,美4m5,MBA_1080,1080,19,0.0218456480409511,0.0024772449367146,11.339764021057656,True,False,True,4-MBA 1080
p3,美4m6,Thiram_1382,1382,4,0.2147524495071788,0.0005771156911302,0.268735324069457,True,False,True,Thiram 1382
p3,美4m6,MBA_1080,1080,4,0.0049139803873194,0.0001386614516108,2.821774624267509,True,False,True,4-MBA 1080
p3,美5,Thiram_1382,1382,20,0.224462026500964,0.0011191297195884,0.4985830953386823,True,False,False,Thiram 1382
p3,美5K4,Thiram_1382,1382,13,0.063619581603814,0.0079086235312365,12.431115282220686,True,True,False,Thiram 1382
p3,美5K4,MG_1616,1616,13,0.0862947385790978,0.0098648248526685,11.431548452547275,True,True,False,MG 1616
p3,美5K4m4,Thiram_1382,1382,14,0.0398509149901539,0.0119014038642337,29.86481958362627,True,True,True,Thiram 1382
p3,美5K4m4,MG_1616,1616,14,0.0918272256945137,0.0037093154386554,4.039450621099521,True,True,True,MG 1616
p3,美5K4m4,MBA_1080,1080,14,0.0311214306272458,0.0068330564217367,21.95611282649277,True,True,True,4-MBA 1080
p3,美5K4m5,Thiram_1382,1382,18,0.0960413587578595,0.0003246118307116,0.3379917099362127,True,True,True,Thiram 1382
p3,美5K4m5,MG_1616,1616,18,0.1410072677737429,0.0043025412219073,3.051290397890038,True,True,True,MG 1616
p3,美5K4m5,MBA_1080,1080,18,0.0078741486055643,0.0013835261921829,17.570486175549547,True,True,True,4-MBA 1080
p3,美5K4m6,Thiram_1382,1382,14,0.1010046591722333,0.0008512798682628,0.8428124754238072,True,True,True,Thiram 1382
p3,美5K4m6,MG_1616,1616,14,0.1307418521617655,0.0030975320183159,2.369196984056347,True,True,True,MG 1616
p3,美5K4m6,MBA_1080,1080,14,0.0030950326820948,0.0004290553469642,13.862708120868444,True,True,True,4-MBA 1080
p3,美5K5,Thiram_1382,1382,14,0.0320727765924664,0.0056947732817664,17.755785082555338,True,True,False,Thiram 1382
p3,美5K5,MG_1616,1616,14,0.0399344973569507,0.0064471393168271,16.144285626534877,True,True,False,MG 1616
p3,美5K5m4,Thiram_1382,1382,15,0.0378450031186995,0.0016365667042367,4.324393101788549,True,True,True,Thiram 1382
p3,美5K5m4,MG_1616,1616,15,0.0186148022099183,0.0016552026409437,8.891862627805946,True,True,True,MG 1616
p3,美5K5m4,MBA_1080,1080,15,0.1464269179823225,0.0021598091906587,1.4750082979411334,True,True,True,4-MBA 1080
p3,美5K5m5,Thiram_1382,1382,14,0.112811252393363,0.0026637905317062,2.361280878628849,True,True,True,Thiram 1382
p3,美5K5m5,MG_1616,1616,14,0.0964855164488044,0.0027153590682844,2.814265983356417,True,True,True,MG 1616
p3,美5K5m5,MBA_1080,1080,14,0.0746727431334601,0.0027431819041565,3.673605373320469,True,True,True,4-MBA 1080
p3,美5K5m6,Thiram_1382,1382,15,0.1294746492373695,0.0031708435724438,2.449007269856088,True,True,True,Thiram 1382
p3,美5K5m6,MG_1616,1616,15,0.1171642192430919,0.0026397596779341,2.2530425201376736,True,True,True,MG 1616
p3,美5K5m6,MBA_1080,1080,15,0.0111232009068381,0.0018037051890721,16.21570269366697,True,True,True,4-MBA 1080
p3,美5K6,Thiram_1382,1382,2,0.0733953039601644,0.0269263824943892,36.686791990130025,True,True,False,Thiram 1382
p3,美5K6,MG_1616,1616,2,0.0111529002938333,0.0026121343160871,23.42112138787326,True,True,False,MG 1616
p3,美5K6m4,Thiram_1382,1382,14,0.0295574196698299,0.0016324332806691,5.52292215932309,True,True,True,Thiram 1382
p3,美5K6m4,MG_1616,1616,14,0.0074188404807359,0.000817335525458,11.017025201988934,True,True,True,MG 1616
p3,美5K6m4,MBA_1080,1080,14,0.1510983243964717,0.0008953147879383,0.5925378666602974,True,True,True,4-MBA 1080
p3,美5K6m5,Thiram_1382,1382,13,0.1054488509674908,0.0033862181282939,3.211242320068457,True,True,True,Thiram 1382
p3,美5K6m5,MG_1616,1616,13,0.0252069343511137,0.0030849842378206,12.238633206438813,True,True,True,MG 1616
p3,美5K6m5,MBA_1080,1080,13,0.1088002580162026,0.001652025039832,1.5184017666447451,True,True,True,4-MBA 1080
p3,美5K6m6,Thiram_1382,1382,19,0.1393928479428006,0.0074721815744545,5.360520058762775,True,True,True,Thiram 1382
p3,美5K6m6,MG_1616,1616,19,0.0651419781551703,0.0075307387993417,11.560500636629843,True,True,True,MG 1616
p3,美5K6m6,MBA_1080,1080,19,0.0317729427967004,0.003375773567729,10.624680217154978,True,True,True,4-MBA 1080
p3,美5m4,Thiram_1382,1382,16,0.0206012402914175,0.0003583139374268,1.7392833264323366,True,False,True,Thiram 1382
p3,美5m4,MBA_1080,1080,16,0.1514383607750113,0.0021830543127794,1.4415464493985144,True,False,True,4-MBA 1080
p3,美5m5,Thiram_1382,1382,16,0.0912563848989952,0.0025083920860548,2.748730501247846,True,False,True,Thiram 1382
p3,美5m5,MBA_1080,1080,16,0.1415019764333507,0.0029612033693339,2.0926939990330813,True,False,True,4-MBA 1080
p3,美5m6,Thiram_1382,1382,20,0.1769194403089231,0.0057184298855341,3.23222245986593,True,False,True,Thiram 1382
p3,美5m6,MBA_1080,1080,20,0.0445579272067179,0.0049248701488303,11.052736196597117,True,False,True,4-MBA 1080
p3,美6,Thiram_1382,1382,20,0.1847577325858636,0.0512942851486061,27.76299775424437,True,False,False,Thiram 1382
p3,美6K4,Thiram_1382,1382,12,0.0815437096551141,0.0017823053312767,2.1857054809193013,True,True,False,Thiram 1382
p3,美6K4,MG_1616,1616,12,0.127700185920597,0.0010497936464661,0.8220768348128207,True,True,False,MG 1616
p3,美6K4m4,Thiram_1382,1382,12,0.043758158237655,0.0163849451148516,37.44432072726479,True,True,True,Thiram 1382
p3,美6K4m4,MG_1616,1616,12,0.0528154786401535,0.0284864246327879,53.93575021230762,True,True,True,MG 1616
p3,美6K4m4,MBA_1080,1080,12,0.1448344895682135,0.0237790453247671,16.418082043619695,True,True,True,4-MBA 1080
p3,美6K4m5,Thiram_1382,1382,12,0.0845656554863322,0.0004634541152309,0.5480405875951561,True,True,True,Thiram 1382
p3,美6K4m5,MG_1616,1616,12,0.1242220384335305,0.0011298002557181,0.9095006570212816,True,True,True,MG 1616
p3,美6K4m5,MBA_1080,1080,12,0.0247556890541819,0.002236727601705,9.035206399666883,True,True,True,4-MBA 1080
p3,美6K4m6,Thiram_1382,1382,12,0.0602936219847541,0.0069395758819431,11.509635104850592,True,True,True,Thiram 1382
p3,美6K4m6,MG_1616,1616,12,0.0352423468982714,0.0091393554497756,25.932879771477264,True,True,True,MG 1616
p3,美6K4m6,MBA_1080,1080,12,0.1089864443205772,0.0270268717720304,24.798379230110932,True,True,True,4-MBA 1080
p3,美6K5,Thiram_1382,1382,12,0.0889232331872728,0.0033525371761958,3.770147638621439,True,True,False,Thiram 1382
p3,美6K5,MG_1616,1616,12,0.1198223252489281,0.0067643923227018,5.645352240201467,True,True,False,MG 1616
p3,美6K5m4,Thiram_1382,1382,8,0.0261707362589725,0.0075230117923282,28.74589280899188,True,True,True,Thiram 1382
p3,美6K5m4,MG_1616,1616,8,0.0234190719797609,0.008648793974318,36.93055805880117,True,True,True,MG 1616
p3,美6K5m4,MBA_1080,1080,8,0.169077787273333,0.0235271473332317,13.91498416950391,True,True,True,4-MBA 1080
p3,美6K5m5,Thiram_1382,1382,12,0.0848495861022882,0.0045114960958135,5.3170513882941615,True,True,True,Thiram 1382
p3,美6K5m5,MG_1616,1616,12,0.1209442089496522,0.0124401661511828,10.285871691766236,True,True,True,MG 1616
p3,美6K5m5,MBA_1080,1080,12,0.0661221374492528,0.0190489188317625,28.8086858147653,True,True,True,4-MBA 1080
p3,美6K5m6,Thiram_1382,1382,5,0.0787691418955509,0.0124207614977291,15.768562661504255,True,True,True,Thiram 1382
p3,美6K5m6,MG_1616,1616,5,0.1177265815201022,0.0201694649308422,17.132464623036945,True,True,True,MG 1616
p3,美6K5m6,MBA_1080,1080,5,0.049514042907722,0.0409107425993682,82.6245246739647,True,True,True,4-MBA 1080
p3,美6K6,Thiram_1382,1382,13,0.108920591762132,0.025574782554724,23.48020896781019,True,True,False,Thiram 1382
p3,美6K6,MG_1616,1616,13,0.1004170198052605,0.023464789899083,23.367343448937746,True,True,False,MG 1616
p3,美6K6m4,Thiram_1382,1382,9,0.0227216684479035,0.0048835024957317,21.492710832079418,True,True,True,Thiram 1382
p3,美6K6m4,MG_1616,1616,9,0.014170418829498,0.0068102194940656,48.05940865974298,True,True,True,MG 1616
p3,美6K6m4,MBA_1080,1080,9,0.1697336331867085,0.0145341201936376,8.562899362231853,True,True,True,4-MBA 1080
p3,美6K6m5,Thiram_1382,1382,9,0.0361949759566952,0.0106586842232205,29.447966027033328,True,True,True,Thiram 1382
p3,美6K6m5,MG_1616,1616,9,0.0338034853965016,0.0189419752912776,56.03556872640701,True,True,True,MG 1616
p3,美6K6m5,MBA_1080,1080,9,0.1584471685379815,0.0076757249810937,4.844343418641653,True,True,True,4-MBA 1080
p3,美6K6m6,Thiram_1382,1382,14,0.096021095165888,0.0034927588094289,3.637491119419983,True,True,True,Thiram 1382
p3,美6K6m6,MG_1616,1616,14,0.1251976937488184,0.0049764169307157,3.9748471251394433,True,True,True,MG 1616
p3,美6K6m6,MBA_1080,1080,14,0.043232541926942,0.0063684671916966,14.730725763149865,True,True,True,4-MBA 1080
p3,美6m4,Thiram_1382,1382,12,0.0275232058245587,0.0048510717951148,17.62538792187587,True,False,True,Thiram 1382
p3,美6m4,MBA_1080,1080,12,0.1630390839730991,0.0169307298737885,10.384460867421277,True,False,True,4-MBA 1080
p3,美6m5,Thiram_1382,1382,12,0.0340545188735623,0.008335203594736,24.47605742334241,True,False,True,Thiram 1382
p3,美6m5,MBA_1080,1080,12,0.135925578689277,0.0250319794366445,18.41594472359548,True,False,True,4-MBA 1080
p3,美6m6,Thiram_1382,1382,15,0.0759974211247097,0.0110813627730759,14.581235269670112,True,False,True,Thiram 1382
p3,美6m6,MBA_1080,1080,15,0.1010989169545561,0.0155736213651808,15.404340456170404,True,False,True,4-MBA 1080
p5,K4,MG_1616,1616,21,2.898628847977057,2.1041759630480774,72.59211418242023,False,True,False,MG 1616
p5,K4m4,MG_1616,1616,14,6.524877681428199,0.8901262539112457,13.642037404698293,False,True,True,MG 1616
p5,K4m4,MBA_1080,1080,14,0.1713814600400574,0.0400411375913961,23.36375100436022,False,True,True,4-MBA 1080
p5,K4m5,MG_1616,1616,12,6.130925507704593,1.0259668863481033,16.7342905252852,False,True,True,MG 1616
p5,K4m5,MBA_1080,1080,12,0.0058532360059273,0.0283985800008607,485.1774295808759,False,True,True,4-MBA 1080
p5,K4m6,MG_1616,1616,14,5.47912639941831,0.6149462336484861,11.223435796512591,False,True,True,MG 1616
p5,K4m6,MBA_1080,1080,14,-0.0023775645149815,0.0321664272659417,1352.9150129577793,False,True,True,4-MBA 1080
p5,K5,MG_1616,1616,27,2.612876266142972,1.1381456700407242,43.55911088437461,False,True,False,MG 1616
p5,K5m4,MG_1616,1616,14,0.0626195828421061,0.0309616928672236,49.44410592017646,False,True,True,MG 1616
p5,K5m4,MBA_1080,1080,14,5.644330049271445,0.8084078278761151,14.322476198578473,False,True,True,4-MBA 1080
p5,K5m5,MG_1616,1616,14,1.9645865895669232,0.3760382904847819,19.14083565884853,False,True,True,MG 1616
p5,K5m5,MBA_1080,1080,14,1.6617777076757605,0.2681624847513567,16.137085213787184,False,True,True,4-MBA 1080
p5,K5m6,MG_1616,1616,16,1.2322650398776107,0.5098320742386884,41.37357287108666,False,True,True,MG 1616
p5,K5m6,MBA_1080,1080,16,0.8707018597140035,0.3059014243448976,35.13274043601745,False,True,True,4-MBA 1080
p5,K6,MG_1616,1616,14,3.460233125363146,0.7884871244321654,22.787109881488544,False,True,False,MG 1616
p5,K6m4,MG_1616,1616,15,-0.1041704292295661,0.0598291878692317,57.43394580565938,False,True,True,MG 1616
p5,K6m4,MBA_1080,1080,15,4.917554852371753,0.6502750783527425,13.223544990842608,False,True,True,4-MBA 1080
p5,K6m5,MG_1616,1616,15,0.7512951037051713,0.2954928476738713,39.33112916836349,False,True,True,MG 1616
p5,K6m5,MBA_1080,1080,15,2.516950633164548,0.4899647746144755,19.466602489475356,False,True,True,4-MBA 1080
p5,K6m6,MG_1616,1616,14,1.1941482981976994,0.5171220231195852,43.30467362387617,False,True,True,MG 1616
p5,K6m6,MBA_1080,1080,14,0.886879452411706,0.5607475822020681,63.22703504712145,False,True,True,4-MBA 1080
p5,m4,MBA_1080,1080,20,4.781831990222512,1.7032178792689885,35.61852199641446,False,False,True,4-MBA 1080
p5,m5,MBA_1080,1080,20,7.711641164090556,0.3223829968403469,4.180471964145986,False,False,True,4-MBA 1080
p5,m6,MBA_1080,1080,21,2.289626893304,1.0665319186239646,46.58103561514895,False,False,True,4-MBA 1080
p5,美4,Thiram_1382,1382,18,2.935864112772516,2.1868515916729434,74.48749355118368,True,False,False,Thiram 1382
p5,美4K4,Thiram_1382,1382,10,5.047974841693392,0.734273635184828,14.545905203808598,True,True,False,Thiram 1382
p5,美4K4,MG_1616,1616,10,0.236943071415083,0.1867772407902902,78.82789721379488,True,True,False,MG 1616
p5,美4K4m4,Thiram_1382,1382,12,0.7719978677958031,0.1698855993648389,22.0059674322539,True,True,True,Thiram 1382
p5,美4K4m4,MG_1616,1616,12,2.8093591506700863,1.079951997566205,38.44122234455554,True,True,True,MG 1616
p5,美4K4m4,MBA_1080,1080,12,2.6152417396962733,1.2339509808698632,47.18305624065066,True,True,True,4-MBA 1080
p5,美4K4m5,Thiram_1382,1382,15,0.0435852217747077,0.1802235604350633,413.49694482831785,True,True,True,Thiram 1382
p5,美4K4m5,MG_1616,1616,15,5.239389005843901,0.4875798540367599,9.30604414928771,True,True,True,MG 1616
p5,美4K4m5,MBA_1080,1080,15,0.3009536103001278,0.0500570246277576,16.632804164681065,True,True,True,4-MBA 1080
p5,美4K4m6,Thiram_1382,1382,15,0.6074988731742508,0.7982555014910322,131.4003262788055,True,True,True,Thiram 1382
p5,美4K4m6,MG_1616,1616,15,1.537792326442238,0.307666088763995,20.00699857020333,True,True,True,MG 1616
p5,美4K4m6,MBA_1080,1080,15,0.645062459680301,0.2035338541869293,31.552580859813578,True,True,True,4-MBA 1080
p5,美4K5,Thiram_1382,1382,13,4.642689408421425,0.7216824186004209,15.544490598301778,True,True,False,Thiram 1382
p5,美4K5,MG_1616,1616,13,0.0168378340354869,0.0122277838011535,72.62088327621362,True,True,False,MG 1616
p5,美4K5m4,Thiram_1382,1382,16,0.0631815599388659,0.0562197221427397,88.98121888275234,True,True,True,Thiram 1382
p5,美4K5m4,MG_1616,1616,16,0.161296628642214,0.0434037738861107,26.909287721312776,True,True,True,MG 1616
p5,美4K5m4,MBA_1080,1080,16,4.098846071735803,0.5604670556400906,13.67377661495692,True,True,True,4-MBA 1080
p5,美4K5m5,Thiram_1382,1382,15,-0.2569144843088951,0.5640977285248143,219.56633937640692,True,True,True,Thiram 1382
p5,美4K5m5,MG_1616,1616,15,1.6180768968095929,0.5010356783666589,30.96488673403377,True,True,True,MG 1616
p5,美4K5m5,MBA_1080,1080,15,1.7423693245522345,0.5982227534298568,34.33386624753578,True,True,True,4-MBA 1080
p5,美4K5m6,Thiram_1382,1382,15,6.607464927352817,0.8464965335414056,12.811214934144829,True,True,True,Thiram 1382
p5,美4K5m6,MG_1616,1616,15,0.0392377548379636,0.1027502831425718,261.86585742963547,True,True,True,MG 1616
p5,美4K5m6,MBA_1080,1080,15,0.2253712580716343,0.0652716226749536,28.96182203242929,True,True,True,4-MBA 1080
p5,美4K6,Thiram_1382,1382,11,5.264673899100736,0.7661985616283973,14.553580645503464,True,True,False,Thiram 1382
p5,美4K6,MG_1616,1616,11,0.0448962971405767,0.0211117631506955,47.023395013160126,True,True,False,MG 1616
p5,美4K6m4,Thiram_1382,1382,14,0.4862233368036494,0.1594734962043674,32.79840438196969,True,True,True,Thiram 1382
p5,美4K6m4,MG_1616,1616,14,0.09207694200941,0.0382345028562696,41.52451419635781,True,True,True,MG 1616
p5,美4K6m4,MBA_1080,1080,14,4.371844671318412,0.5697078760676366,13.031292712781363,True,True,True,4-MBA 1080
p5,美4K6m5,Thiram_1382,1382,14,7.338076590195006,1.1405190434144723,15.542479413998098,True,True,True,Thiram 1382
p5,美4K6m5,MG_1616,1616,14,0.1501389399242572,0.0769289776523919,51.23852459009064,True,True,True,MG 1616
p5,美4K6m5,MBA_1080,1080,14,0.6218615748505664,0.0669389496865778,10.764284592220278,True,True,True,4-MBA 1080
p5,美4K6m6,Thiram_1382,1382,13,7.185769297042738,1.1327614394974832,15.763955015417274,True,True,True,Thiram 1382
p5,美4K6m6,MG_1616,1616,13,0.3699755548867353,0.1713816834447275,46.32243432872058,True,True,True,MG 1616
p5,美4K6m6,MBA_1080,1080,13,0.6733107474140703,0.252266548993552,37.4665858167884,True,True,True,4-MBA 1080
p5,美4m4,Thiram_1382,1382,20,4.27539597349952,0.5452497881561988,12.753199739529578,True,False,True,Thiram 1382
p5,美4m4,MBA_1080,1080,20,3.404477239067762,0.4488540214369603,13.184227413424232,True,False,True,4-MBA 1080
p5,美4m5,Thiram_1382,1382,19,4.89300777842407,1.1495078033185486,23.4928668698904,True,False,True,Thiram 1382
p5,美4m5,MBA_1080,1080,19,0.3741656785553452,0.049806413190457,13.31132598338784,True,False,True,4-MBA 1080
p5,美4m6,Thiram_1382,1382,4,4.686306109140395,0.6481747646010878,13.831251085729482,True,False,True,Thiram 1382
p5,美4m6,MBA_1080,1080,4,0.1081469694751908,0.0175582290969714,16.2355257684769,True,False,True,4-MBA 1080
p5,美5,Thiram_1382,1382,20,6.970622351713702,0.8209539529400007,11.77734083870104,True,False,False,Thiram 1382
p5,美5K4,Thiram_1382,1382,13,1.1140272815023526,0.5149878349664435,46.22757840112697,True,True,False,Thiram 1382
p5,美5K4,MG_1616,1616,13,4.743576905849029,1.4320574090037017,30.189400054585708,True,True,False,MG 1616
p5,美5K4m4,Thiram_1382,1382,14,0.0886014501498028,0.2360969689139375,266.4707727861754,True,True,True,Thiram 1382
p5,美5K4m4,MG_1616,1616,14,0.7500030209142595,1.013561496441762,135.1409885264492,True,True,True,MG 1616
p5,美5K4m4,MBA_1080,1080,14,2.0166534912757066,1.0726646287563495,53.19032909703277,True,True,True,4-MBA 1080
p5,美5K4m5,Thiram_1382,1382,18,1.306176077224891,0.4228921200410584,32.37634859608954,True,True,True,Thiram 1382
p5,美5K4m5,MG_1616,1616,18,5.585501066430396,0.6121323192215337,10.959308966934591,True,True,True,MG 1616
p5,美5K4m5,MBA_1080,1080,18,0.1364898500874737,0.0481278496765845,35.261119889676976,True,True,True,4-MBA 1080
p5,美5K4m6,Thiram_1382,1382,14,1.1496441884864683,0.0705689597981308,6.138330494327679,True,True,True,Thiram 1382
p5,美5K4m6,MG_1616,1616,14,5.351657383343221,0.215439021702467,4.025650490500583,True,True,True,MG 1616
p5,美5K4m6,MBA_1080,1080,14,0.0997771413016784,0.0871814427610995,87.37616815208655,True,True,True,4-MBA 1080
p5,美5K5,Thiram_1382,1382,14,0.1036547186297356,0.1205793482172188,116.3278911092698,True,True,False,Thiram 1382
p5,美5K5,MG_1616,1616,14,1.1216829309580838,0.2703168362748644,24.099219914488117,True,True,False,MG 1616
p5,美5K5m4,Thiram_1382,1382,15,-0.0072264340025506,0.0484477692001463,670.4242947911281,True,True,True,Thiram 1382
p5,美5K5m4,MG_1616,1616,15,0.4197872316923959,0.0803109531986857,19.131347295844996,True,True,True,MG 1616
p5,美5K5m4,MBA_1080,1080,15,5.700136049164993,0.6118292058565211,10.733589524519283,True,True,True,4-MBA 1080
p5,美5K5m5,Thiram_1382,1382,14,0.7948849295635559,0.2577192351851661,32.42220673710231,True,True,True,Thiram 1382
p5,美5K5m5,MG_1616,1616,14,3.1620290115350307,0.2143119315014487,6.777671258538182,True,True,True,MG 1616
p5,美5K5m5,MBA_1080,1080,14,1.712383278243336,0.2558784822483317,14.94282766594328,True,True,True,4-MBA 1080
p5,美5K5m6,Thiram_1382,1382,15,0.6122468367955546,0.2794052324211838,45.63604344345264,True,True,True,Thiram 1382
p5,美5K5m6,MG_1616,1616,15,3.466544014499972,0.2494318487447759,7.195404059531462,True,True,True,MG 1616
p5,美5K5m6,MBA_1080,1080,15,0.4592884512217758,0.2061137908881752,44.87676324973594,True,True,True,4-MBA 1080
p5,美5K6,Thiram_1382,1382,2,1.773311530278222,1.793602162517948,101.144222653114,True,True,False,Thiram 1382
p5,美5K6,MG_1616,1616,2,0.2106264911124552,0.1327966336326903,63.048400479590704,True,True,False,MG 1616
p5,美5K6m4,Thiram_1382,1382,14,0.0750853182520045,0.099900660942799,133.04952721583768,True,True,True,Thiram 1382
p5,美5K6m4,MG_1616,1616,14,0.3228048996801724,0.1200052012519984,37.17576820268118,True,True,True,MG 1616
p5,美5K6m4,MBA_1080,1080,14,7.229531663289814,0.3799523992689793,5.255560345607244,True,True,True,4-MBA 1080
p5,美5K6m5,Thiram_1382,1382,13,-0.3874215748311612,0.4298462684439854,110.95052427870417,True,True,True,Thiram 1382
p5,美5K6m5,MG_1616,1616,13,1.3679474975401338,0.346416438864872,25.32381100062713,True,True,True,MG 1616
p5,美5K6m5,MBA_1080,1080,13,2.3886911978217507,0.5474703268266973,22.919259187873926,True,True,True,4-MBA 1080
p5,美5K6m6,Thiram_1382,1382,19,-0.1903770557509257,0.522793881548195,274.6097104433515,True,True,True,Thiram 1382
p5,美5K6m6,MG_1616,1616,19,2.3319970487122457,0.6346423286585174,27.214542531645737,True,True,True,MG 1616
p5,美5K6m6,MBA_1080,1080,19,1.7040995044244265,0.6202374077102667,36.39678352701341,True,True,True,4-MBA 1080
p5,美5m4,Thiram_1382,1382,16,0.0463923829967522,0.0457803259146655,98.68069488448224,True,False,True,Thiram 1382
p5,美5m4,MBA_1080,1080,16,3.1602815234420443,0.8391128476394909,26.55183854397772,True,False,True,4-MBA 1080
p5,美5m5,Thiram_1382,1382,16,0.1694947787496004,0.4192136879906749,247.3313284829803,True,False,True,Thiram 1382
p5,美5m5,MBA_1080,1080,16,2.8854254023526797,0.580831059340663,20.12982414541277,True,False,True,4-MBA 1080
p5,美5m6,Thiram_1382,1382,20,-0.1890365416303877,0.8674149563260933,458.86099525778457,True,False,True,Thiram 1382
p5,美5m6,MBA_1080,1080,20,0.9531079593449906,0.4063117236900421,42.63018892101938,True,False,True,4-MBA 1080
p5,美6,Thiram_1382,1382,20,4.375509313382801,2.5555092729572557,58.40484135506355,True,False,False,Thiram 1382
p5,美6K4,Thiram_1382,1382,12,1.2854526672786084,0.1905761144879448,14.825603411085336,True,True,False,Thiram 1382
p5,美6K4,MG_1616,1616,12,3.992330835504208,0.7625954369349687,19.101509077181912,True,True,False,MG 1616
p5,美6K4m4,Thiram_1382,1382,12,0.5282574728090116,0.4505388629877583,85.28774057696066,True,True,True,Thiram 1382
p5,美6K4m4,MG_1616,1616,12,1.505637303685042,0.9489256050599972,63.024846869661445,True,True,True,MG 1616
p5,美6K4m4,MBA_1080,1080,12,6.452002263378888,2.5383324120376263,39.3417780778693,True,True,True,4-MBA 1080
p5,美6K4m5,Thiram_1382,1382,12,1.298329473371094,0.059384966778807,4.573951989598974,True,True,True,Thiram 1382
p5,美6K4m5,MG_1616,1616,12,4.351303854419578,0.104192216728077,2.394505651961079,True,True,True,MG 1616
p5,美6K4m5,MBA_1080,1080,12,0.5322649341619643,0.0577380124861194,10.8476077946082,True,True,True,4-MBA 1080
p5,美6K4m6,Thiram_1382,1382,12,0.521735592951749,0.3761643059507651,72.09864748206924,True,True,True,Thiram 1382
p5,美6K4m6,MG_1616,1616,12,1.4764667028750649,0.7894483837038848,53.468756333388576,True,True,True,MG 1616
p5,美6K4m6,MBA_1080,1080,12,1.7670643289812171,1.2069261335782595,68.30119955361788,True,True,True,4-MBA 1080
p5,美6K5,Thiram_1382,1382,12,0.8585032130153539,0.3231968753472458,37.64655396129141,True,True,False,Thiram 1382
p5,美6K5,MG_1616,1616,12,3.494270810183872,0.3841318131839186,10.993189539413663,True,True,False,MG 1616
p5,美6K5m4,Thiram_1382,1382,8,0.3987644762681743,0.3180138748796144,79.74980064817659,True,True,True,Thiram 1382
p5,美6K5m4,MG_1616,1616,8,1.4599622256290117,0.7551533288876064,51.72416899774619,True,True,True,MG 1616
p5,美6K5m4,MBA_1080,1080,8,3.861808955653044,2.6703990665238977,69.14891692440868,True,True,True,4-MBA 1080
p5,美6K5m5,Thiram_1382,1382,12,1.3102870317523598,0.1703172380938644,12.99846781403953,True,True,True,Thiram 1382
p5,美6K5m5,MG_1616,1616,12,3.890506368651677,0.7445108904592046,19.13660639289039,True,True,True,MG 1616
p5,美6K5m5,MBA_1080,1080,12,1.0671958709024063,0.2316152398542603,21.703161169318403,True,True,True,4-MBA 1080
p5,美6K5m6,Thiram_1382,1382,5,0.8449727214056818,0.5113031602833521,60.511203182128426,True,True,True,Thiram 1382
p5,美6K5m6,MG_1616,1616,5,3.9021206644230033,0.6600580620611172,16.91536779164973,True,True,True,MG 1616
p5,美6K5m6,MBA_1080,1080,5,0.7753101089512029,0.6525159461877051,84.16192935629242,True,True,True,4-MBA 1080
p5,美6K6,Thiram_1382,1382,13,0.4168040686681599,0.6819085819908584,163.60410880100173,True,True,False,Thiram 1382
p5,美6K6,MG_1616,1616,13,3.1370637102937176,0.5743617216817349,18.308895665620973,True,True,False,MG 1616
p5,美6K6m4,Thiram_1382,1382,9,0.3982042643337405,0.2887240789488669,72.50652612471353,True,True,True,Thiram 1382
p5,美6K6m4,MG_1616,1616,9,1.1401451683929524,0.6962449227041647,61.06633979649537,True,True,True,MG 1616
p5,美6K6m4,MBA_1080,1080,9,3.8203381575706734,2.0995560130696336,54.95733431107382,True,True,True,4-MBA 1080
p5,美6K6m5,Thiram_1382,1382,9,0.3307672662819814,0.3087659791665941,93.34840857661196,True,True,True,Thiram 1382
p5,美6K6m5,MG_1616,1616,9,1.0336026847638855,0.5518999767453955,53.39575688809967,True,True,True,MG 1616
p5,美6K6m5,MBA_1080,1080,9,6.266626381989722,2.0406464160700555,32.56371597219951,True,True,True,4-MBA 1080
p5,美6K6m6,Thiram_1382,1382,14,1.2309022640579643,0.1905407244307111,15.47976065967642,True,True,True,Thiram 1382
p5,美6K6m6,MG_1616,1616,14,3.616543763077401,0.3419432477945765,9.45497331694416,True,True,True,MG 1616
p5,美6K6m6,MBA_1080,1080,14,0.6628122157783893,0.2866260699761795,43.24393291991056,True,True,True,4-MBA 1080
p5,美6m4,Thiram_1382,1382,12,0.285624915593998,0.363808256611321,127.37273142111204,True,False,True,Thiram 1382
p5,美6m4,MBA_1080,1080,12,5.881586670769315,3.51765754983504,59.80796929028215,True,False,True,4-MBA 1080
p5,美6m5,Thiram_1382,1382,12,0.5650533398229655,0.3910836124270583,69.21180442001938,True,False,True,Thiram 1382
p5,美6m5,MBA_1080,1080,12,1.9378410825530756,1.5157912988681377,78.22061945714898,True,False,True,4-MBA 1080
p5,美6m6,Thiram_1382,1382,15,0.2480227675619538,0.5575348969156847,224.79182149131432,True,False,True,Thiram 1382
p5,美6m6,MBA_1080,1080,15,1.514192324805795,0.418034650554121,27.607764463324475,True,False,True,4-MBA 1080
