fold_id,n_train,n_test,macro_f1,run_id,task,task_name,retention_pct,n_features
0,720,181,0.9861832061068703,shap_feature_selection_extratrees_p1_20260528_125736,P1_thiram_presence,Thiram Presence,10,141
1,721,180,1.0,shap_feature_selection_extratrees_p1_20260528_125736,P1_thiram_presence,Thiram Presence,10,141
2,721,180,0.9930337861372345,shap_feature_selection_extratrees_p1_20260528_125736,P1_thiram_presence,Thiram Presence,10,141
3,721,180,0.9800524546562742,shap_feature_selection_extratrees_p1_20260528_125736,P1_thiram_presence,Thiram Presence,10,141
4,721,180,0.972640218878249,shap_feature_selection_extratrees_p1_20260528_125736,P1_thiram_presence,Thiram Presence,10,141
0,720,181,0.9861832061068703,shap_feature_selection_extratrees_p1_20260528_125736,P1_thiram_presence,Thiram Presence,20,281
1,721,180,1.0,shap_feature_selection_extratrees_p1_20260528_125736,P1_thiram_presence,Thiram Presence,20,281
2,721,180,0.9930337861372345,shap_feature_selection_extratrees_p1_20260528_125736,P1_thiram_presence,Thiram Presence,20,281
3,721,180,0.9866290298618333,shap_feature_selection_extratrees_p1_20260528_125736,P1_thiram_presence,Thiram Presence,20,281
4,721,180,0.9931190030199931,shap_feature_selection_extratrees_p1_20260528_125736,P1_thiram_presence,Thiram Presence,20,281
0,720,181,0.9930483542650843,shap_feature_selection_extratrees_p1_20260528_125736,P1_thiram_presence,Thiram Presence,30,421
1,721,180,1.0,shap_feature_selection_extratrees_p1_20260528_125736,P1_thiram_presence,Thiram Presence,30,421
2,721,180,0.9930337861372345,shap_feature_selection_extratrees_p1_20260528_125736,P1_thiram_presence,Thiram Presence,30,421
3,721,180,0.9932773109243698,shap_feature_selection_extratrees_p1_20260528_125736,P1_thiram_presence,Thiram Presence,30,421
4,721,180,0.9931190030199931,shap_feature_selection_extratrees_p1_20260528_125736,P1_thiram_presence,Thiram Presence,30,421
0,720,181,0.9930483542650843,shap_feature_selection_extratrees_p1_20260528_125736,P1_thiram_presence,Thiram Presence,40,561
1,721,180,1.0,shap_feature_selection_extratrees_p1_20260528_125736,P1_thiram_presence,Thiram Presence,40,561
2,721,180,1.0,shap_feature_selection_extratrees_p1_20260528_125736,P1_thiram_presence,Thiram Presence,40,561
3,721,180,0.9932773109243698,shap_feature_selection_extratrees_p1_20260528_125736,P1_thiram_presence,Thiram Presence,40,561
4,721,180,0.9931190030199931,shap_feature_selection_extratrees_p1_20260528_125736,P1_thiram_presence,Thiram Presence,40,561
0,720,181,0.9930483542650843,shap_feature_selection_extratrees_p1_20260528_125736,P1_thiram_presence,Thiram Presence,50,701
1,721,180,1.0,shap_feature_selection_extratrees_p1_20260528_125736,P1_thiram_presence,Thiram Presence,50,701
2,721,180,0.9930337861372345,shap_feature_selection_extratrees_p1_20260528_125736,P1_thiram_presence,Thiram Presence,50,701
3,721,180,0.9932773109243698,shap_feature_selection_extratrees_p1_20260528_125736,P1_thiram_presence,Thiram Presence,50,701
4,721,180,0.9931190030199931,shap_feature_selection_extratrees_p1_20260528_125736,P1_thiram_presence,Thiram Presence,50,701
0,720,181,0.9930483542650843,shap_feature_selection_extratrees_p1_20260528_125736,P1_thiram_presence,Thiram Presence,60,841
1,721,180,0.9929442201403316,shap_feature_selection_extratrees_p1_20260528_125736,P1_thiram_presence,Thiram Presence,60,841
2,721,180,0.9930337861372345,shap_feature_selection_extratrees_p1_20260528_125736,P1_thiram_presence,Thiram Presence,60,841
3,721,180,0.9932773109243698,shap_feature_selection_extratrees_p1_20260528_125736,P1_thiram_presence,Thiram Presence,60,841
4,721,180,0.9931190030199931,shap_feature_selection_extratrees_p1_20260528_125736,P1_thiram_presence,Thiram Presence,60,841
0,720,181,0.9930483542650843,shap_feature_selection_extratrees_p1_20260528_125736,P1_thiram_presence,Thiram Presence,70,981
1,721,180,0.9929442201403316,shap_feature_selection_extratrees_p1_20260528_125736,P1_thiram_presence,Thiram Presence,70,981
2,721,180,0.9930337861372345,shap_feature_selection_extratrees_p1_20260528_125736,P1_thiram_presence,Thiram Presence,70,981
3,721,180,0.9932773109243698,shap_feature_selection_extratrees_p1_20260528_125736,P1_thiram_presence,Thiram Presence,70,981
4,721,180,0.9931190030199931,shap_feature_selection_extratrees_p1_20260528_125736,P1_thiram_presence,Thiram Presence,70,981
0,720,181,0.9930483542650843,shap_feature_selection_extratrees_p1_20260528_125736,P1_thiram_presence,Thiram Presence,80,1121
1,721,180,0.9929442201403316,shap_feature_selection_extratrees_p1_20260528_125736,P1_thiram_presence,Thiram Presence,80,1121
2,721,180,0.9930337861372345,shap_feature_selection_extratrees_p1_20260528_125736,P1_thiram_presence,Thiram Presence,80,1121
3,721,180,0.9932773109243698,shap_feature_selection_extratrees_p1_20260528_125736,P1_thiram_presence,Thiram Presence,80,1121
4,721,180,0.9931190030199931,shap_feature_selection_extratrees_p1_20260528_125736,P1_thiram_presence,Thiram Presence,80,1121
0,720,181,0.9930483542650843,shap_feature_selection_extratrees_p1_20260528_125736,P1_thiram_presence,Thiram Presence,90,1261
1,721,180,0.9929442201403316,shap_feature_selection_extratrees_p1_20260528_125736,P1_thiram_presence,Thiram Presence,90,1261
2,721,180,0.9930337861372345,shap_feature_selection_extratrees_p1_20260528_125736,P1_thiram_presence,Thiram Presence,90,1261
3,721,180,0.9932773109243698,shap_feature_selection_extratrees_p1_20260528_125736,P1_thiram_presence,Thiram Presence,90,1261
4,721,180,0.9931190030199931,shap_feature_selection_extratrees_p1_20260528_125736,P1_thiram_presence,Thiram Presence,90,1261
0,720,181,0.9930483542650843,shap_feature_selection_extratrees_p1_20260528_125736,P1_thiram_presence,Thiram Presence,100,1401
1,721,180,0.9929442201403316,shap_feature_selection_extratrees_p1_20260528_125736,P1_thiram_presence,Thiram Presence,100,1401
2,721,180,0.9930337861372345,shap_feature_selection_extratrees_p1_20260528_125736,P1_thiram_presence,Thiram Presence,100,1401
3,721,180,0.9932773109243698,shap_feature_selection_extratrees_p1_20260528_125736,P1_thiram_presence,Thiram Presence,100,1401
4,721,180,0.9931190030199931,shap_feature_selection_extratrees_p1_20260528_125736,P1_thiram_presence,Thiram Presence,100,1401
0,720,181,0.9668315924500641,shap_feature_selection_extratrees_p1_20260528_125736,P2_mg_presence,MG Presence,10,141
1,721,180,0.9729567307692308,shap_feature_selection_extratrees_p1_20260528_125736,P2_mg_presence,MG Presence,10,141
2,721,180,0.9735449735449735,shap_feature_selection_extratrees_p1_20260528_125736,P2_mg_presence,MG Presence,10,141
3,721,180,0.9796003173283971,shap_feature_selection_extratrees_p1_20260528_125736,P2_mg_presence,MG Presence,10,141
4,721,180,0.9534557275313066,shap_feature_selection_extratrees_p1_20260528_125736,P2_mg_presence,MG Presence,10,141
0,720,181,0.9668315924500641,shap_feature_selection_extratrees_p1_20260528_125736,P2_mg_presence,MG Presence,20,281
1,721,180,0.9796003173283971,shap_feature_selection_extratrees_p1_20260528_125736,P2_mg_presence,MG Presence,20,281
2,721,180,0.9866290298618333,shap_feature_selection_extratrees_p1_20260528_125736,P2_mg_presence,MG Presence,20,281
3,721,180,0.9863201094391245,shap_feature_selection_extratrees_p1_20260528_125736,P2_mg_presence,MG Presence,20,281
4,721,180,0.9529411764705882,shap_feature_selection_extratrees_p1_20260528_125736,P2_mg_presence,MG Presence,20,281
0,720,181,0.9798777098387994,shap_feature_selection_extratrees_p1_20260528_125736,P2_mg_presence,MG Presence,30,421
1,721,180,0.9861538461538462,shap_feature_selection_extratrees_p1_20260528_125736,P2_mg_presence,MG Presence,30,421
2,721,180,0.9800524546562742,shap_feature_selection_extratrees_p1_20260528_125736,P2_mg_presence,MG Presence,30,421
3,721,180,0.9863201094391245,shap_feature_selection_extratrees_p1_20260528_125736,P2_mg_presence,MG Presence,30,421
4,721,180,0.9529411764705882,shap_feature_selection_extratrees_p1_20260528_125736,P2_mg_presence,MG Presence,30,421
0,720,181,0.9865086463923673,shap_feature_selection_extratrees_p1_20260528_125736,P2_mg_presence,MG Presence,40,561
1,721,180,0.9793570090599794,shap_feature_selection_extratrees_p1_20260528_125736,P2_mg_presence,MG Presence,40,561
2,721,180,0.9932773109243698,shap_feature_selection_extratrees_p1_20260528_125736,P2_mg_presence,MG Presence,40,561
3,721,180,0.9863201094391245,shap_feature_selection_extratrees_p1_20260528_125736,P2_mg_presence,MG Presence,40,561
4,721,180,0.9529411764705882,shap_feature_selection_extratrees_p1_20260528_125736,P2_mg_presence,MG Presence,40,561
0,720,181,0.9798777098387994,shap_feature_selection_extratrees_p1_20260528_125736,P2_mg_presence,MG Presence,50,701
1,721,180,0.9861538461538462,shap_feature_selection_extratrees_p1_20260528_125736,P2_mg_presence,MG Presence,50,701
2,721,180,0.9866290298618333,shap_feature_selection_extratrees_p1_20260528_125736,P2_mg_presence,MG Presence,50,701
3,721,180,0.9793570090599794,shap_feature_selection_extratrees_p1_20260528_125736,P2_mg_presence,MG Presence,50,701
4,721,180,0.9529411764705882,shap_feature_selection_extratrees_p1_20260528_125736,P2_mg_presence,MG Presence,50,701
0,720,181,0.9798777098387994,shap_feature_selection_extratrees_p1_20260528_125736,P2_mg_presence,MG Presence,60,841
1,721,180,0.9931190030199931,shap_feature_selection_extratrees_p1_20260528_125736,P2_mg_presence,MG Presence,60,841
2,721,180,0.9932773109243698,shap_feature_selection_extratrees_p1_20260528_125736,P2_mg_presence,MG Presence,60,841
3,721,180,0.9793570090599794,shap_feature_selection_extratrees_p1_20260528_125736,P2_mg_presence,MG Presence,60,841
4,721,180,0.9529411764705882,shap_feature_selection_extratrees_p1_20260528_125736,P2_mg_presence,MG Presence,60,841
0,720,181,0.9865086463923673,shap_feature_selection_extratrees_p1_20260528_125736,P2_mg_presence,MG Presence,70,981
1,721,180,0.9861538461538462,shap_feature_selection_extratrees_p1_20260528_125736,P2_mg_presence,MG Presence,70,981
2,721,180,0.9932773109243698,shap_feature_selection_extratrees_p1_20260528_125736,P2_mg_presence,MG Presence,70,981
3,721,180,0.9793570090599794,shap_feature_selection_extratrees_p1_20260528_125736,P2_mg_presence,MG Presence,70,981
4,721,180,0.9594350961538461,shap_feature_selection_extratrees_p1_20260528_125736,P2_mg_presence,MG Presence,70,981
0,720,181,0.9730172927847347,shap_feature_selection_extratrees_p1_20260528_125736,P2_mg_presence,MG Presence,80,1121
1,721,180,0.9861538461538462,shap_feature_selection_extratrees_p1_20260528_125736,P2_mg_presence,MG Presence,80,1121
2,721,180,0.9866290298618333,shap_feature_selection_extratrees_p1_20260528_125736,P2_mg_presence,MG Presence,80,1121
3,721,180,0.9723076923076923,shap_feature_selection_extratrees_p1_20260528_125736,P2_mg_presence,MG Presence,80,1121
4,721,180,0.9529411764705882,shap_feature_selection_extratrees_p1_20260528_125736,P2_mg_presence,MG Presence,80,1121
0,720,181,0.9865086463923673,shap_feature_selection_extratrees_p1_20260528_125736,P2_mg_presence,MG Presence,90,1261
1,721,180,0.9861538461538462,shap_feature_selection_extratrees_p1_20260528_125736,P2_mg_presence,MG Presence,90,1261
2,721,180,0.9866290298618333,shap_feature_selection_extratrees_p1_20260528_125736,P2_mg_presence,MG Presence,90,1261
3,721,180,0.9863201094391245,shap_feature_selection_extratrees_p1_20260528_125736,P2_mg_presence,MG Presence,90,1261
4,721,180,0.9529411764705882,shap_feature_selection_extratrees_p1_20260528_125736,P2_mg_presence,MG Presence,90,1261
0,720,181,0.9798777098387994,shap_feature_selection_extratrees_p1_20260528_125736,P2_mg_presence,MG Presence,100,1401
1,721,180,0.9931190030199931,shap_feature_selection_extratrees_p1_20260528_125736,P2_mg_presence,MG Presence,100,1401
2,721,180,0.9800524546562742,shap_feature_selection_extratrees_p1_20260528_125736,P2_mg_presence,MG Presence,100,1401
3,721,180,0.9793570090599794,shap_feature_selection_extratrees_p1_20260528_125736,P2_mg_presence,MG Presence,100,1401
4,721,180,0.9594350961538461,shap_feature_selection_extratrees_p1_20260528_125736,P2_mg_presence,MG Presence,100,1401
0,720,181,0.9847489046174587,shap_feature_selection_extratrees_p1_20260528_125736,P3_mba_presence,MBA Presence,10,141
1,721,180,0.968944099378882,shap_feature_selection_extratrees_p1_20260528_125736,P3_mba_presence,MBA Presence,10,141
2,721,180,0.9924213717317165,shap_feature_selection_extratrees_p1_20260528_125736,P3_mba_presence,MBA Presence,10,141
3,721,180,0.9772641151951498,shap_feature_selection_extratrees_p1_20260528_125736,P3_mba_presence,MBA Presence,10,141
4,721,180,0.9851851851851852,shap_feature_selection_extratrees_p1_20260528_125736,P3_mba_presence,MBA Presence,10,141
0,720,181,0.9847489046174587,shap_feature_selection_extratrees_p1_20260528_125736,P3_mba_presence,MBA Presence,20,281
1,721,180,0.9684155114932445,shap_feature_selection_extratrees_p1_20260528_125736,P3_mba_presence,MBA Presence,20,281
2,721,180,1.0,shap_feature_selection_extratrees_p1_20260528_125736,P3_mba_presence,MBA Presence,20,281
3,721,180,0.9849598930481284,shap_feature_selection_extratrees_p1_20260528_125736,P3_mba_presence,MBA Presence,20,281
4,721,180,0.992646758446015,shap_feature_selection_extratrees_p1_20260528_125736,P3_mba_presence,MBA Presence,20,281
0,720,181,0.9847489046174587,shap_feature_selection_extratrees_p1_20260528_125736,P3_mba_presence,MBA Presence,30,421
1,721,180,0.9601752289924332,shap_feature_selection_extratrees_p1_20260528_125736,P3_mba_presence,MBA Presence,30,421
2,721,180,1.0,shap_feature_selection_extratrees_p1_20260528_125736,P3_mba_presence,MBA Presence,30,421
3,721,180,0.9849598930481284,shap_feature_selection_extratrees_p1_20260528_125736,P3_mba_presence,MBA Presence,30,421
4,721,180,0.9851851851851852,shap_feature_selection_extratrees_p1_20260528_125736,P3_mba_presence,MBA Presence,30,421
0,720,181,0.9847489046174587,shap_feature_selection_extratrees_p1_20260528_125736,P3_mba_presence,MBA Presence,40,561
1,721,180,0.9765125483884998,shap_feature_selection_extratrees_p1_20260528_125736,P3_mba_presence,MBA Presence,40,561
2,721,180,1.0,shap_feature_selection_extratrees_p1_20260528_125736,P3_mba_presence,MBA Presence,40,561
3,721,180,0.9849598930481284,shap_feature_selection_extratrees_p1_20260528_125736,P3_mba_presence,MBA Presence,40,561
4,721,180,0.9925370040217256,shap_feature_selection_extratrees_p1_20260528_125736,P3_mba_presence,MBA Presence,40,561
0,720,181,0.9847489046174587,shap_feature_selection_extratrees_p1_20260528_125736,P3_mba_presence,MBA Presence,50,701
1,721,180,0.9684155114932445,shap_feature_selection_extratrees_p1_20260528_125736,P3_mba_presence,MBA Presence,50,701
2,721,180,1.0,shap_feature_selection_extratrees_p1_20260528_125736,P3_mba_presence,MBA Presence,50,701
3,721,180,0.9849598930481284,shap_feature_selection_extratrees_p1_20260528_125736,P3_mba_presence,MBA Presence,50,701
4,721,180,1.0,shap_feature_selection_extratrees_p1_20260528_125736,P3_mba_presence,MBA Presence,50,701
0,720,181,0.9924346917450366,shap_feature_selection_extratrees_p1_20260528_125736,P3_mba_presence,MBA Presence,60,841
1,721,180,0.9601752289924332,shap_feature_selection_extratrees_p1_20260528_125736,P3_mba_presence,MBA Presence,60,841
2,721,180,1.0,shap_feature_selection_extratrees_p1_20260528_125736,P3_mba_presence,MBA Presence,60,841
3,721,180,0.9849598930481284,shap_feature_selection_extratrees_p1_20260528_125736,P3_mba_presence,MBA Presence,60,841
4,721,180,0.9925370040217256,shap_feature_selection_extratrees_p1_20260528_125736,P3_mba_presence,MBA Presence,60,841
0,720,181,0.9924346917450366,shap_feature_selection_extratrees_p1_20260528_125736,P3_mba_presence,MBA Presence,70,981
1,721,180,0.9684155114932445,shap_feature_selection_extratrees_p1_20260528_125736,P3_mba_presence,MBA Presence,70,981
2,721,180,1.0,shap_feature_selection_extratrees_p1_20260528_125736,P3_mba_presence,MBA Presence,70,981
3,721,180,0.9849598930481284,shap_feature_selection_extratrees_p1_20260528_125736,P3_mba_presence,MBA Presence,70,981
4,721,180,1.0,shap_feature_selection_extratrees_p1_20260528_125736,P3_mba_presence,MBA Presence,70,981
0,720,181,0.9847489046174587,shap_feature_selection_extratrees_p1_20260528_125736,P3_mba_presence,MBA Presence,80,1121
1,721,180,0.9684155114932445,shap_feature_selection_extratrees_p1_20260528_125736,P3_mba_presence,MBA Presence,80,1121
2,721,180,1.0,shap_feature_selection_extratrees_p1_20260528_125736,P3_mba_presence,MBA Presence,80,1121
3,721,180,0.9925370040217256,shap_feature_selection_extratrees_p1_20260528_125736,P3_mba_presence,MBA Presence,80,1121
4,721,180,0.992646758446015,shap_feature_selection_extratrees_p1_20260528_125736,P3_mba_presence,MBA Presence,80,1121
0,720,181,0.9924346917450366,shap_feature_selection_extratrees_p1_20260528_125736,P3_mba_presence,MBA Presence,90,1261
1,721,180,0.9684155114932445,shap_feature_selection_extratrees_p1_20260528_125736,P3_mba_presence,MBA Presence,90,1261
2,721,180,1.0,shap_feature_selection_extratrees_p1_20260528_125736,P3_mba_presence,MBA Presence,90,1261
3,721,180,0.9849598930481284,shap_feature_selection_extratrees_p1_20260528_125736,P3_mba_presence,MBA Presence,90,1261
4,721,180,0.9851851851851852,shap_feature_selection_extratrees_p1_20260528_125736,P3_mba_presence,MBA Presence,90,1261
0,720,181,0.9847489046174587,shap_feature_selection_extratrees_p1_20260528_125736,P3_mba_presence,MBA Presence,100,1401
1,721,180,0.9684155114932445,shap_feature_selection_extratrees_p1_20260528_125736,P3_mba_presence,MBA Presence,100,1401
2,721,180,1.0,shap_feature_selection_extratrees_p1_20260528_125736,P3_mba_presence,MBA Presence,100,1401
3,721,180,0.9925370040217256,shap_feature_selection_extratrees_p1_20260528_125736,P3_mba_presence,MBA Presence,100,1401
4,721,180,0.9925370040217256,shap_feature_selection_extratrees_p1_20260528_125736,P3_mba_presence,MBA Presence,100,1401
0,519,131,0.9840463257065402,shap_feature_selection_extratrees_p1_20260528_125736,G1_thiram_molar_grade,Thiram Positive Molar Grade,10,141
1,519,131,0.9772956424499074,shap_feature_selection_extratrees_p1_20260528_125736,G1_thiram_molar_grade,Thiram Positive Molar Grade,10,141
2,520,130,1.0,shap_feature_selection_extratrees_p1_20260528_125736,G1_thiram_molar_grade,Thiram Positive Molar Grade,10,141
3,522,128,0.9592568911622621,shap_feature_selection_extratrees_p1_20260528_125736,G1_thiram_molar_grade,Thiram Positive Molar Grade,10,141
4,520,130,0.9759920915124982,shap_feature_selection_extratrees_p1_20260528_125736,G1_thiram_molar_grade,Thiram Positive Molar Grade,10,141
0,519,131,1.0,shap_feature_selection_extratrees_p1_20260528_125736,G1_thiram_molar_grade,Thiram Positive Molar Grade,20,281
1,519,131,0.9844253490870032,shap_feature_selection_extratrees_p1_20260528_125736,G1_thiram_molar_grade,Thiram Positive Molar Grade,20,281
2,520,130,1.0,shap_feature_selection_extratrees_p1_20260528_125736,G1_thiram_molar_grade,Thiram Positive Molar Grade,20,281
3,522,128,0.9762237964178535,shap_feature_selection_extratrees_p1_20260528_125736,G1_thiram_molar_grade,Thiram Positive Molar Grade,20,281
4,520,130,0.9840465465465466,shap_feature_selection_extratrees_p1_20260528_125736,G1_thiram_molar_grade,Thiram Positive Molar Grade,20,281
0,519,131,1.0,shap_feature_selection_extratrees_p1_20260528_125736,G1_thiram_molar_grade,Thiram Positive Molar Grade,30,421
1,519,131,0.9844253490870032,shap_feature_selection_extratrees_p1_20260528_125736,G1_thiram_molar_grade,Thiram Positive Molar Grade,30,421
2,520,130,1.0,shap_feature_selection_extratrees_p1_20260528_125736,G1_thiram_molar_grade,Thiram Positive Molar Grade,30,421
3,522,128,0.9845616340181557,shap_feature_selection_extratrees_p1_20260528_125736,G1_thiram_molar_grade,Thiram Positive Molar Grade,30,421
4,520,130,0.9840465465465466,shap_feature_selection_extratrees_p1_20260528_125736,G1_thiram_molar_grade,Thiram Positive Molar Grade,30,421
0,519,131,1.0,shap_feature_selection_extratrees_p1_20260528_125736,G1_thiram_molar_grade,Thiram Positive Molar Grade,40,561
1,519,131,0.9844253490870032,shap_feature_selection_extratrees_p1_20260528_125736,G1_thiram_molar_grade,Thiram Positive Molar Grade,40,561
2,520,130,1.0,shap_feature_selection_extratrees_p1_20260528_125736,G1_thiram_molar_grade,Thiram Positive Molar Grade,40,561
3,522,128,0.9845616340181557,shap_feature_selection_extratrees_p1_20260528_125736,G1_thiram_molar_grade,Thiram Positive Molar Grade,40,561
4,520,130,0.9840465465465466,shap_feature_selection_extratrees_p1_20260528_125736,G1_thiram_molar_grade,Thiram Positive Molar Grade,40,561
0,519,131,1.0,shap_feature_selection_extratrees_p1_20260528_125736,G1_thiram_molar_grade,Thiram Positive Molar Grade,50,701
1,519,131,0.9922345695541571,shap_feature_selection_extratrees_p1_20260528_125736,G1_thiram_molar_grade,Thiram Positive Molar Grade,50,701
2,520,130,1.0,shap_feature_selection_extratrees_p1_20260528_125736,G1_thiram_molar_grade,Thiram Positive Molar Grade,50,701
3,522,128,0.9845616340181557,shap_feature_selection_extratrees_p1_20260528_125736,G1_thiram_molar_grade,Thiram Positive Molar Grade,50,701
4,520,130,0.9920467836257311,shap_feature_selection_extratrees_p1_20260528_125736,G1_thiram_molar_grade,Thiram Positive Molar Grade,50,701
0,519,131,1.0,shap_feature_selection_extratrees_p1_20260528_125736,G1_thiram_molar_grade,Thiram Positive Molar Grade,60,841
1,519,131,0.9922345695541571,shap_feature_selection_extratrees_p1_20260528_125736,G1_thiram_molar_grade,Thiram Positive Molar Grade,60,841
2,520,130,1.0,shap_feature_selection_extratrees_p1_20260528_125736,G1_thiram_molar_grade,Thiram Positive Molar Grade,60,841
3,522,128,0.9916603101957793,shap_feature_selection_extratrees_p1_20260528_125736,G1_thiram_molar_grade,Thiram Positive Molar Grade,60,841
4,520,130,0.9920467836257311,shap_feature_selection_extratrees_p1_20260528_125736,G1_thiram_molar_grade,Thiram Positive Molar Grade,60,841
0,519,131,1.0,shap_feature_selection_extratrees_p1_20260528_125736,G1_thiram_molar_grade,Thiram Positive Molar Grade,70,981
1,519,131,0.9922345695541571,shap_feature_selection_extratrees_p1_20260528_125736,G1_thiram_molar_grade,Thiram Positive Molar Grade,70,981
2,520,130,1.0,shap_feature_selection_extratrees_p1_20260528_125736,G1_thiram_molar_grade,Thiram Positive Molar Grade,70,981
3,522,128,0.9845616340181557,shap_feature_selection_extratrees_p1_20260528_125736,G1_thiram_molar_grade,Thiram Positive Molar Grade,70,981
4,520,130,0.9840465465465466,shap_feature_selection_extratrees_p1_20260528_125736,G1_thiram_molar_grade,Thiram Positive Molar Grade,70,981
0,519,131,1.0,shap_feature_selection_extratrees_p1_20260528_125736,G1_thiram_molar_grade,Thiram Positive Molar Grade,80,1121
1,519,131,0.9922345695541571,shap_feature_selection_extratrees_p1_20260528_125736,G1_thiram_molar_grade,Thiram Positive Molar Grade,80,1121
2,520,130,1.0,shap_feature_selection_extratrees_p1_20260528_125736,G1_thiram_molar_grade,Thiram Positive Molar Grade,80,1121
3,522,128,0.9845616340181557,shap_feature_selection_extratrees_p1_20260528_125736,G1_thiram_molar_grade,Thiram Positive Molar Grade,80,1121
4,520,130,0.9840465465465466,shap_feature_selection_extratrees_p1_20260528_125736,G1_thiram_molar_grade,Thiram Positive Molar Grade,80,1121
0,519,131,1.0,shap_feature_selection_extratrees_p1_20260528_125736,G1_thiram_molar_grade,Thiram Positive Molar Grade,90,1261
1,519,131,0.9922345695541571,shap_feature_selection_extratrees_p1_20260528_125736,G1_thiram_molar_grade,Thiram Positive Molar Grade,90,1261
2,520,130,1.0,shap_feature_selection_extratrees_p1_20260528_125736,G1_thiram_molar_grade,Thiram Positive Molar Grade,90,1261
3,522,128,0.9845616340181557,shap_feature_selection_extratrees_p1_20260528_125736,G1_thiram_molar_grade,Thiram Positive Molar Grade,90,1261
4,520,130,0.9920467836257311,shap_feature_selection_extratrees_p1_20260528_125736,G1_thiram_molar_grade,Thiram Positive Molar Grade,90,1261
0,519,131,1.0,shap_feature_selection_extratrees_p1_20260528_125736,G1_thiram_molar_grade,Thiram Positive Molar Grade,100,1401
1,519,131,0.9922345695541571,shap_feature_selection_extratrees_p1_20260528_125736,G1_thiram_molar_grade,Thiram Positive Molar Grade,100,1401
2,520,130,1.0,shap_feature_selection_extratrees_p1_20260528_125736,G1_thiram_molar_grade,Thiram Positive Molar Grade,100,1401
3,522,128,0.9845616340181557,shap_feature_selection_extratrees_p1_20260528_125736,G1_thiram_molar_grade,Thiram Positive Molar Grade,100,1401
4,520,130,0.9920467836257311,shap_feature_selection_extratrees_p1_20260528_125736,G1_thiram_molar_grade,Thiram Positive Molar Grade,100,1401
0,518,130,0.9612350687401398,shap_feature_selection_extratrees_p1_20260528_125736,G2_mg_molar_grade,MG Positive Molar Grade,10,141
1,518,130,0.9538082933431772,shap_feature_selection_extratrees_p1_20260528_125736,G2_mg_molar_grade,MG Positive Molar Grade,10,141
2,520,128,0.953280077463084,shap_feature_selection_extratrees_p1_20260528_125736,G2_mg_molar_grade,MG Positive Molar Grade,10,141
3,518,130,0.9446755704468952,shap_feature_selection_extratrees_p1_20260528_125736,G2_mg_molar_grade,MG Positive Molar Grade,10,141
4,518,130,0.9532608695652174,shap_feature_selection_extratrees_p1_20260528_125736,G2_mg_molar_grade,MG Positive Molar Grade,10,141
0,518,130,0.9767410412440839,shap_feature_selection_extratrees_p1_20260528_125736,G2_mg_molar_grade,MG Positive Molar Grade,20,281
1,518,130,0.9612224433439781,shap_feature_selection_extratrees_p1_20260528_125736,G2_mg_molar_grade,MG Positive Molar Grade,20,281
2,520,128,0.953280077463084,shap_feature_selection_extratrees_p1_20260528_125736,G2_mg_molar_grade,MG Positive Molar Grade,20,281
3,518,130,0.9607372587827808,shap_feature_selection_extratrees_p1_20260528_125736,G2_mg_molar_grade,MG Positive Molar Grade,20,281
4,518,130,0.9532608695652174,shap_feature_selection_extratrees_p1_20260528_125736,G2_mg_molar_grade,MG Positive Molar Grade,20,281
0,518,130,0.9689922480620154,shap_feature_selection_extratrees_p1_20260528_125736,G2_mg_molar_grade,MG Positive Molar Grade,30,421
1,518,130,0.9613732672556202,shap_feature_selection_extratrees_p1_20260528_125736,G2_mg_molar_grade,MG Positive Molar Grade,30,421
2,520,128,0.953280077463084,shap_feature_selection_extratrees_p1_20260528_125736,G2_mg_molar_grade,MG Positive Molar Grade,30,421
3,518,130,0.9607372587827808,shap_feature_selection_extratrees_p1_20260528_125736,G2_mg_molar_grade,MG Positive Molar Grade,30,421
4,518,130,0.9611088499977388,shap_feature_selection_extratrees_p1_20260528_125736,G2_mg_molar_grade,MG Positive Molar Grade,30,421
0,518,130,0.9767410412440839,shap_feature_selection_extratrees_p1_20260528_125736,G2_mg_molar_grade,MG Positive Molar Grade,40,561
1,518,130,0.9613732672556202,shap_feature_selection_extratrees_p1_20260528_125736,G2_mg_molar_grade,MG Positive Molar Grade,40,561
2,520,128,0.9610916770106234,shap_feature_selection_extratrees_p1_20260528_125736,G2_mg_molar_grade,MG Positive Molar Grade,40,561
3,518,130,0.9761600681140911,shap_feature_selection_extratrees_p1_20260528_125736,G2_mg_molar_grade,MG Positive Molar Grade,40,561
4,518,130,0.9532608695652174,shap_feature_selection_extratrees_p1_20260528_125736,G2_mg_molar_grade,MG Positive Molar Grade,40,561
0,518,130,0.9844961240310077,shap_feature_selection_extratrees_p1_20260528_125736,G2_mg_molar_grade,MG Positive Molar Grade,50,701
1,518,130,0.9689407245349685,shap_feature_selection_extratrees_p1_20260528_125736,G2_mg_molar_grade,MG Positive Molar Grade,50,701
2,520,128,0.9685883222468589,shap_feature_selection_extratrees_p1_20260528_125736,G2_mg_molar_grade,MG Positive Molar Grade,50,701
3,518,130,0.968566215627981,shap_feature_selection_extratrees_p1_20260528_125736,G2_mg_molar_grade,MG Positive Molar Grade,50,701
4,518,130,0.9611088499977388,shap_feature_selection_extratrees_p1_20260528_125736,G2_mg_molar_grade,MG Positive Molar Grade,50,701
0,518,130,0.9767410412440839,shap_feature_selection_extratrees_p1_20260528_125736,G2_mg_molar_grade,MG Positive Molar Grade,60,841
1,518,130,0.9536622192093182,shap_feature_selection_extratrees_p1_20260528_125736,G2_mg_molar_grade,MG Positive Molar Grade,60,841
2,520,128,0.9685883222468589,shap_feature_selection_extratrees_p1_20260528_125736,G2_mg_molar_grade,MG Positive Molar Grade,60,841
3,518,130,0.9761600681140911,shap_feature_selection_extratrees_p1_20260528_125736,G2_mg_molar_grade,MG Positive Molar Grade,60,841
4,518,130,0.9611088499977388,shap_feature_selection_extratrees_p1_20260528_125736,G2_mg_molar_grade,MG Positive Molar Grade,60,841
0,518,130,0.9922470137480279,shap_feature_selection_extratrees_p1_20260528_125736,G2_mg_molar_grade,MG Positive Molar Grade,70,981
1,518,130,0.9613732672556202,shap_feature_selection_extratrees_p1_20260528_125736,G2_mg_molar_grade,MG Positive Molar Grade,70,981
2,520,128,0.9685883222468589,shap_feature_selection_extratrees_p1_20260528_125736,G2_mg_molar_grade,MG Positive Molar Grade,70,981
3,518,130,0.9761600681140911,shap_feature_selection_extratrees_p1_20260528_125736,G2_mg_molar_grade,MG Positive Molar Grade,70,981
4,518,130,0.94537452928633,shap_feature_selection_extratrees_p1_20260528_125736,G2_mg_molar_grade,MG Positive Molar Grade,70,981
0,518,130,0.9767410412440839,shap_feature_selection_extratrees_p1_20260528_125736,G2_mg_molar_grade,MG Positive Molar Grade,80,1121
1,518,130,0.9536622192093182,shap_feature_selection_extratrees_p1_20260528_125736,G2_mg_molar_grade,MG Positive Molar Grade,80,1121
2,520,128,0.9607625905922541,shap_feature_selection_extratrees_p1_20260528_125736,G2_mg_molar_grade,MG Positive Molar Grade,80,1121
3,518,130,0.9761600681140911,shap_feature_selection_extratrees_p1_20260528_125736,G2_mg_molar_grade,MG Positive Molar Grade,80,1121
4,518,130,0.94537452928633,shap_feature_selection_extratrees_p1_20260528_125736,G2_mg_molar_grade,MG Positive Molar Grade,80,1121
0,518,130,0.9767410412440839,shap_feature_selection_extratrees_p1_20260528_125736,G2_mg_molar_grade,MG Positive Molar Grade,90,1261
1,518,130,0.9538126361655773,shap_feature_selection_extratrees_p1_20260528_125736,G2_mg_molar_grade,MG Positive Molar Grade,90,1261
2,520,128,0.9685883222468589,shap_feature_selection_extratrees_p1_20260528_125736,G2_mg_molar_grade,MG Positive Molar Grade,90,1261
3,518,130,0.968566215627981,shap_feature_selection_extratrees_p1_20260528_125736,G2_mg_molar_grade,MG Positive Molar Grade,90,1261
4,518,130,0.9611088499977388,shap_feature_selection_extratrees_p1_20260528_125736,G2_mg_molar_grade,MG Positive Molar Grade,90,1261
0,518,130,0.9767410412440839,shap_feature_selection_extratrees_p1_20260528_125736,G2_mg_molar_grade,MG Positive Molar Grade,100,1401
1,518,130,0.9613732672556202,shap_feature_selection_extratrees_p1_20260528_125736,G2_mg_molar_grade,MG Positive Molar Grade,100,1401
2,520,128,0.9685883222468589,shap_feature_selection_extratrees_p1_20260528_125736,G2_mg_molar_grade,MG Positive Molar Grade,100,1401
3,518,130,0.968566215627981,shap_feature_selection_extratrees_p1_20260528_125736,G2_mg_molar_grade,MG Positive Molar Grade,100,1401
4,518,130,0.953456327738475,shap_feature_selection_extratrees_p1_20260528_125736,G2_mg_molar_grade,MG Positive Molar Grade,100,1401
0,544,137,0.9707694933501386,shap_feature_selection_extratrees_p1_20260528_125736,G3_mba_molar_grade,MBA Positive Molar Grade,10,141
1,544,137,0.9563659331337194,shap_feature_selection_extratrees_p1_20260528_125736,G3_mba_molar_grade,MBA Positive Molar Grade,10,141
2,544,137,0.9853462157809983,shap_feature_selection_extratrees_p1_20260528_125736,G3_mba_molar_grade,MBA Positive Molar Grade,10,141
3,546,135,0.9702817130760463,shap_feature_selection_extratrees_p1_20260528_125736,G3_mba_molar_grade,MBA Positive Molar Grade,10,141
4,546,135,0.9851851851851853,shap_feature_selection_extratrees_p1_20260528_125736,G3_mba_molar_grade,MBA Positive Molar Grade,10,141
0,544,137,0.9780113567717773,shap_feature_selection_extratrees_p1_20260528_125736,G3_mba_molar_grade,MBA Positive Molar Grade,20,281
1,544,137,0.9776425288784002,shap_feature_selection_extratrees_p1_20260528_125736,G3_mba_molar_grade,MBA Positive Molar Grade,20,281
2,544,137,0.9853462157809983,shap_feature_selection_extratrees_p1_20260528_125736,G3_mba_molar_grade,MBA Positive Molar Grade,20,281
3,546,135,0.985184270577529,shap_feature_selection_extratrees_p1_20260528_125736,G3_mba_molar_grade,MBA Positive Molar Grade,20,281
4,546,135,0.9777750339548094,shap_feature_selection_extratrees_p1_20260528_125736,G3_mba_molar_grade,MBA Positive Molar Grade,20,281
0,544,137,0.9780113567717773,shap_feature_selection_extratrees_p1_20260528_125736,G3_mba_molar_grade,MBA Positive Molar Grade,30,421
1,544,137,0.9777089783281734,shap_feature_selection_extratrees_p1_20260528_125736,G3_mba_molar_grade,MBA Positive Molar Grade,30,421
2,544,137,0.9853462157809983,shap_feature_selection_extratrees_p1_20260528_125736,G3_mba_molar_grade,MBA Positive Molar Grade,30,421
3,546,135,0.9776936338734092,shap_feature_selection_extratrees_p1_20260528_125736,G3_mba_molar_grade,MBA Positive Molar Grade,30,421
4,546,135,0.9777750339548094,shap_feature_selection_extratrees_p1_20260528_125736,G3_mba_molar_grade,MBA Positive Molar Grade,30,421
0,544,137,0.9780113567717773,shap_feature_selection_extratrees_p1_20260528_125736,G3_mba_molar_grade,MBA Positive Molar Grade,40,561
1,544,137,0.970542125024702,shap_feature_selection_extratrees_p1_20260528_125736,G3_mba_molar_grade,MBA Positive Molar Grade,40,561
2,544,137,0.992670452257259,shap_feature_selection_extratrees_p1_20260528_125736,G3_mba_molar_grade,MBA Positive Molar Grade,40,561
3,546,135,0.9776936338734092,shap_feature_selection_extratrees_p1_20260528_125736,G3_mba_molar_grade,MBA Positive Molar Grade,40,561
4,546,135,0.9777750339548094,shap_feature_selection_extratrees_p1_20260528_125736,G3_mba_molar_grade,MBA Positive Molar Grade,40,561
0,544,137,0.9780113567717773,shap_feature_selection_extratrees_p1_20260528_125736,G3_mba_molar_grade,MBA Positive Molar Grade,50,701
1,544,137,0.9777089783281734,shap_feature_selection_extratrees_p1_20260528_125736,G3_mba_molar_grade,MBA Positive Molar Grade,50,701
2,544,137,0.992670452257259,shap_feature_selection_extratrees_p1_20260528_125736,G3_mba_molar_grade,MBA Positive Molar Grade,50,701
3,546,135,0.9776936338734092,shap_feature_selection_extratrees_p1_20260528_125736,G3_mba_molar_grade,MBA Positive Molar Grade,50,701
4,546,135,0.9777750339548094,shap_feature_selection_extratrees_p1_20260528_125736,G3_mba_molar_grade,MBA Positive Molar Grade,50,701
0,544,137,0.9780113567717773,shap_feature_selection_extratrees_p1_20260528_125736,G3_mba_molar_grade,MBA Positive Molar Grade,60,841
1,544,137,0.9777089783281734,shap_feature_selection_extratrees_p1_20260528_125736,G3_mba_molar_grade,MBA Positive Molar Grade,60,841
2,544,137,0.9780113567717773,shap_feature_selection_extratrees_p1_20260528_125736,G3_mba_molar_grade,MBA Positive Molar Grade,60,841
3,546,135,0.9776936338734092,shap_feature_selection_extratrees_p1_20260528_125736,G3_mba_molar_grade,MBA Positive Molar Grade,60,841
4,546,135,0.9777750339548094,shap_feature_selection_extratrees_p1_20260528_125736,G3_mba_molar_grade,MBA Positive Molar Grade,60,841
0,544,137,0.9780113567717773,shap_feature_selection_extratrees_p1_20260528_125736,G3_mba_molar_grade,MBA Positive Molar Grade,70,981
1,544,137,0.9777089783281734,shap_feature_selection_extratrees_p1_20260528_125736,G3_mba_molar_grade,MBA Positive Molar Grade,70,981
2,544,137,0.9853320438426821,shap_feature_selection_extratrees_p1_20260528_125736,G3_mba_molar_grade,MBA Positive Molar Grade,70,981
3,546,135,0.9776936338734092,shap_feature_selection_extratrees_p1_20260528_125736,G3_mba_molar_grade,MBA Positive Molar Grade,70,981
4,546,135,0.9851851851851853,shap_feature_selection_extratrees_p1_20260528_125736,G3_mba_molar_grade,MBA Positive Molar Grade,70,981
0,544,137,0.9707694933501386,shap_feature_selection_extratrees_p1_20260528_125736,G3_mba_molar_grade,MBA Positive Molar Grade,80,1121
1,544,137,0.9777089783281734,shap_feature_selection_extratrees_p1_20260528_125736,G3_mba_molar_grade,MBA Positive Molar Grade,80,1121
2,544,137,0.992670452257259,shap_feature_selection_extratrees_p1_20260528_125736,G3_mba_molar_grade,MBA Positive Molar Grade,80,1121
3,546,135,0.9776936338734092,shap_feature_selection_extratrees_p1_20260528_125736,G3_mba_molar_grade,MBA Positive Molar Grade,80,1121
4,546,135,0.9703557312252965,shap_feature_selection_extratrees_p1_20260528_125736,G3_mba_molar_grade,MBA Positive Molar Grade,80,1121
0,544,137,0.9707694933501386,shap_feature_selection_extratrees_p1_20260528_125736,G3_mba_molar_grade,MBA Positive Molar Grade,90,1261
1,544,137,0.9777089783281734,shap_feature_selection_extratrees_p1_20260528_125736,G3_mba_molar_grade,MBA Positive Molar Grade,90,1261
2,544,137,0.9780113567717773,shap_feature_selection_extratrees_p1_20260528_125736,G3_mba_molar_grade,MBA Positive Molar Grade,90,1261
3,546,135,0.9776936338734092,shap_feature_selection_extratrees_p1_20260528_125736,G3_mba_molar_grade,MBA Positive Molar Grade,90,1261
4,546,135,0.9851851851851853,shap_feature_selection_extratrees_p1_20260528_125736,G3_mba_molar_grade,MBA Positive Molar Grade,90,1261
0,544,137,0.9707694933501386,shap_feature_selection_extratrees_p1_20260528_125736,G3_mba_molar_grade,MBA Positive Molar Grade,100,1401
1,544,137,0.970542125024702,shap_feature_selection_extratrees_p1_20260528_125736,G3_mba_molar_grade,MBA Positive Molar Grade,100,1401
2,544,137,0.9853320438426821,shap_feature_selection_extratrees_p1_20260528_125736,G3_mba_molar_grade,MBA Positive Molar Grade,100,1401
3,546,135,0.9776936338734092,shap_feature_selection_extratrees_p1_20260528_125736,G3_mba_molar_grade,MBA Positive Molar Grade,100,1401
4,546,135,0.9777750339548094,shap_feature_selection_extratrees_p1_20260528_125736,G3_mba_molar_grade,MBA Positive Molar Grade,100,1401
