Task,TaskName,Model,Preprocess,F1_mean,F1_std,BA_mean,BA_std,Acc_mean,Acc_std,FitSeconds_total,FitSeconds_mean,PredictSeconds_total,source_stage,source_priority,source_variant_file,variant_scope
G1_thiram_molar_grade,Thiram Positive Molar Grade,RamanNet-Lite,p1,0.996963784507791,0.0041637662631185,0.9970664087685364,0.0040206217181032,0.9969348209042864,0.0041972206780104,158.86667919903994,31.773335839807988,0.1059765517711639,augmentation_aug_no_mixup,5,cv_results_summary_p1.csv,p1
G1_thiram_molar_grade,Thiram Positive Molar Grade,Spectrum-KAN,p1,0.9920191710719836,0.0097424269671162,0.9919449469281496,0.0100730655837349,0.9922953978273634,0.0094213417866801,335.2529970109463,67.05059940218925,0.1074526384472847,augmentation_aug_no_mixup,5,cv_results_summary_p1.csv,p1
G1_thiram_molar_grade,Thiram Positive Molar Grade,1D-ResNet,raw,0.9459238001785412,0.0162981800396699,0.942457980264592,0.0169422390705266,0.9446473135642982,0.0165219578310845,553.665079370141,110.7330158740282,0.1847321540117263,augmentation_aug_no_mixup,5,cv_results_summary_raw.csv,raw
G1_thiram_molar_grade,Thiram Positive Molar Grade,1D-CNN,p1,0.9331877113824942,0.0201595941185698,0.9310621758599996,0.0235805919667748,0.9321841970052848,0.0203888511410107,259.49995555728674,51.89999111145735,0.1062376648187637,augmentation_aug_no_mixup,5,cv_results_summary_p1.csv,p1
G1_thiram_molar_grade,Thiram Positive Molar Grade,1D-ResNet,p1,0.9285320960306817,0.0335426146548145,0.9288086911240424,0.0380674516297024,0.9291911332941868,0.0341958961550359,218.3865195587277,43.67730391174555,0.2581794187426567,augmentation_aug_no_mixup,5,cv_results_summary_p1.csv,p1
G1_thiram_molar_grade,Thiram Positive Molar Grade,RamanNet-Lite,raw,0.9230647473830624,0.026468542381762,0.9183688729371332,0.0281435760876342,0.9200671608925426,0.0274070728874329,241.60913974046707,48.32182794809341,0.0924352407455444,augmentation_aug_no_mixup,5,cv_results_summary_raw.csv,raw
G1_thiram_molar_grade,Thiram Positive Molar Grade,KAN-CNN,p1,0.8949608937865572,0.0322394433726804,0.8929768634088464,0.0325345996864448,0.8936947665883734,0.03400950094119,282.4970695152879,56.49941390305757,0.1063561290502548,augmentation_aug_no_mixup,5,cv_results_summary_p1.csv,p1
G1_thiram_molar_grade,Thiram Positive Molar Grade,Spectrum-KAN,raw,0.8831578427936171,0.0265398599987077,0.8784158784405875,0.0273360506930913,0.8784644744568408,0.0279035617289618,351.4499444514513,70.28998889029026,0.1130651086568832,augmentation_aug_no_mixup,5,cv_results_summary_raw.csv,raw
G1_thiram_molar_grade,Thiram Positive Molar Grade,KAN-CNN,raw,0.8587271742868257,0.0410183236792127,0.8567987921973023,0.040621251242864,0.8570915296535526,0.0401569389789471,498.3823527470231,99.67647054940464,0.2272062972187996,augmentation_aug_no_mixup,5,cv_results_summary_raw.csv,raw
G1_thiram_molar_grade,Thiram Positive Molar Grade,1D-CNN,raw,0.842731319889307,0.078652143811776,0.8372497825299812,0.0781356529454507,0.8385136523781561,0.080050804360419,487.9219161719084,97.58438323438168,0.2483659833669662,augmentation_aug_no_mixup,5,cv_results_summary_raw.csv,raw
G2_mg_molar_grade,MG Positive Molar Grade,1D-ResNet,p1,0.7693155442680457,0.0442812277005236,0.7746475657464569,0.0413525420109348,0.7732211538461538,0.0415259117883289,125.01753048598766,25.003506097197533,0.0839726403355598,augmentation_aug_no_mixup,5,cv_results_summary_p1.csv,p1
G2_mg_molar_grade,MG Positive Molar Grade,RamanNet-Lite,p1,0.7674604967925033,0.0373035991358496,0.7680274965322134,0.0408620567736618,0.765625,0.0383690293718883,71.78110051900148,14.356220103800297,0.1967056840658188,augmentation_aug_no_mixup,5,cv_results_summary_p1.csv,p1
G2_mg_molar_grade,MG Positive Molar Grade,1D-ResNet,raw,0.6960202998083371,0.0365900840429329,0.6903272752977287,0.0380746131059053,0.6914182692307692,0.0358329937902471,200.7830586954952,40.15661173909903,0.1945453062653541,augmentation_aug_no_mixup,5,cv_results_summary_raw.csv,raw
G2_mg_molar_grade,MG Positive Molar Grade,1D-CNN,p1,0.6772999720686804,0.0499893256379279,0.6947661671946946,0.04413142474212,0.6942788461538462,0.0404876490134107,145.61175376176834,29.122350752353668,0.0986872613430023,augmentation_aug_no_mixup,5,cv_results_summary_p1.csv,p1
G2_mg_molar_grade,MG Positive Molar Grade,KAN-CNN,p1,0.6474655898811633,0.0307265058511664,0.6519080917730646,0.0310068984108013,0.6528365384615384,0.0313425036218235,146.1967492327094,29.23934984654188,0.1505474373698234,augmentation_aug_no_mixup,5,cv_results_summary_p1.csv,p1
G2_mg_molar_grade,MG Positive Molar Grade,1D-CNN,raw,0.6364864524440363,0.0707905345260806,0.6430545017025151,0.0486041242081789,0.6481971153846153,0.0414363743410074,201.47297996282572,40.29459599256516,0.2217701375484466,augmentation_aug_no_mixup,5,cv_results_summary_raw.csv,raw
G2_mg_molar_grade,MG Positive Molar Grade,KAN-CNN,raw,0.5899272260342862,0.084202637292952,0.6090808633472015,0.0569559481773725,0.620625,0.050702466480917,165.9221492409706,33.18442984819412,0.1071958094835281,augmentation_aug_no_mixup,5,cv_results_summary_raw.csv,raw
G2_mg_molar_grade,MG Positive Molar Grade,RamanNet-Lite,raw,0.5636878040992392,0.0559001644707135,0.6081114844476141,0.0358312132339673,0.6235576923076923,0.0361984432386173,64.60239778459072,12.920479556918144,0.0183648020029068,augmentation_aug_no_mixup,5,cv_results_summary_raw.csv,raw
G2_mg_molar_grade,MG Positive Molar Grade,Spectrum-KAN,p1,0.4719015060511098,0.052053575911541,0.4937147869172638,0.0523406336160176,0.4951201923076923,0.0517159161994698,87.04035677015781,17.408071354031563,0.1237819790840148,augmentation_aug_no_mixup,5,cv_results_summary_p1.csv,p1
G2_mg_molar_grade,MG Positive Molar Grade,Spectrum-KAN,raw,0.47184803972934,0.044646333473523,0.5165573528025182,0.0514749243511466,0.5295192307692307,0.0585706377000602,102.06660240888596,20.41332048177719,0.2116045281291008,augmentation_aug_no_mixup,5,cv_results_summary_raw.csv,raw
G3_mba_molar_grade,MBA Positive Molar Grade,RamanNet-Lite,p1,0.887933080877841,0.019633101464902,0.8887757813924368,0.0202950237403546,0.888294133549608,0.0197890214011319,89.30927783250809,17.861855566501617,0.348059244453907,augmentation_aug_no_mixup,5,cv_results_summary_p1.csv,p1
G3_mba_molar_grade,MBA Positive Molar Grade,Spectrum-KAN,p1,0.8657909619673523,0.0430316955954237,0.8672021131363257,0.0391892100700696,0.8664179507975127,0.0400138020116987,167.41547639667988,33.48309527933598,0.0602033957839012,augmentation_aug_no_mixup,5,cv_results_summary_p1.csv,p1
G3_mba_molar_grade,MBA Positive Molar Grade,1D-ResNet,p1,0.787166834840528,0.0734460503437425,0.7853061410308145,0.0728788064650918,0.7851527439848608,0.0731253248298603,126.03495172411203,25.206990344822408,0.1949929445981979,augmentation_aug_no_mixup,5,cv_results_summary_p1.csv,p1
G3_mba_molar_grade,MBA Positive Molar Grade,RamanNet-Lite,raw,0.7561102488847476,0.0366259306625554,0.7600160009260111,0.0342102697699524,0.7575020275750204,0.0335497931683203,83.85249032080173,16.770498064160346,0.1117010340094566,augmentation_aug_no_mixup,5,cv_results_summary_raw.csv,raw
G3_mba_molar_grade,MBA Positive Molar Grade,Spectrum-KAN,raw,0.6925813185427583,0.0865108826731867,0.711031457067212,0.0688864121535213,0.7089375506893755,0.0714337175287169,165.91294959932566,33.18258991986513,0.1499220952391624,augmentation_aug_no_mixup,5,cv_results_summary_raw.csv,raw
G3_mba_molar_grade,MBA Positive Molar Grade,KAN-CNN,p1,0.6771616011615584,0.0478614404094487,0.6875216745907106,0.0432801183374493,0.688477967018113,0.0444126397674523,207.78790543228388,41.55758108645678,0.2087204679846763,augmentation_aug_no_mixup,5,cv_results_summary_p1.csv,p1
G3_mba_molar_grade,MBA Positive Molar Grade,1D-ResNet,raw,0.6750592418431387,0.2038268703352344,0.6963877145339186,0.16252382287104,0.6968477967018113,0.1591810139381694,155.5772536173463,31.11545072346926,0.1844519823789596,augmentation_aug_no_mixup,5,cv_results_summary_raw.csv,raw
G3_mba_molar_grade,MBA Positive Molar Grade,1D-CNN,p1,0.6273086493637086,0.0710049564325502,0.6477651479839376,0.0561178496256366,0.6477967018113003,0.0514840475000663,159.32756423950195,31.86551284790039,0.095794104039669,augmentation_aug_no_mixup,5,cv_results_summary_p1.csv,p1
G3_mba_molar_grade,MBA Positive Molar Grade,1D-CNN,raw,0.3774569444992329,0.0321841415388386,0.4230539364487259,0.0213132244728135,0.4229251148959178,0.0194705016796042,70.59785489737988,14.119570979475975,0.0205344557762146,augmentation_aug_no_mixup,5,cv_results_summary_raw.csv,raw
G3_mba_molar_grade,MBA Positive Molar Grade,KAN-CNN,raw,0.3411979011106814,0.0659907062902437,0.4026545043693249,0.0460059759643798,0.3993511759935117,0.0472162975706052,87.61843398213387,17.523686796426773,0.0879623368382453,augmentation_aug_no_mixup,5,cv_results_summary_raw.csv,raw
P1_thiram_presence,Thiram Presence,RamanNet-Lite,p1,0.968596264315187,0.0222800330070015,0.969898537020504,0.021178618564438,0.974499693063229,0.0181651394407376,87.66022101789713,17.532044203579424,0.2619299590587616,augmentation_aug_no_mixup,5,cv_results_summary_p1.csv,p1
P1_thiram_presence,Thiram Presence,Spectrum-KAN,p1,0.9544409920622406,0.0048340624124233,0.9420687153971984,0.0116122244697346,0.964487415592388,0.0029850291384687,223.67157323658463,44.734314647316936,0.0442719161510467,augmentation_aug_no_mixup,5,cv_results_summary_p1.csv,p1
P1_thiram_presence,Thiram Presence,1D-ResNet,p1,0.935971385179896,0.0189383334876006,0.9313688351588432,0.018022394585553,0.9489686924493554,0.0157767679901246,186.55736226588488,37.311472453176975,0.1236438974738121,augmentation_aug_no_mixup,5,cv_results_summary_p1.csv,p1
P1_thiram_presence,Thiram Presence,1D-CNN,p1,0.928463316119313,0.0301299197492397,0.9290363153408748,0.0319506482836628,0.9423020257826888,0.0252809287100814,265.0302288979292,53.00604577958584,0.1680232882499694,augmentation_aug_no_mixup,5,cv_results_summary_p1.csv,p1
P1_thiram_presence,Thiram Presence,KAN-CNN,p1,0.9196639607632152,0.0319256054350517,0.918166300166573,0.0473623601115574,0.9367648864333948,0.0222903455245266,305.4913879111409,61.098277582228185,0.1740660145878791,augmentation_aug_no_mixup,5,cv_results_summary_p1.csv,p1
P1_thiram_presence,Thiram Presence,RamanNet-Lite,raw,0.8319224264536611,0.0202100154326534,0.8056015326344866,0.0286807995864395,0.8779128299570289,0.0141671620095987,206.6854924336076,41.33709848672152,0.2903989031910896,augmentation_aug_no_mixup,5,cv_results_summary_raw.csv,raw
P1_thiram_presence,Thiram Presence,1D-ResNet,raw,0.7422566605139218,0.0962366618751656,0.779234501390104,0.0786341984938509,0.7680969920196439,0.1016456131908302,205.9680132120848,41.19360264241696,0.1719987615942955,augmentation_aug_no_mixup,5,cv_results_summary_raw.csv,raw
P1_thiram_presence,Thiram Presence,1D-CNN,raw,0.6887925706407395,0.111996585101327,0.7691315149885556,0.0733624327015294,0.7015469613259668,0.1215076705567074,174.74151802062988,34.948303604125975,0.1196140572428703,augmentation_aug_no_mixup,5,cv_results_summary_raw.csv,raw
P1_thiram_presence,Thiram Presence,Spectrum-KAN,raw,0.6649881792732255,0.110108919029399,0.6829513931747097,0.0764975234976861,0.7047391037446287,0.1221468919707817,225.61636685580007,45.12327337116003,0.1659324765205383,augmentation_aug_no_mixup,5,cv_results_summary_raw.csv,raw
P1_thiram_presence,Thiram Presence,KAN-CNN,raw,0.6391660013072831,0.0338835528290072,0.7348613659718144,0.0279503782451726,0.6460036832412523,0.0390383176616853,151.1796161979437,30.235923239588736,0.1167339086532592,augmentation_aug_no_mixup,5,cv_results_summary_raw.csv,raw
P2_mg_presence,MG Presence,RamanNet-Lite,p1,0.9513130587650902,0.0088789754468343,0.946452535822021,0.0092232800516718,0.9611540822590546,0.0068048165951827,266.26982601732016,53.253965203464034,0.1834344938397407,augmentation_aug_no_mixup,5,cv_results_summary_p1.csv,p1
P2_mg_presence,MG Presence,1D-ResNet,raw,0.9352797511260884,0.0199575602186369,0.9440078242835596,0.0250427391970052,0.9467341927562922,0.0164412508598716,442.1122251600027,88.42244503200054,0.1282522678375244,augmentation_aug_no_mixup,5,cv_results_summary_raw.csv,raw
P2_mg_presence,MG Presence,KAN-CNN,p1,0.9157893311317086,0.0129300923830765,0.9132489630467572,0.0092636293890073,0.9323081645181092,0.011292386932069,378.6081214994192,75.72162429988384,0.2361892685294151,augmentation_aug_no_mixup,5,cv_results_summary_p1.csv,p1
P2_mg_presence,MG Presence,1D-CNN,p1,0.9105184942985518,0.0242128889967234,0.8980742364253395,0.0258260517599673,0.930049109883364,0.0191663028685505,329.4245007634163,65.88490015268326,0.1276953294873237,augmentation_aug_no_mixup,5,cv_results_summary_p1.csv,p1
P2_mg_presence,MG Presence,Spectrum-KAN,p1,0.9098660109477674,0.0278463523795168,0.9169716251885368,0.0201073817662492,0.92561080417434,0.024475918345924,235.6110594123602,47.12221188247204,0.1764615997672081,augmentation_aug_no_mixup,5,cv_results_summary_p1.csv,p1
P2_mg_presence,MG Presence,1D-ResNet,p1,0.9096475367650972,0.0146216069394988,0.8947030071644042,0.0221671154491008,0.9300920810313076,0.0099410703006886,247.4867995157838,49.49735990315676,0.1066697686910629,augmentation_aug_no_mixup,5,cv_results_summary_p1.csv,p1
P2_mg_presence,MG Presence,1D-CNN,raw,0.8792282153503368,0.0380796996271924,0.866083286199095,0.0531512011422863,0.9079066912216084,0.0242463205855246,479.9568175971508,95.99136351943017,0.1915965601801872,augmentation_aug_no_mixup,5,cv_results_summary_raw.csv,raw
P2_mg_presence,MG Presence,KAN-CNN,raw,0.8758927149151742,0.0299434232153826,0.8848963518099549,0.0160284667517109,0.8967587476979743,0.0296328067565404,502.5120618715882,100.50241237431764,0.1143053248524665,augmentation_aug_no_mixup,5,cv_results_summary_raw.csv,raw
P2_mg_presence,MG Presence,RamanNet-Lite,raw,0.8258168548758912,0.0082915358517908,0.7883242835595776,0.0081058654238192,0.87902394106814,0.0060624324779971,234.6831529289484,46.93663058578968,0.1186990886926651,augmentation_aug_no_mixup,5,cv_results_summary_raw.csv,raw
P2_mg_presence,MG Presence,Spectrum-KAN,raw,0.810970643995328,0.0280918186932301,0.7782745569381598,0.0326150126041033,0.8679373848987109,0.0162409669180454,469.8030679002404,93.96061358004808,0.1717870905995369,augmentation_aug_no_mixup,5,cv_results_summary_raw.csv,raw
P3_mba_presence,MBA Presence,RamanNet-Lite,p1,0.9555940056048096,0.0252498831947569,0.9741329209025696,0.0168201753319421,0.9655739717618173,0.0205829954091277,121.02806501090528,24.205613002181053,0.1946502774953842,augmentation_aug_no_mixup,5,cv_results_summary_p1.csv,p1
P3_mba_presence,MBA Presence,1D-ResNet,raw,0.9400797871475725,0.0150312186011849,0.9312259584471434,0.0204547861277711,0.9567157765500308,0.0106805043619082,481.89638029038906,96.3792760580778,0.168834738433361,augmentation_aug_no_mixup,5,cv_results_summary_raw.csv,raw
P3_mba_presence,MBA Presence,1D-CNN,p1,0.9274105068866032,0.0156232645308386,0.9090989279429272,0.0200909884637808,0.948950276243094,0.0106552471199446,310.29880126565695,62.05976025313139,0.2706058174371719,augmentation_aug_no_mixup,5,cv_results_summary_p1.csv,p1
P3_mba_presence,MBA Presence,1D-ResNet,p1,0.9138593356268344,0.0368545135674933,0.8848521027624745,0.0480979245238693,0.9422713321055862,0.0224663186741495,182.3987976014614,36.47975952029228,0.1925256699323654,augmentation_aug_no_mixup,5,cv_results_summary_p1.csv,p1
P3_mba_presence,MBA Presence,Spectrum-KAN,p1,0.9112709944558702,0.0694111408060155,0.9397931159041328,0.0499929260621381,0.9279312461632904,0.0577818070792084,180.2497588545084,36.04995177090168,0.1265238523483276,augmentation_aug_no_mixup,5,cv_results_summary_p1.csv,p1
P3_mba_presence,MBA Presence,KAN-CNN,p1,0.8722712353964102,0.0333196476225014,0.8327232090039762,0.0379230952020232,0.9178637200736648,0.0173313173428692,417.7019395828247,83.54038791656494,0.1200117766857147,augmentation_aug_no_mixup,5,cv_results_summary_p1.csv,p1
P3_mba_presence,MBA Presence,RamanNet-Lite,raw,0.8055746333773988,0.0362232482555549,0.7648268430928421,0.0355210930915274,0.8801473296500921,0.0176945973777444,164.29819467663765,32.85963893532753,0.1953076273202896,augmentation_aug_no_mixup,5,cv_results_summary_raw.csv,raw
P3_mba_presence,MBA Presence,Spectrum-KAN,raw,0.7379022784066321,0.0586671119081829,0.7242862421533276,0.0466769051508328,0.8157335788827501,0.0537316142088437,158.5019330754876,31.70038661509752,0.192326582968235,augmentation_aug_no_mixup,5,cv_results_summary_raw.csv,raw
P3_mba_presence,MBA Presence,1D-CNN,raw,0.734307021524659,0.0979164689902813,0.7658382986773752,0.0925373368991518,0.7780662983425415,0.0891670380345042,253.4786763861776,50.69573527723551,0.1036801412701606,augmentation_aug_no_mixup,5,cv_results_summary_raw.csv,raw
P3_mba_presence,MBA Presence,KAN-CNN,raw,0.6233961292737636,0.0325548282706821,0.6268864049308795,0.039131310568803,0.7203130755064457,0.0261945170550677,124.26693242788316,24.853386485576628,0.0429870039224624,augmentation_aug_no_mixup,5,cv_results_summary_raw.csv,raw
