Task,TaskName,Model,Preprocess,F1_mean,F1_std,BA_mean,BA_std,Acc_mean,Acc_std,source_stage,source_priority,source_variant_file,variant_scope
G1_thiram_molar_grade,Thiram Positive Molar Grade,PLS-DA,p2,0.8368172742431055,0.1138933643220052,0.8665584153353315,0.1098394904008596,0.8601637041270583,0.0865954019935389,candidate_screening,1,cv_results_summary_p2.csv,p2
G1_thiram_molar_grade,Thiram Positive Molar Grade,RF,p2,0.8005825853124839,0.1423354426752814,0.8430525400647504,0.1146633509001869,0.8113520601103907,0.1244684979529412,candidate_screening,1,cv_results_summary_p2.csv,p2
G1_thiram_molar_grade,Thiram Positive Molar Grade,PLS-DA,p3,0.7825360163454838,0.1030397266083402,0.812991911909493,0.1171154237259085,0.8120330648777416,0.0649145112108268,candidate_screening,1,cv_results_summary_p3.csv,p3
G1_thiram_molar_grade,Thiram Positive Molar Grade,RF,p4,0.7684157428875042,0.1226174147087287,0.8233491659636367,0.0867925626491589,0.7625145639509722,0.1311769669218937,candidate_screening,1,cv_results_summary_p4.csv,p4
G1_thiram_molar_grade,Thiram Positive Molar Grade,PLS-DA,p1,0.7512704115754747,0.0877358507754477,0.7934892808851229,0.102961182960039,0.7805763041917562,0.0642869373716764,candidate_screening,1,cv_results_summary_p1.csv,p1
G1_thiram_molar_grade,Thiram Positive Molar Grade,HistGradientBoosting,p2,0.7475118552618851,0.1334532259637375,0.8047353206431612,0.1083784198409147,0.7723389903708817,0.0983888793201671,candidate_screening,1,cv_results_summary_p2.csv,p2
G1_thiram_molar_grade,Thiram Positive Molar Grade,HistGradientBoosting,p4,0.7210066260962094,0.087687092376226,0.7716794940398604,0.071070246570986,0.7319126642883356,0.0917129050003662,candidate_screening,1,cv_results_summary_p4.csv,p4
G1_thiram_molar_grade,Thiram Positive Molar Grade,RF,p3,0.7209385191866263,0.1840659761497141,0.7901854221976324,0.1432667996479403,0.7346658916865927,0.1631496634953141,candidate_screening,1,cv_results_summary_p3.csv,p3
G1_thiram_molar_grade,Thiram Positive Molar Grade,Chem-KAN,p2,0.7204897288446713,0.1808972712074444,0.7887093825118741,0.1531799371062221,0.744722648982597,0.1586314304308098,candidate_screening,1,cv_results_summary_p2.csv,p2
G1_thiram_molar_grade,Thiram Positive Molar Grade,PLS-DA,raw,0.7034845584254418,0.1014486396470224,0.7495915821267111,0.0983490914587804,0.7214863747515673,0.0982836341579147,candidate_screening,1,cv_results_summary_raw.csv,raw
G1_thiram_molar_grade,Thiram Positive Molar Grade,SVM,p2,0.6984374243937499,0.1610225939931278,0.7654537969033472,0.1390541119628471,0.7248247221918329,0.1519732469438423,candidate_screening,1,cv_results_summary_p2.csv,p2
G1_thiram_molar_grade,Thiram Positive Molar Grade,Spectrum-KAN,p2,0.6965808230123322,0.1371246303040763,0.7694423821067662,0.1171143158983385,0.7245832809379528,0.1195205305428256,candidate_screening,1,cv_results_summary_p2.csv,p2
G1_thiram_molar_grade,Thiram Positive Molar Grade,PLS-DA,p4,0.6954552667970949,0.0837201819126324,0.738261216825639,0.0729746030488803,0.7149270615696022,0.0532381069279869,candidate_screening,1,cv_results_summary_p4.csv,p4
G1_thiram_molar_grade,Thiram Positive Molar Grade,RF,raw,0.6901637000284448,0.1658496288513684,0.7561859628922069,0.1416573548318549,0.694561824243678,0.1661532380532648,candidate_screening,1,cv_results_summary_raw.csv,raw
G1_thiram_molar_grade,Thiram Positive Molar Grade,KNN,raw,0.6880109657221049,0.1662952100602773,0.7467627001685967,0.1619184592772686,0.6943236884833696,0.1712028725645746,candidate_screening,1,cv_results_summary_raw.csv,raw
G1_thiram_molar_grade,Thiram Positive Molar Grade,HistGradientBoosting,p3,0.6728181645364211,0.2364382113741304,0.749356824580816,0.1868962331707654,0.6891682836536053,0.2275844278453385,candidate_screening,1,cv_results_summary_p3.csv,p3
G1_thiram_molar_grade,Thiram Positive Molar Grade,HistGradientBoosting,p1,0.6630772587444606,0.1294225603273856,0.7396609431094596,0.1161615509759476,0.6816276009328892,0.1017732288106145,candidate_screening,1,cv_results_summary_p1.csv,p1
G1_thiram_molar_grade,Thiram Positive Molar Grade,Chem-KAN,p1,0.6628569176848436,0.2777912398558401,0.711486129163301,0.2824857946560755,0.6677108916687782,0.2649413813418549,candidate_screening,1,cv_results_summary_p1.csv,p1
G1_thiram_molar_grade,Thiram Positive Molar Grade,Spectrum-KAN,p3,0.6596826318827406,0.2826332952866207,0.7440994002050424,0.2105671769419985,0.6834286667937779,0.2799148003624928,candidate_screening,1,cv_results_summary_p3.csv,p3
G1_thiram_molar_grade,Thiram Positive Molar Grade,Spectrum-KAN,p1,0.656604229921695,0.1258414625170561,0.7347863265687703,0.1182800492975303,0.6582886075230754,0.1266862863956786,candidate_screening,1,cv_results_summary_p1.csv,p1
G1_thiram_molar_grade,Thiram Positive Molar Grade,Spectrum-KAN,p4,0.6537184021436825,0.0844184423859846,0.7139177056477083,0.0924676942969277,0.6455892951679094,0.0883912106865635,candidate_screening,1,cv_results_summary_p4.csv,p4
G1_thiram_molar_grade,Thiram Positive Molar Grade,RF,p1,0.652780555066475,0.1395823502508949,0.729479736862791,0.128154154232721,0.6721835242385221,0.1279644885444446,candidate_screening,1,cv_results_summary_p1.csv,p1
G1_thiram_molar_grade,Thiram Positive Molar Grade,SVM,raw,0.6514212310390944,0.1377586005159491,0.6911719951910004,0.1684361076667126,0.6990445759332717,0.1370844158026881,candidate_screening,1,cv_results_summary_raw.csv,raw
G1_thiram_molar_grade,Thiram Positive Molar Grade,HistGradientBoosting,raw,0.6461084947224224,0.1937946158001902,0.7406070544268712,0.1589608854189391,0.6830697933452836,0.1922178232838652,candidate_screening,1,cv_results_summary_raw.csv,raw
G1_thiram_molar_grade,Thiram Positive Molar Grade,KNN,p4,0.6431814847857626,0.2052012873718859,0.7144430982059364,0.1827823161420499,0.645184842453902,0.2068572411866272,candidate_screening,1,cv_results_summary_p4.csv,p4
G1_thiram_molar_grade,Thiram Positive Molar Grade,SVM,p1,0.639221277961252,0.2199501589503243,0.7267406472010053,0.1807659151730974,0.6634543105339026,0.2188220578833544,candidate_screening,1,cv_results_summary_p1.csv,p1
G1_thiram_molar_grade,Thiram Positive Molar Grade,Chem-KAN,p3,0.6383807085550209,0.2355780331075946,0.7072155436221933,0.1974152144767786,0.6731493042522205,0.2150347387090014,candidate_screening,1,cv_results_summary_p3.csv,p3
G1_thiram_molar_grade,Thiram Positive Molar Grade,Chem-KAN,p4,0.6292282522778393,0.1634469498462823,0.688837652400012,0.1380959159063212,0.6351613829462048,0.1682750173915895,candidate_screening,1,cv_results_summary_p4.csv,p4
G1_thiram_molar_grade,Thiram Positive Molar Grade,Chem-KAN,raw,0.6179869988236449,0.233334297266189,0.6775436596544591,0.2326250586394983,0.6333103582864237,0.249250342560744,candidate_screening,1,cv_results_summary_raw.csv,raw
G1_thiram_molar_grade,Thiram Positive Molar Grade,SVM,p3,0.6143075577261927,0.2371427948879169,0.7081140176025087,0.1828595232820892,0.6320239998874547,0.2215724651787675,candidate_screening,1,cv_results_summary_p3.csv,p3
G1_thiram_molar_grade,Thiram Positive Molar Grade,KNN,p1,0.6106735584447809,0.1878864033802107,0.7058866974430872,0.1728697493581035,0.6210765546547742,0.1854287693623307,candidate_screening,1,cv_results_summary_p1.csv,p1
G1_thiram_molar_grade,Thiram Positive Molar Grade,KNN,p2,0.6079016640148286,0.1363938048386741,0.6935516921879433,0.1446077989451197,0.639917349168894,0.1213508354707048,candidate_screening,1,cv_results_summary_p2.csv,p2
G1_thiram_molar_grade,Thiram Positive Molar Grade,KNN,p3,0.5925044816131604,0.2202071851143317,0.6900907640359831,0.1974050539512343,0.6099206107158404,0.2119077684394119,candidate_screening,1,cv_results_summary_p3.csv,p3
G1_thiram_molar_grade,Thiram Positive Molar Grade,1D-CNN,p3,0.575253810953423,0.21779763517105,0.6338689209706453,0.2008831052981359,0.6483377386714375,0.1842425841043705,candidate_screening,1,cv_results_summary_p3.csv,p3
G1_thiram_molar_grade,Thiram Positive Molar Grade,1D-CNN,p2,0.5741132518051704,0.1558559088693941,0.6397091113663109,0.1402464665272394,0.6075461068215013,0.1434736629824233,candidate_screening,1,cv_results_summary_p2.csv,p2
G1_thiram_molar_grade,Thiram Positive Molar Grade,1D-CNN,raw,0.5313118673840009,0.0700968781841979,0.6184789307699432,0.1319183857082157,0.5696307000672547,0.0987898887686693,candidate_screening,1,cv_results_summary_raw.csv,raw
G1_thiram_molar_grade,Thiram Positive Molar Grade,1D-CNN,p1,0.5054140542384937,0.1329483391395239,0.6106502362033995,0.1102075845495038,0.5498658916001402,0.1559533419338542,candidate_screening,1,cv_results_summary_p1.csv,p1
G1_thiram_molar_grade,Thiram Positive Molar Grade,1D-CNN,p4,0.4923033984823187,0.0931430552833241,0.5523470315644528,0.0676652694638399,0.5471450662256652,0.138244495654898,candidate_screening,1,cv_results_summary_p4.csv,p4
G1_thiram_molar_grade,Thiram Positive Molar Grade,Spectrum-KAN,raw,0.4915903551252494,0.1669695533606346,0.5748750014177257,0.1959116624197849,0.5480464563772828,0.1759732794053776,candidate_screening,1,cv_results_summary_raw.csv,raw
G1_thiram_molar_grade,Thiram Positive Molar Grade,SVM,p4,0.4716322475464857,0.1653441103046689,0.5770381714585987,0.1438011593888598,0.5313836521670835,0.19076857181114,candidate_screening,1,cv_results_summary_p4.csv,p4
G2_mg_molar_grade,MG Positive Molar Grade,Spectrum-KAN,p4,0.5546015196818799,0.2250480214095854,0.5459515632806619,0.2465315166050481,0.6049774499891377,0.2456333059161532,candidate_screening,1,cv_results_summary_p4.csv,p4
G2_mg_molar_grade,MG Positive Molar Grade,Spectrum-KAN,raw,0.4999056139896721,0.1629689486275753,0.5380910845556943,0.1589497214553195,0.5827632963193065,0.1681358499683532,candidate_screening,1,cv_results_summary_raw.csv,raw
G2_mg_molar_grade,MG Positive Molar Grade,RF,p4,0.4907413857330838,0.1014205463193259,0.5193286173171231,0.1302690632403623,0.5808626219616395,0.162796212612183,candidate_screening,1,cv_results_summary_p4.csv,p4
G2_mg_molar_grade,MG Positive Molar Grade,HistGradientBoosting,p4,0.4466506774168854,0.1240456876174643,0.4720038574469538,0.1585255493582551,0.5300708200695418,0.1575169080475794,candidate_screening,1,cv_results_summary_p4.csv,p4
G2_mg_molar_grade,MG Positive Molar Grade,1D-CNN,p4,0.443421327305453,0.1511697748152018,0.517614267294848,0.1340567142636078,0.5627363270209977,0.1433388654915826,candidate_screening,1,cv_results_summary_p4.csv,p4
G2_mg_molar_grade,MG Positive Molar Grade,1D-CNN,raw,0.4411774074068139,0.1075544393214331,0.4812501027909376,0.1433731256288878,0.538455583840733,0.1618181939019451,candidate_screening,1,cv_results_summary_raw.csv,raw
G2_mg_molar_grade,MG Positive Molar Grade,SVM,p4,0.4392862477297128,0.1019958082868412,0.4648838786376182,0.0868851112711586,0.4754202633818398,0.1725113502579279,candidate_screening,1,cv_results_summary_p4.csv,p4
G2_mg_molar_grade,MG Positive Molar Grade,RF,p1,0.4389718953085947,0.083115352393548,0.4586660512264934,0.1116806488219767,0.4870933924898642,0.1299158205977005,candidate_screening,1,cv_results_summary_p1.csv,p1
G2_mg_molar_grade,MG Positive Molar Grade,HistGradientBoosting,raw,0.4364831018381483,0.1100541298816369,0.4625271898447859,0.1459413945040674,0.5164610873247055,0.1445450926355,candidate_screening,1,cv_results_summary_raw.csv,raw
G2_mg_molar_grade,MG Positive Molar Grade,SVM,p3,0.4132024059287191,0.059785649603234,0.426775060431393,0.0973802119206639,0.4633905801671242,0.1071130094816165,candidate_screening,1,cv_results_summary_p3.csv,p3
G2_mg_molar_grade,MG Positive Molar Grade,PLS-DA,p3,0.410599786120933,0.119956019361923,0.4193920918456963,0.1636351153747119,0.4437011024048535,0.114098397900214,candidate_screening,1,cv_results_summary_p3.csv,p3
G2_mg_molar_grade,MG Positive Molar Grade,PLS-DA,p1,0.4054465443433004,0.1495116978122607,0.4220718586074394,0.1750258726936782,0.4208822830366713,0.1486656374465185,candidate_screening,1,cv_results_summary_p1.csv,p1
G2_mg_molar_grade,MG Positive Molar Grade,RF,raw,0.4037499803329412,0.1152475504562104,0.4346628854103102,0.1547595548559454,0.4959826559665853,0.1793930955447954,candidate_screening,1,cv_results_summary_raw.csv,raw
G2_mg_molar_grade,MG Positive Molar Grade,RF,p2,0.4023619320471029,0.1279986477862936,0.3966626103564339,0.1596162783086799,0.4227383900673648,0.1131511764233862,candidate_screening,1,cv_results_summary_p2.csv,p2
G2_mg_molar_grade,MG Positive Molar Grade,Spectrum-KAN,p1,0.4017997995281288,0.0747581117279143,0.4833028292314438,0.0957566223533074,0.4634586831964384,0.1609789923273877,candidate_screening,1,cv_results_summary_p1.csv,p1
G2_mg_molar_grade,MG Positive Molar Grade,RF,p3,0.3991324482781118,0.0907038799205313,0.4045478676396724,0.1113666185972685,0.4052295622933702,0.1098979761410574,candidate_screening,1,cv_results_summary_p3.csv,p3
G2_mg_molar_grade,MG Positive Molar Grade,PLS-DA,p4,0.3925877817161834,0.1590629593082275,0.3978666866203599,0.1979281118041206,0.4024302468904171,0.107733955277822,candidate_screening,1,cv_results_summary_p4.csv,p4
G2_mg_molar_grade,MG Positive Molar Grade,SVM,p1,0.3906837202487101,0.062816617626625,0.396278082669716,0.1128195937369807,0.4189973473292805,0.0202318489207944,candidate_screening,1,cv_results_summary_p1.csv,p1
G2_mg_molar_grade,MG Positive Molar Grade,HistGradientBoosting,p3,0.3868285231757534,0.1271178647351163,0.4044165846394008,0.1641307548434762,0.4171548733612724,0.1473599835293095,candidate_screening,1,cv_results_summary_p3.csv,p3
G2_mg_molar_grade,MG Positive Molar Grade,KNN,p3,0.3854267186863868,0.0324024236770378,0.4175797071776984,0.0733949404070365,0.4446736824900746,0.1248701788484421,candidate_screening,1,cv_results_summary_p3.csv,p3
G2_mg_molar_grade,MG Positive Molar Grade,SVM,p2,0.3851044725217137,0.0393645401515219,0.4058872854383549,0.083100951833693,0.4261166003961577,0.070440672021374,candidate_screening,1,cv_results_summary_p2.csv,p2
G2_mg_molar_grade,MG Positive Molar Grade,Spectrum-KAN,p2,0.3805647117047654,0.0675300207910727,0.4489139185723892,0.1333417707026552,0.4287196030082914,0.1399258524955777,candidate_screening,1,cv_results_summary_p2.csv,p2
G2_mg_molar_grade,MG Positive Molar Grade,HistGradientBoosting,p1,0.3798545319773572,0.1032801371219137,0.4061477844789548,0.1419191813105377,0.4185608583486518,0.1328990815101995,candidate_screening,1,cv_results_summary_p1.csv,p1
G2_mg_molar_grade,MG Positive Molar Grade,KNN,p1,0.3781573023613112,0.0348106961789526,0.4107210050800202,0.0682317536026566,0.4227769207498196,0.1137872463895679,candidate_screening,1,cv_results_summary_p1.csv,p1
G2_mg_molar_grade,MG Positive Molar Grade,SVM,raw,0.3764896063422517,0.1066075397319396,0.3949541783752309,0.1337894625060689,0.4402091006057549,0.1830149891286253,candidate_screening,1,cv_results_summary_raw.csv,raw
G2_mg_molar_grade,MG Positive Molar Grade,Chem-KAN,p3,0.3647525688631345,0.1470088557876406,0.4376507854354111,0.1063592013230322,0.4464940700632289,0.1465007043382331,candidate_screening,1,cv_results_summary_p3.csv,p3
G2_mg_molar_grade,MG Positive Molar Grade,Chem-KAN,p4,0.3645121936276435,0.1369089660333001,0.3716616122333001,0.1302939080063642,0.4503014168560755,0.1651673143600744,candidate_screening,1,cv_results_summary_p4.csv,p4
G2_mg_molar_grade,MG Positive Molar Grade,PLS-DA,p2,0.3580672068005889,0.1235435490966039,0.3712968065189845,0.1739543509090515,0.3875144053108916,0.1279408172722091,candidate_screening,1,cv_results_summary_p2.csv,p2
G2_mg_molar_grade,MG Positive Molar Grade,Chem-KAN,raw,0.3575425810291872,0.1327332735832083,0.3913249850457915,0.1116371420313048,0.5259326106718267,0.1579453705731223,candidate_screening,1,cv_results_summary_raw.csv,raw
G2_mg_molar_grade,MG Positive Molar Grade,Chem-KAN,p2,0.3524961651305872,0.0825784451761659,0.3820593987581283,0.1002837215874792,0.4184638770717517,0.1409929743357907,candidate_screening,1,cv_results_summary_p2.csv,p2
G2_mg_molar_grade,MG Positive Molar Grade,KNN,raw,0.3522148624751801,0.1259949758901125,0.3705728252382737,0.1609071264838881,0.4083186114204412,0.1769938193444143,candidate_screening,1,cv_results_summary_raw.csv,raw
G2_mg_molar_grade,MG Positive Molar Grade,HistGradientBoosting,p2,0.3504056998236092,0.0753994201834129,0.3734278111608909,0.1442189599391714,0.375342856302716,0.048632067979419,candidate_screening,1,cv_results_summary_p2.csv,p2
G2_mg_molar_grade,MG Positive Molar Grade,PLS-DA,raw,0.3425700862651638,0.0927731625997955,0.3870280429271553,0.1762557093719118,0.375705688925675,0.07477591342164,candidate_screening,1,cv_results_summary_raw.csv,raw
G2_mg_molar_grade,MG Positive Molar Grade,Chem-KAN,p1,0.3334354161806898,0.0478881863048824,0.3874593380001728,0.0718533523882193,0.4454739158134096,0.1376218091912274,candidate_screening,1,cv_results_summary_p1.csv,p1
G2_mg_molar_grade,MG Positive Molar Grade,KNN,p4,0.3321775962683049,0.1127436594145817,0.3302342320551222,0.1518424715372206,0.3830302595916753,0.1773976483630108,candidate_screening,1,cv_results_summary_p4.csv,p4
G2_mg_molar_grade,MG Positive Molar Grade,1D-CNN,p2,0.3277027107505654,0.1005878501701017,0.3775577724452332,0.0959585670683757,0.4432877769175661,0.1314044430612637,candidate_screening,1,cv_results_summary_p2.csv,p2
G2_mg_molar_grade,MG Positive Molar Grade,KNN,p2,0.32553055847502,0.077890693824001,0.3593443391954691,0.1130176671886353,0.3662700670809075,0.1048141293429217,candidate_screening,1,cv_results_summary_p2.csv,p2
G2_mg_molar_grade,MG Positive Molar Grade,1D-CNN,p1,0.3011114853260275,0.1268109085903273,0.3873848414138795,0.1427724820300893,0.4439852571605009,0.153085256737098,candidate_screening,1,cv_results_summary_p1.csv,p1
G2_mg_molar_grade,MG Positive Molar Grade,Spectrum-KAN,p3,0.2566159496499686,0.1154180898640121,0.3146626894170339,0.0660283577413282,0.3673180122237794,0.1579529001474899,candidate_screening,1,cv_results_summary_p3.csv,p3
G2_mg_molar_grade,MG Positive Molar Grade,1D-CNN,p3,0.1758792159776161,0.0935211070660197,0.3512770094601385,0.0401232795857765,0.302245243954218,0.1379614811128602,candidate_screening,1,cv_results_summary_p3.csv,p3
G3_mba_molar_grade,MBA Positive Molar Grade,Chem-KAN,p2,0.7607616282694858,0.0995347736392781,0.7597757187740504,0.108348725004331,0.7678786774127305,0.1236144518396558,candidate_screening,1,cv_results_summary_p2.csv,p2
G3_mba_molar_grade,MBA Positive Molar Grade,RF,p4,0.7590151850260852,0.1174233189617222,0.762880368953187,0.1207966746810371,0.7401862850463409,0.1395369838543821,candidate_screening,1,cv_results_summary_p4.csv,p4
G3_mba_molar_grade,MBA Positive Molar Grade,HistGradientBoosting,p4,0.7489229319358914,0.1057975305873078,0.7594835576733378,0.1045047531655505,0.7398157769552978,0.1207337120217945,candidate_screening,1,cv_results_summary_p4.csv,p4
G3_mba_molar_grade,MBA Positive Molar Grade,Spectrum-KAN,p2,0.7420685444654253,0.1960694546085993,0.7408188266116745,0.2117195336379809,0.7334262103152123,0.2138978665641505,candidate_screening,1,cv_results_summary_p2.csv,p2
G3_mba_molar_grade,MBA Positive Molar Grade,SVM,p1,0.7255069129430465,0.1929163386707768,0.7457699330115649,0.1928112219526923,0.7272211296915941,0.2042245933423511,candidate_screening,1,cv_results_summary_p1.csv,p1
G3_mba_molar_grade,MBA Positive Molar Grade,Chem-KAN,p3,0.7208118797898397,0.1882060215223494,0.7390230236614006,0.1735350548810371,0.7174160027706126,0.1991469297708983,candidate_screening,1,cv_results_summary_p3.csv,p3
G3_mba_molar_grade,MBA Positive Molar Grade,Spectrum-KAN,p3,0.7046998296052072,0.1402115098760246,0.7133569186391095,0.1259754912412442,0.7098080643531592,0.1634669772792417,candidate_screening,1,cv_results_summary_p3.csv,p3
G3_mba_molar_grade,MBA Positive Molar Grade,Chem-KAN,p1,0.6938768633585367,0.1648512536587215,0.7127472708110346,0.1538479757956703,0.6920448332426385,0.173321535022161,candidate_screening,1,cv_results_summary_p1.csv,p1
G3_mba_molar_grade,MBA Positive Molar Grade,Spectrum-KAN,p1,0.6866062907514248,0.2065537283617545,0.7183101989903222,0.1771896851198529,0.7070053786063186,0.2070475824186735,candidate_screening,1,cv_results_summary_p1.csv,p1
G3_mba_molar_grade,MBA Positive Molar Grade,SVM,p3,0.6785771660147826,0.1802040512734818,0.7041221817692438,0.1769938347300614,0.6818085456230781,0.1852598206262084,candidate_screening,1,cv_results_summary_p3.csv,p3
G3_mba_molar_grade,MBA Positive Molar Grade,SVM,p4,0.6766572219425713,0.1724170068356078,0.6848723313331064,0.1690473774304919,0.6753380851088183,0.1819335964488645,candidate_screening,1,cv_results_summary_p4.csv,p4
G3_mba_molar_grade,MBA Positive Molar Grade,SVM,p2,0.6670516019369032,0.1495243751762196,0.6896172846176103,0.1504145273455835,0.675403643704278,0.1695257235612333,candidate_screening,1,cv_results_summary_p2.csv,p2
G3_mba_molar_grade,MBA Positive Molar Grade,Chem-KAN,p4,0.650691545737508,0.1430609605414158,0.6615481933184881,0.1512211110169866,0.6344335527908386,0.154849107639943,candidate_screening,1,cv_results_summary_p4.csv,p4
G3_mba_molar_grade,MBA Positive Molar Grade,RF,p2,0.6395291252142676,0.1666963225482322,0.6640853854553548,0.1458997664818614,0.6509016317706843,0.1642831217989037,candidate_screening,1,cv_results_summary_p2.csv,p2
G3_mba_molar_grade,MBA Positive Molar Grade,RF,raw,0.6359077043596795,0.1451729818301906,0.6656121954667074,0.125772307866995,0.6365269281885275,0.1613829300780422,candidate_screening,1,cv_results_summary_raw.csv,raw
G3_mba_molar_grade,MBA Positive Molar Grade,Spectrum-KAN,p4,0.6347328041544994,0.1295315326940257,0.6504331095631019,0.1337852036709757,0.6258526036765634,0.1415888084733172,candidate_screening,1,cv_results_summary_p4.csv,p4
G3_mba_molar_grade,MBA Positive Molar Grade,HistGradientBoosting,p2,0.6259551676693805,0.138291819479306,0.6555554962473271,0.1217336402795969,0.6445639804057637,0.1324654556322965,candidate_screening,1,cv_results_summary_p2.csv,p2
G3_mba_molar_grade,MBA Positive Molar Grade,RF,p3,0.6222337986150985,0.0992626808703454,0.638479523649545,0.1041892763180629,0.6221005570115393,0.1163240270013856,candidate_screening,1,cv_results_summary_p3.csv,p3
G3_mba_molar_grade,MBA Positive Molar Grade,Spectrum-KAN,raw,0.6197136650596453,0.1675962234239471,0.6522798210310314,0.1394099337278621,0.6217620057340731,0.1638645758443743,candidate_screening,1,cv_results_summary_raw.csv,raw
G3_mba_molar_grade,MBA Positive Molar Grade,HistGradientBoosting,raw,0.6156426318615991,0.1630521996593035,0.6361158184183366,0.1545312684515949,0.6120172725821063,0.1779645252097854,candidate_screening,1,cv_results_summary_raw.csv,raw
G3_mba_molar_grade,MBA Positive Molar Grade,KNN,p4,0.5865428325441385,0.1215793946911413,0.5932298347835775,0.1271851555216881,0.5745152074333871,0.1219188866582403,candidate_screening,1,cv_results_summary_p4.csv,p4
G3_mba_molar_grade,MBA Positive Molar Grade,SVM,raw,0.5858407911361331,0.1258856691651552,0.63516757296097,0.1010033042099683,0.6179300288065271,0.1360547616905592,candidate_screening,1,cv_results_summary_raw.csv,raw
G3_mba_molar_grade,MBA Positive Molar Grade,1D-CNN,p4,0.5844589568473999,0.2375620093296889,0.5880798533463966,0.2350928208135636,0.6002869258794428,0.2124445291904705,candidate_screening,1,cv_results_summary_p4.csv,p4
G3_mba_molar_grade,MBA Positive Molar Grade,HistGradientBoosting,p3,0.5810888311843637,0.121330704266085,0.5916162718990734,0.1272555986324906,0.5912098901875138,0.1255453437549271,candidate_screening,1,cv_results_summary_p3.csv,p3
G3_mba_molar_grade,MBA Positive Molar Grade,1D-CNN,p2,0.5751600479154038,0.1537614564629353,0.6286794427506093,0.1314619250860489,0.6277998149887629,0.1628666562229618,candidate_screening,1,cv_results_summary_p2.csv,p2
G3_mba_molar_grade,MBA Positive Molar Grade,KNN,raw,0.5668072759067423,0.1966471801037097,0.5805642185314582,0.1960073244592974,0.5682536385635751,0.2091270497445788,candidate_screening,1,cv_results_summary_raw.csv,raw
G3_mba_molar_grade,MBA Positive Molar Grade,Chem-KAN,raw,0.5667452074168267,0.2033927812153784,0.5793001049009807,0.1984916047255236,0.5809476913704336,0.2043866813826149,candidate_screening,1,cv_results_summary_raw.csv,raw
G3_mba_molar_grade,MBA Positive Molar Grade,RF,p1,0.5652071867401112,0.1785883276012723,0.5893300854518853,0.1686772752144774,0.5692961217866076,0.1974046203595568,candidate_screening,1,cv_results_summary_p1.csv,p1
G3_mba_molar_grade,MBA Positive Molar Grade,PLS-DA,raw,0.5587000307936789,0.1144348354853068,0.6033184568352252,0.0987387929647617,0.5826932200917476,0.1154463807072909,candidate_screening,1,cv_results_summary_raw.csv,raw
G3_mba_molar_grade,MBA Positive Molar Grade,HistGradientBoosting,p1,0.537873940341601,0.1077671532039863,0.5593278423016778,0.1083751002015658,0.5415064524192179,0.1285364290496968,candidate_screening,1,cv_results_summary_p1.csv,p1
G3_mba_molar_grade,MBA Positive Molar Grade,PLS-DA,p1,0.5225775433969513,0.162105606093576,0.5584906146340415,0.1777500736895164,0.5337479834502956,0.1716946297741151,candidate_screening,1,cv_results_summary_p1.csv,p1
G3_mba_molar_grade,MBA Positive Molar Grade,1D-CNN,p1,0.5135854670338768,0.0588110274788858,0.5436147011696689,0.0677903770138873,0.5417063454568314,0.0518705948365381,candidate_screening,1,cv_results_summary_p1.csv,p1
G3_mba_molar_grade,MBA Positive Molar Grade,PLS-DA,p3,0.5056742021425534,0.1491157257453245,0.5337924023227345,0.1760772226771856,0.509794836400327,0.1649761390921204,candidate_screening,1,cv_results_summary_p3.csv,p3
G3_mba_molar_grade,MBA Positive Molar Grade,KNN,p3,0.5037947777110913,0.127565084347273,0.5254806394401637,0.137411586454085,0.5226677483539461,0.1169952417640969,candidate_screening,1,cv_results_summary_p3.csv,p3
G3_mba_molar_grade,MBA Positive Molar Grade,PLS-DA,p2,0.4970196314852517,0.1970192819908088,0.5205545859591375,0.2006913048884397,0.5023205139791873,0.2023071258496684,candidate_screening,1,cv_results_summary_p2.csv,p2
G3_mba_molar_grade,MBA Positive Molar Grade,PLS-DA,p4,0.4777766976607285,0.1045641731604833,0.4734321699604648,0.1000949150532116,0.4653454575748239,0.1065452586198187,candidate_screening,1,cv_results_summary_p4.csv,p4
G3_mba_molar_grade,MBA Positive Molar Grade,KNN,p2,0.4551212276640206,0.1404083554303589,0.4983170844539912,0.113955734005914,0.4819507186134488,0.1452338973761922,candidate_screening,1,cv_results_summary_p2.csv,p2
G3_mba_molar_grade,MBA Positive Molar Grade,KNN,p1,0.4352708258477001,0.049726634042231,0.473003244849722,0.0676120037134262,0.4632232755870878,0.0413908012168463,candidate_screening,1,cv_results_summary_p1.csv,p1
G3_mba_molar_grade,MBA Positive Molar Grade,1D-CNN,raw,0.3706313013379662,0.2749023899352674,0.4295023747138761,0.2482631152142412,0.4152390706208499,0.239437934676162,candidate_screening,1,cv_results_summary_raw.csv,raw
G3_mba_molar_grade,MBA Positive Molar Grade,1D-CNN,p3,0.2992792913701823,0.1685278634002101,0.4250955952014063,0.1501955902762321,0.4092856175002236,0.1684475580384557,candidate_screening,1,cv_results_summary_p3.csv,p3
P1_thiram_presence,Thiram Presence,SVM,p2,0.9228941138323028,0.0999082405664802,0.9408038495698502,0.0768062047660173,0.9302450453079508,0.1004057336099982,candidate_screening,1,cv_results_summary_p2.csv,p2
P1_thiram_presence,Thiram Presence,SVM,p3,0.919393693276738,0.1084590673194562,0.9375590875061384,0.0821829171907671,0.929122768256373,0.0999653917490337,candidate_screening,1,cv_results_summary_p3.csv,p3
P1_thiram_presence,Thiram Presence,SVM,p1,0.9179982690868508,0.0914799027338754,0.9333687000359376,0.0647878637931529,0.9281530011696988,0.088799096964995,candidate_screening,1,cv_results_summary_p1.csv,p1
P1_thiram_presence,Thiram Presence,Spectrum-KAN,p1,0.8976128714008033,0.1079913528916873,0.9147136289619974,0.081943697959466,0.9092337325924558,0.1069507821318278,candidate_screening,1,cv_results_summary_p1.csv,p1
P1_thiram_presence,Thiram Presence,PLS-DA,p2,0.8788859886855462,0.0595817639682009,0.8878599175547182,0.0499356181096822,0.9030680781382484,0.0500460527334482,candidate_screening,1,cv_results_summary_p2.csv,p2
P1_thiram_presence,Thiram Presence,PLS-DA,p1,0.8662737865073004,0.0573529312748919,0.8690265424911374,0.0793169983912569,0.8986855023031584,0.0393382948662715,candidate_screening,1,cv_results_summary_p1.csv,p1
P1_thiram_presence,Thiram Presence,RF,p1,0.8575964678231613,0.0591856747508514,0.8471730942814671,0.0517582072933681,0.8919112470256099,0.0440793943280378,candidate_screening,1,cv_results_summary_p1.csv,p1
P1_thiram_presence,Thiram Presence,PLS-DA,p3,0.8558742339792055,0.0740114963581374,0.8639118820678954,0.0730793056994362,0.8838226074099633,0.072792147728018,candidate_screening,1,cv_results_summary_p3.csv,p3
P1_thiram_presence,Thiram Presence,HistGradientBoosting,p1,0.8556257108189278,0.1158205943199181,0.8378356226735306,0.0979072045389618,0.8802415543097389,0.122956936364845,candidate_screening,1,cv_results_summary_p1.csv,p1
P1_thiram_presence,Thiram Presence,RF,p3,0.8481416833816227,0.0838825986786308,0.8370539312015719,0.0738248924428002,0.883891113504476,0.0698613843295451,candidate_screening,1,cv_results_summary_p3.csv,p3
P1_thiram_presence,Thiram Presence,RF,p4,0.8377717219522817,0.0940045410167768,0.8327003236002358,0.0951853917945425,0.8737636506666078,0.0822100834747146,candidate_screening,1,cv_results_summary_p4.csv,p4
P1_thiram_presence,Thiram Presence,Chem-KAN,p2,0.8224297573340495,0.2135444718194415,0.840626187883754,0.19197977064607,0.8359912436217772,0.2161881665035442,candidate_screening,1,cv_results_summary_p2.csv,p2
P1_thiram_presence,Thiram Presence,KNN,p2,0.8211847888413033,0.1064968877461057,0.8139697408704849,0.091681225964965,0.8613870308791928,0.0965175337593637,candidate_screening,1,cv_results_summary_p2.csv,p2
P1_thiram_presence,Thiram Presence,RF,p2,0.8184111821315623,0.1161119784501328,0.8025976581867132,0.0964000821869791,0.8592316839852236,0.0961234125057631,candidate_screening,1,cv_results_summary_p2.csv,p2
P1_thiram_presence,Thiram Presence,HistGradientBoosting,p2,0.8174378888731086,0.1319977446970565,0.804212110680575,0.1192964758365332,0.8616145137128154,0.0954752838994798,candidate_screening,1,cv_results_summary_p2.csv,p2
P1_thiram_presence,Thiram Presence,KNN,p1,0.8161658650215552,0.0873625671752041,0.8117247998899728,0.0651077134918761,0.8559099169206259,0.0902751124701252,candidate_screening,1,cv_results_summary_p1.csv,p1
P1_thiram_presence,Thiram Presence,Chem-KAN,p1,0.8129205242235547,0.0985622376852749,0.8164965751222264,0.0731922460801625,0.8493320508045269,0.1010595810992869,candidate_screening,1,cv_results_summary_p1.csv,p1
P1_thiram_presence,Thiram Presence,Spectrum-KAN,p2,0.8010054845626456,0.2423588604544245,0.8145921103597079,0.224413028180924,0.8169608308241789,0.244026143372617,candidate_screening,1,cv_results_summary_p2.csv,p2
P1_thiram_presence,Thiram Presence,KNN,p3,0.7989725320903894,0.1183250773062792,0.7958715709495632,0.0844304527183897,0.8411960289588775,0.1212877404100712,candidate_screening,1,cv_results_summary_p3.csv,p3
P1_thiram_presence,Thiram Presence,Spectrum-KAN,p3,0.7805496886315729,0.2003410552932158,0.794829315426618,0.1977261419607186,0.8353745148760835,0.1625989163517578,candidate_screening,1,cv_results_summary_p3.csv,p3
P1_thiram_presence,Thiram Presence,HistGradientBoosting,p4,0.7693470219833255,0.1412487843073024,0.7689298629026861,0.1224727431041034,0.8090912032195536,0.1226060031570703,candidate_screening,1,cv_results_summary_p4.csv,p4
P1_thiram_presence,Thiram Presence,Chem-KAN,p3,0.7635234349032792,0.1782535820044442,0.7679952931683929,0.1817559342491401,0.8029281849957984,0.1854234660322519,candidate_screening,1,cv_results_summary_p3.csv,p3
P1_thiram_presence,Thiram Presence,HistGradientBoosting,raw,0.7624257409069688,0.1340017369810975,0.7824282207222648,0.0613763459373727,0.7963560399614797,0.145512988593508,candidate_screening,1,cv_results_summary_raw.csv,raw
P1_thiram_presence,Thiram Presence,PLS-DA,raw,0.7591597612702654,0.1021186435395816,0.7401959371893528,0.0865423509947459,0.8276409497753882,0.085624154228769,candidate_screening,1,cv_results_summary_raw.csv,raw
P1_thiram_presence,Thiram Presence,HistGradientBoosting,p3,0.7564536281049333,0.0770400012732796,0.7519954280417649,0.0774283906725357,0.818944744613886,0.0595000595816108,candidate_screening,1,cv_results_summary_p3.csv,p3
P1_thiram_presence,Thiram Presence,PLS-DA,p4,0.7549547901290526,0.0955772791470579,0.75478196736877,0.0823285137195421,0.805244704028196,0.0910824073811619,candidate_screening,1,cv_results_summary_p4.csv,p4
P1_thiram_presence,Thiram Presence,KNN,p4,0.7464595080741023,0.139966493000573,0.764087036250422,0.1287544713639822,0.7814356054513703,0.1445848308236847,candidate_screening,1,cv_results_summary_p4.csv,p4
P1_thiram_presence,Thiram Presence,Spectrum-KAN,p4,0.7413251667390734,0.1729743513086938,0.756875532476083,0.1693238904333931,0.7803373238169682,0.1726129861945602,candidate_screening,1,cv_results_summary_p4.csv,p4
P1_thiram_presence,Thiram Presence,RF,raw,0.7298246042185798,0.1103965645367399,0.7522353677537359,0.0669678760397358,0.7747174430784403,0.118453912545847,candidate_screening,1,cv_results_summary_raw.csv,raw
P1_thiram_presence,Thiram Presence,Chem-KAN,p4,0.7018248067933917,0.2223754452757491,0.7217089072023839,0.2132960895760819,0.764116539410437,0.1618092325112175,candidate_screening,1,cv_results_summary_p4.csv,p4
P1_thiram_presence,Thiram Presence,KNN,raw,0.6886413036937925,0.1380479123287095,0.7274512857539335,0.1020962071079685,0.7189565530469195,0.1530902223721854,candidate_screening,1,cv_results_summary_raw.csv,raw
P1_thiram_presence,Thiram Presence,SVM,raw,0.6763099232451276,0.1386742105360516,0.6841796142299733,0.1210909687728222,0.7471859293335619,0.126327716373611,candidate_screening,1,cv_results_summary_raw.csv,raw
P1_thiram_presence,Thiram Presence,SVM,p4,0.658230813990817,0.0734661017771706,0.7474764659441743,0.0561606187166454,0.6729086070632838,0.0752227965001542,candidate_screening,1,cv_results_summary_p4.csv,p4
P1_thiram_presence,Thiram Presence,Spectrum-KAN,raw,0.6388694527007943,0.1757962504170223,0.6857154523133036,0.1444919270151695,0.7268024298246691,0.168966141283899,candidate_screening,1,cv_results_summary_raw.csv,raw
P1_thiram_presence,Thiram Presence,Chem-KAN,raw,0.6354568231457015,0.2127575193615682,0.6544368982226765,0.2124955887351169,0.7244218782458145,0.1707010039460152,candidate_screening,1,cv_results_summary_raw.csv,raw
P1_thiram_presence,Thiram Presence,1D-CNN,p2,0.6237580589413834,0.111932070234735,0.6293095619466611,0.0832071954982997,0.7798910887251379,0.0665392982633728,candidate_screening,1,cv_results_summary_p2.csv,p2
P1_thiram_presence,Thiram Presence,1D-CNN,p1,0.58901139023085,0.1343544991950237,0.6052140540866175,0.0912698209829699,0.7568680267634819,0.0697983450858531,candidate_screening,1,cv_results_summary_p1.csv,p1
P1_thiram_presence,Thiram Presence,1D-CNN,raw,0.5300721914106441,0.1450211439048925,0.5979657844359679,0.153384981706277,0.6215991847904809,0.1167564492515918,candidate_screening,1,cv_results_summary_raw.csv,raw
P1_thiram_presence,Thiram Presence,1D-CNN,p4,0.527226463173441,0.0693781900472184,0.5475148149221349,0.0719788535348786,0.6589339947327967,0.0950089784375929,candidate_screening,1,cv_results_summary_p4.csv,p4
P1_thiram_presence,Thiram Presence,1D-CNN,p3,0.4792793398470586,0.1496638215483646,0.5411305671869052,0.0919707441830424,0.7357958311536509,0.0818037249631351,candidate_screening,1,cv_results_summary_p3.csv,p3
P2_mg_presence,MG Presence,RF,p4,0.7969558183369632,0.0872944035601086,0.7853904051177255,0.0874583360450109,0.852036065558987,0.0704131546703128,candidate_screening,1,cv_results_summary_p4.csv,p4
P2_mg_presence,MG Presence,HistGradientBoosting,raw,0.7859327767671198,0.0887150141105968,0.7940766206990413,0.095070552603259,0.8419278585639353,0.0519664042615281,candidate_screening,1,cv_results_summary_raw.csv,raw
P2_mg_presence,MG Presence,HistGradientBoosting,p4,0.7800316134531963,0.1082816125205853,0.771694980011692,0.0977481868763751,0.8360693455026456,0.0754352749448077,candidate_screening,1,cv_results_summary_p4.csv,p4
P2_mg_presence,MG Presence,HistGradientBoosting,p3,0.7648218522811981,0.098179615390953,0.7578172090599133,0.0966809597730472,0.822014343817607,0.0931754784667422,candidate_screening,1,cv_results_summary_p3.csv,p3
P2_mg_presence,MG Presence,RF,p3,0.7274168768512947,0.1046138547777575,0.7162365752213444,0.1140281313963317,0.8265374598554207,0.040867523713636,candidate_screening,1,cv_results_summary_p3.csv,p3
P2_mg_presence,MG Presence,SVM,p2,0.7209053506718707,0.1386695477722594,0.7202100744088415,0.138321686799485,0.8214262390738476,0.0424530754957511,candidate_screening,1,cv_results_summary_p2.csv,p2
P2_mg_presence,MG Presence,HistGradientBoosting,p1,0.7041404452444782,0.097478926774334,0.705094270050483,0.1031792899229461,0.7733816913090019,0.1072904821703415,candidate_screening,1,cv_results_summary_p1.csv,p1
P2_mg_presence,MG Presence,PLS-DA,p2,0.7022142738388025,0.1034842972768996,0.7011709130787401,0.0899581727462958,0.7688030044308712,0.0923537672757918,candidate_screening,1,cv_results_summary_p2.csv,p2
P2_mg_presence,MG Presence,RF,raw,0.6846542834383902,0.164693031708472,0.6902672652460771,0.1547756809565286,0.7634013685370286,0.1577734365945011,candidate_screening,1,cv_results_summary_raw.csv,raw
P2_mg_presence,MG Presence,SVM,p3,0.6843124106429475,0.1674660446034102,0.6827060586163659,0.1623640122529251,0.7774518431692911,0.0787753042500618,candidate_screening,1,cv_results_summary_p3.csv,p3
P2_mg_presence,MG Presence,HistGradientBoosting,p2,0.6806359437951841,0.0455117372532731,0.6793058539472194,0.0404164675454667,0.7555952637530543,0.0264943005637013,candidate_screening,1,cv_results_summary_p2.csv,p2
P2_mg_presence,MG Presence,SVM,p1,0.6674972627711985,0.1728228646419136,0.6690622637471071,0.1664615589927424,0.7562488397573407,0.1025562739302996,candidate_screening,1,cv_results_summary_p1.csv,p1
P2_mg_presence,MG Presence,Spectrum-KAN,p1,0.6596804006940739,0.1616758542037253,0.6777004794878722,0.1747472088026743,0.7292243861725918,0.0942176297413103,candidate_screening,1,cv_results_summary_p1.csv,p1
P2_mg_presence,MG Presence,Chem-KAN,p1,0.6593855812054529,0.1203238934270715,0.6753120363203531,0.1263442196212382,0.7324877356917759,0.0744987143283851,candidate_screening,1,cv_results_summary_p1.csv,p1
P2_mg_presence,MG Presence,KNN,p2,0.6559727582783951,0.1663888795573959,0.6526975610061323,0.1718901212717992,0.7468835921452183,0.1041914879540089,candidate_screening,1,cv_results_summary_p2.csv,p2
P2_mg_presence,MG Presence,RF,p2,0.6391180367338704,0.0873190635143135,0.6354595010097971,0.0762134315414567,0.7623473867073035,0.042684144060122,candidate_screening,1,cv_results_summary_p2.csv,p2
P2_mg_presence,MG Presence,1D-CNN,p2,0.6385037779936531,0.1359896463103655,0.6335834337468021,0.125403701588001,0.7369353850746572,0.1081896949291483,candidate_screening,1,cv_results_summary_p2.csv,p2
P2_mg_presence,MG Presence,Spectrum-KAN,p2,0.6339334591508673,0.1481918923875985,0.6405656597871477,0.1553784840496696,0.7194890915180692,0.067590171151146,candidate_screening,1,cv_results_summary_p2.csv,p2
P2_mg_presence,MG Presence,PLS-DA,p3,0.6331060095651356,0.0873806079748606,0.6358870529556487,0.0858825985264293,0.7111276317312134,0.0908086742238689,candidate_screening,1,cv_results_summary_p3.csv,p3
P2_mg_presence,MG Presence,Spectrum-KAN,raw,0.6153841275789561,0.18631730441606,0.6624210844807982,0.1741364589066821,0.6979271285002703,0.1462766998902604,candidate_screening,1,cv_results_summary_raw.csv,raw
P2_mg_presence,MG Presence,1D-CNN,raw,0.6149933710137512,0.1536064746658279,0.6518028021313074,0.1730405843252156,0.6526849482535342,0.1578105462976559,candidate_screening,1,cv_results_summary_raw.csv,raw
P2_mg_presence,MG Presence,Chem-KAN,p3,0.6145390157565245,0.144875209744365,0.6374972112404393,0.142788732205732,0.6998225107603101,0.0929990870865586,candidate_screening,1,cv_results_summary_p3.csv,p3
P2_mg_presence,MG Presence,KNN,p3,0.6125718782265576,0.1303112962727041,0.6088009963569282,0.1243492996230045,0.7113967268897643,0.0978179328024525,candidate_screening,1,cv_results_summary_p3.csv,p3
P2_mg_presence,MG Presence,Chem-KAN,p2,0.6125616149447921,0.1352482240462198,0.6181426560707383,0.1272192959482662,0.7345363481361221,0.0398507319248759,candidate_screening,1,cv_results_summary_p2.csv,p2
P2_mg_presence,MG Presence,Spectrum-KAN,p4,0.6098446154818651,0.1899274007197713,0.6165249986415224,0.1790990271850324,0.704189247871447,0.1378827569772984,candidate_screening,1,cv_results_summary_p4.csv,p4
P2_mg_presence,MG Presence,Chem-KAN,p4,0.6094711980154509,0.1480429266932125,0.6467563448414124,0.1044952886657696,0.6660704648183635,0.1643683456273269,candidate_screening,1,cv_results_summary_p4.csv,p4
P2_mg_presence,MG Presence,Chem-KAN,raw,0.5966579065980054,0.2228323379164948,0.6257012117602996,0.2247896173903701,0.6714377801159511,0.2036169627359072,candidate_screening,1,cv_results_summary_raw.csv,raw
P2_mg_presence,MG Presence,RF,p1,0.5860085015403966,0.1491249144668508,0.5891664426896182,0.1514159242900952,0.7062047883714981,0.116406222792992,candidate_screening,1,cv_results_summary_p1.csv,p1
P2_mg_presence,MG Presence,PLS-DA,p1,0.5823761835135308,0.1079264680058551,0.5890650657563146,0.1075708905863112,0.67294035321633,0.1229556241067583,candidate_screening,1,cv_results_summary_p1.csv,p1
P2_mg_presence,MG Presence,Spectrum-KAN,p3,0.5810062137349101,0.1220664830558922,0.5867457244450085,0.1089375716284883,0.6709707314794079,0.1187735609531789,candidate_screening,1,cv_results_summary_p3.csv,p3
P2_mg_presence,MG Presence,KNN,p4,0.5793705977654128,0.1219050569631196,0.5839525392523399,0.133043614000539,0.6778743517890332,0.0963461248760875,candidate_screening,1,cv_results_summary_p4.csv,p4
P2_mg_presence,MG Presence,KNN,p1,0.5788589510537715,0.1377052599917522,0.583532358284293,0.1355007919088847,0.7059746596034143,0.0989510336010707,candidate_screening,1,cv_results_summary_p1.csv,p1
P2_mg_presence,MG Presence,PLS-DA,p4,0.5759983261111178,0.200219306972949,0.5812617637415052,0.1855455351037846,0.7302476023142689,0.0897447121708457,candidate_screening,1,cv_results_summary_p4.csv,p4
P2_mg_presence,MG Presence,KNN,raw,0.5586615741384426,0.0956651041781652,0.5691422188197507,0.0842646177925498,0.6552540381853771,0.1135013136118056,candidate_screening,1,cv_results_summary_raw.csv,raw
P2_mg_presence,MG Presence,PLS-DA,raw,0.5470575636508868,0.1848257915681375,0.5624911974334191,0.1650282240739077,0.7220633134680333,0.0993846940130213,candidate_screening,1,cv_results_summary_raw.csv,raw
P2_mg_presence,MG Presence,SVM,p4,0.5332324384367337,0.1068904170617406,0.6043095771358945,0.0754892891335962,0.5628441307669088,0.1361964801470361,candidate_screening,1,cv_results_summary_p4.csv,p4
P2_mg_presence,MG Presence,1D-CNN,p4,0.5325231762188077,0.0850488265853811,0.5910864112835388,0.1056861785075336,0.6006839385400469,0.1311122399566085,candidate_screening,1,cv_results_summary_p4.csv,p4
P2_mg_presence,MG Presence,1D-CNN,p1,0.5075488359936875,0.0889879584529577,0.5426331644521605,0.1154184306267431,0.6384179882346815,0.0502910508307961,candidate_screening,1,cv_results_summary_p1.csv,p1
P2_mg_presence,MG Presence,SVM,raw,0.4352302392209335,0.0440592736738078,0.5020865336746044,0.096721386948289,0.580297645281137,0.1139197165586403,candidate_screening,1,cv_results_summary_raw.csv,raw
P2_mg_presence,MG Presence,1D-CNN,p3,0.3803493511746952,0.1027223492084488,0.5022801977753895,0.0274359580582845,0.5629045432253027,0.1789817805485836,candidate_screening,1,cv_results_summary_p3.csv,p3
P3_mba_presence,MBA Presence,SVM,p1,0.920198135521353,0.055667886626975,0.9205331457624312,0.0742538500886326,0.9488121516153044,0.0208045641632562,candidate_screening,1,cv_results_summary_p1.csv,p1
P3_mba_presence,MBA Presence,SVM,p3,0.9099784797739212,0.0947467410281634,0.9127516308271472,0.09199151149044,0.9418292494400848,0.0505453609750765,candidate_screening,1,cv_results_summary_p3.csv,p3
P3_mba_presence,MBA Presence,RF,p1,0.909145329633507,0.0736258272519247,0.9062433494101988,0.083511727674018,0.9409671007965382,0.0440023083494403,candidate_screening,1,cv_results_summary_p1.csv,p1
P3_mba_presence,MBA Presence,Chem-KAN,p3,0.8891545067279999,0.0568892633475746,0.925042307387162,0.0332662752465472,0.914858409006644,0.0439056055520335,candidate_screening,1,cv_results_summary_p3.csv,p3
P3_mba_presence,MBA Presence,Spectrum-KAN,p3,0.8871147628034688,0.0711687902917941,0.9078450778769922,0.0547267583119778,0.914706688136862,0.0584351784880896,candidate_screening,1,cv_results_summary_p3.csv,p3
P3_mba_presence,MBA Presence,RF,p3,0.8836589941937427,0.074262747989681,0.88517383518815,0.0826121567850492,0.9220956002784132,0.0469592504268476,candidate_screening,1,cv_results_summary_p3.csv,p3
P3_mba_presence,MBA Presence,PLS-DA,p1,0.8733680754452516,0.065488913472633,0.882438413950266,0.0651315577755725,0.9038578442390176,0.0547991797259308,candidate_screening,1,cv_results_summary_p1.csv,p1
P3_mba_presence,MBA Presence,Chem-KAN,p4,0.8711814890444067,0.0514735975973905,0.8649186468391505,0.0653072775498479,0.9087672803733908,0.0499160603741222,candidate_screening,1,cv_results_summary_p4.csv,p4
P3_mba_presence,MBA Presence,PLS-DA,p3,0.8699092619064588,0.0741680880575821,0.8750966102042691,0.0679832883718205,0.906114627932979,0.0558569343019787,candidate_screening,1,cv_results_summary_p3.csv,p3
P3_mba_presence,MBA Presence,SVM,p2,0.8659138260650578,0.0757260542071996,0.8594299664444021,0.08940472789556,0.9132253311269828,0.0479791783038556,candidate_screening,1,cv_results_summary_p2.csv,p2
P3_mba_presence,MBA Presence,Spectrum-KAN,p4,0.8635300688683584,0.0830197713827777,0.8534512391851943,0.0910204338599516,0.9041864553723372,0.0741633958824369,candidate_screening,1,cv_results_summary_p4.csv,p4
P3_mba_presence,MBA Presence,Spectrum-KAN,p2,0.8612848689008512,0.067261663965953,0.8398337493335214,0.0762819528273301,0.9090359319526018,0.0447503212893441,candidate_screening,1,cv_results_summary_p2.csv,p2
P3_mba_presence,MBA Presence,RF,p4,0.8609261608211722,0.104271519984162,0.8647930196178703,0.1143329855224463,0.9000396369526372,0.0811126489526374,candidate_screening,1,cv_results_summary_p4.csv,p4
P3_mba_presence,MBA Presence,Spectrum-KAN,p1,0.8502826999804756,0.0726700629538515,0.8598771978856081,0.0435808255844983,0.8860291377192719,0.0693265750942829,candidate_screening,1,cv_results_summary_p1.csv,p1
P3_mba_presence,MBA Presence,HistGradientBoosting,p4,0.844138412958644,0.0328550161323566,0.8581531487355518,0.0407397059561608,0.885473073887826,0.033461232070228,candidate_screening,1,cv_results_summary_p4.csv,p4
P3_mba_presence,MBA Presence,Chem-KAN,p1,0.8421463515225935,0.0763574105473121,0.8533237986929905,0.0735794333764616,0.8827365994703291,0.0662796878480126,candidate_screening,1,cv_results_summary_p1.csv,p1
P3_mba_presence,MBA Presence,RF,p2,0.8392217800511247,0.1180599817631248,0.8346920483672294,0.1103157224589815,0.8921171812927128,0.0864392086795999,candidate_screening,1,cv_results_summary_p2.csv,p2
P3_mba_presence,MBA Presence,Chem-KAN,p2,0.8370140017779815,0.0281393440981104,0.8316482170951213,0.0524784289706112,0.8868134996916579,0.0362724573238421,candidate_screening,1,cv_results_summary_p2.csv,p2
P3_mba_presence,MBA Presence,PLS-DA,p2,0.8349407569225171,0.0613293355299565,0.8431931518746492,0.0553298040629476,0.8794355421440848,0.0491083292178045,candidate_screening,1,cv_results_summary_p2.csv,p2
P3_mba_presence,MBA Presence,HistGradientBoosting,p3,0.8273103233260388,0.104463419776212,0.8294255109975,0.0952242887437532,0.8799820265457369,0.0739158204073621,candidate_screening,1,cv_results_summary_p3.csv,p3
P3_mba_presence,MBA Presence,KNN,p2,0.82094372611277,0.1334417790341803,0.8068115244173214,0.1439194018908387,0.8884221316379536,0.0721584412385545,candidate_screening,1,cv_results_summary_p2.csv,p2
P3_mba_presence,MBA Presence,KNN,p1,0.8140900121634548,0.111576881424198,0.8077040128561361,0.1452153616187143,0.8803747117139415,0.0781650900194276,candidate_screening,1,cv_results_summary_p1.csv,p1
P3_mba_presence,MBA Presence,KNN,p4,0.8088833676753241,0.0743722139296795,0.8125223867458722,0.0730336958720623,0.8604607752033402,0.060113749156805,candidate_screening,1,cv_results_summary_p4.csv,p4
P3_mba_presence,MBA Presence,HistGradientBoosting,p2,0.8029815970666008,0.0830811624651177,0.8027655548888403,0.0717734656538806,0.8608649283303322,0.0616749557825136,candidate_screening,1,cv_results_summary_p2.csv,p2
P3_mba_presence,MBA Presence,KNN,p3,0.7979041708631308,0.09536348379311,0.7987912351348634,0.1351179679745532,0.8659973267275264,0.0678759331409997,candidate_screening,1,cv_results_summary_p3.csv,p3
P3_mba_presence,MBA Presence,HistGradientBoosting,p1,0.7935583803034516,0.140360482162711,0.8000872729414752,0.1470487283382115,0.8473397490743091,0.1316441852871551,candidate_screening,1,cv_results_summary_p1.csv,p1
P3_mba_presence,MBA Presence,RF,raw,0.7722747298368945,0.0507709693668441,0.7614261399541293,0.0704081094253055,0.846795337103989,0.0570908781155232,candidate_screening,1,cv_results_summary_raw.csv,raw
P3_mba_presence,MBA Presence,1D-CNN,p2,0.7558966993129982,0.1347982408112525,0.7556046982365382,0.1175432028894803,0.8422567072559388,0.0925457439734603,candidate_screening,1,cv_results_summary_p2.csv,p2
P3_mba_presence,MBA Presence,1D-CNN,p1,0.7367482833950169,0.1287689292018128,0.7314712696414067,0.1215479454606939,0.8194890649836701,0.1084641815787281,candidate_screening,1,cv_results_summary_p1.csv,p1
P3_mba_presence,MBA Presence,PLS-DA,p4,0.7322171208197326,0.1642152502033953,0.7585753661361895,0.164770688550998,0.8395587595160101,0.064306511940249,candidate_screening,1,cv_results_summary_p4.csv,p4
P3_mba_presence,MBA Presence,PLS-DA,raw,0.7275322766057493,0.182785310668591,0.7575449170007852,0.1611060411790262,0.8319302209025301,0.0765854810436364,candidate_screening,1,cv_results_summary_raw.csv,raw
P3_mba_presence,MBA Presence,HistGradientBoosting,raw,0.6720352908665933,0.1756535595842451,0.6867227015867146,0.1934188414544745,0.763823160311027,0.1032350218980169,candidate_screening,1,cv_results_summary_raw.csv,raw
P3_mba_presence,MBA Presence,SVM,p4,0.670850499452812,0.200134243954096,0.7368146639593492,0.1987913471051073,0.7553519643896083,0.138687800591581,candidate_screening,1,cv_results_summary_p4.csv,p4
P3_mba_presence,MBA Presence,1D-CNN,p4,0.6663242706459132,0.141892628266637,0.6903937033933816,0.1706631297366148,0.7398710077572765,0.1444302949565654,candidate_screening,1,cv_results_summary_p4.csv,p4
P3_mba_presence,MBA Presence,Spectrum-KAN,raw,0.6366601686640412,0.1768717696365283,0.6693274141238172,0.1579583780453881,0.7768372341619721,0.1002912578259443,candidate_screening,1,cv_results_summary_raw.csv,raw
P3_mba_presence,MBA Presence,KNN,raw,0.6113102067615813,0.1028723694260261,0.6366891451702928,0.1237880742443451,0.7502582755488513,0.0651619472724415,candidate_screening,1,cv_results_summary_raw.csv,raw
P3_mba_presence,MBA Presence,1D-CNN,p3,0.6035834897307734,0.1724164530819338,0.6209245009038931,0.1500522576665256,0.7662714557458752,0.0946488784066952,candidate_screening,1,cv_results_summary_p3.csv,p3
P3_mba_presence,MBA Presence,Chem-KAN,raw,0.5947391234191277,0.1939446663009067,0.6345928130301713,0.1918040270179765,0.7350611970710974,0.1271395951691409,candidate_screening,1,cv_results_summary_raw.csv,raw
P3_mba_presence,MBA Presence,SVM,raw,0.5394987714821757,0.1183182808627122,0.600621748310026,0.1134451488244824,0.7081225943214919,0.1279041956317195,candidate_screening,1,cv_results_summary_raw.csv,raw
P3_mba_presence,MBA Presence,1D-CNN,raw,0.5336934586377067,0.0953978924139854,0.6003056231262969,0.125874199414366,0.6429781374235063,0.0457057433321958,candidate_screening,1,cv_results_summary_raw.csv,raw
