stage,task_id,model,preprocess,n_samples,exact_acc,within_1_acc,mae_levels,adjacent_error_rate
01_screening,G1_thiram_molar_grade,1D-CNN,p1,650,0.5553846153846154,0.9723076923076923,0.4723076923076923,0.9377162629757786
01_screening,G1_thiram_molar_grade,1D-CNN,p2,650,0.6153846153846154,0.9769230769230769,0.4076923076923077,0.94
01_screening,G1_thiram_molar_grade,1D-CNN,p3,650,0.6553846153846153,0.9861538461538462,0.35846153846153844,0.9598214285714286
01_screening,G1_thiram_molar_grade,1D-CNN,p4,650,0.5492307692307692,0.9138461538461539,0.536923076923077,0.8088737201365188
01_screening,G1_thiram_molar_grade,1D-CNN,raw,650,0.5692307692307692,0.936923076923077,0.4938461538461538,0.8535714285714285
01_screening,G1_thiram_molar_grade,Chem-KAN,p1,650,0.676923076923077,0.9569230769230769,0.36615384615384616,0.8666666666666667
01_screening,G1_thiram_molar_grade,Chem-KAN,p2,650,0.7476923076923077,0.9923076923076923,0.26,0.9695121951219512
01_screening,G1_thiram_molar_grade,Chem-KAN,p3,650,0.6846153846153846,0.9815384615384616,0.33384615384615385,0.9414634146341463
01_screening,G1_thiram_molar_grade,Chem-KAN,p4,650,0.6430769230769231,0.9523076923076923,0.4046153846153846,0.8663793103448276
01_screening,G1_thiram_molar_grade,Chem-KAN,raw,650,0.6338461538461538,0.9646153846153847,0.4015384615384615,0.9033613445378151
01_screening,G1_thiram_molar_grade,HistGradientBoosting,p1,650,0.6846153846153846,0.963076923076923,0.3523076923076923,0.8829268292682927
01_screening,G1_thiram_molar_grade,HistGradientBoosting,p2,650,0.7753846153846153,0.9892307692307692,0.2353846153846154,0.952054794520548
01_screening,G1_thiram_molar_grade,HistGradientBoosting,p3,650,0.6984615384615385,0.9353846153846154,0.36615384615384616,0.7857142857142857
01_screening,G1_thiram_molar_grade,HistGradientBoosting,p4,650,0.7292307692307692,0.98,0.2907692307692308,0.9261363636363636
01_screening,G1_thiram_molar_grade,HistGradientBoosting,raw,650,0.676923076923077,0.96,0.3630769230769231,0.8761904761904762
01_screening,G1_thiram_molar_grade,KNN,p1,650,0.6276923076923077,0.9553846153846154,0.4169230769230769,0.8801652892561983
01_screening,G1_thiram_molar_grade,KNN,p2,650,0.6446153846153846,0.9446153846153846,0.4107692307692308,0.8441558441558441
01_screening,G1_thiram_molar_grade,KNN,p3,650,0.6169230769230769,0.9415384615384615,0.44153846153846155,0.8473895582329317
01_screening,G1_thiram_molar_grade,KNN,p4,650,0.6523076923076923,0.936923076923077,0.4107692307692308,0.8185840707964602
01_screening,G1_thiram_molar_grade,KNN,raw,650,0.6938461538461539,0.943076923076923,0.3630769230769231,0.8140703517587939
01_screening,G1_thiram_molar_grade,PLS-DA,p1,650,0.7830769230769231,0.9769230769230769,0.24,0.8936170212765957
01_screening,G1_thiram_molar_grade,PLS-DA,p2,650,0.8615384615384616,0.9953846153846154,0.14307692307692307,0.9666666666666667
01_screening,G1_thiram_molar_grade,PLS-DA,p3,650,0.8153846153846154,0.9923076923076923,0.19230769230769232,0.9583333333333334
01_screening,G1_thiram_molar_grade,PLS-DA,p4,650,0.7169230769230769,0.9723076923076923,0.31076923076923074,0.9021739130434783
01_screening,G1_thiram_molar_grade,PLS-DA,raw,650,0.7230769230769231,0.9523076923076923,0.32461538461538464,0.8277777777777777
01_screening,G1_thiram_molar_grade,RF,p1,650,0.6784615384615384,0.9784615384615385,0.34307692307692306,0.9330143540669856
01_screening,G1_thiram_molar_grade,RF,p2,650,0.8138461538461539,1.0,0.18615384615384614,1.0
01_screening,G1_thiram_molar_grade,RF,p3,650,0.7415384615384616,0.9769230769230769,0.2815384615384615,0.9107142857142857
01_screening,G1_thiram_molar_grade,RF,p4,650,0.76,0.9953846153846154,0.24461538461538462,0.9807692307692307
01_screening,G1_thiram_molar_grade,RF,raw,650,0.6892307692307692,0.9384615384615385,0.3723076923076923,0.801980198019802
01_screening,G1_thiram_molar_grade,SVM,p1,650,0.6738461538461539,0.9446153846153846,0.38153846153846155,0.8301886792452831
01_screening,G1_thiram_molar_grade,SVM,p2,650,0.7307692307692307,0.9907692307692307,0.2784615384615385,0.9657142857142857
01_screening,G1_thiram_molar_grade,SVM,p3,650,0.64,0.963076923076923,0.39692307692307693,0.8974358974358975
01_screening,G1_thiram_molar_grade,SVM,p4,650,0.54,0.9769230769230769,0.48307692307692307,0.9498327759197325
01_screening,G1_thiram_molar_grade,SVM,raw,650,0.6938461538461539,0.9984615384615385,0.3076923076923077,0.9949748743718593
01_screening,G1_thiram_molar_grade,Spectrum-KAN,p1,650,0.6630769230769231,0.9661538461538461,0.3707692307692308,0.8995433789954338
01_screening,G1_thiram_molar_grade,Spectrum-KAN,p2,650,0.7261538461538461,0.9830769230769231,0.2907692307692308,0.9382022471910112
01_screening,G1_thiram_molar_grade,Spectrum-KAN,p3,650,0.6984615384615385,0.9353846153846154,0.36615384615384616,0.7857142857142857
01_screening,G1_thiram_molar_grade,Spectrum-KAN,p4,650,0.6476923076923077,0.9676923076923077,0.38461538461538464,0.9082969432314411
01_screening,G1_thiram_molar_grade,Spectrum-KAN,raw,650,0.5461538461538461,0.9661538461538461,0.4876923076923077,0.9254237288135593
01_screening,G2_mg_molar_grade,1D-CNN,p1,648,0.44135802469135804,0.9182098765432098,0.6404320987654321,0.8535911602209945
01_screening,G2_mg_molar_grade,1D-CNN,p2,648,0.44290123456790126,0.9243827160493827,0.6327160493827161,0.8642659279778393
01_screening,G2_mg_molar_grade,1D-CNN,p3,648,0.3148148148148148,0.8194444444444444,0.8657407407407407,0.7364864864864865
01_screening,G2_mg_molar_grade,1D-CNN,p4,648,0.5601851851851852,0.9675925925925926,0.4722222222222222,0.9263157894736842
01_screening,G2_mg_molar_grade,1D-CNN,raw,648,0.5339506172839507,0.970679012345679,0.49537037037037035,0.9370860927152318
01_screening,G2_mg_molar_grade,Chem-KAN,p1,648,0.44135802469135804,0.9521604938271605,0.6064814814814815,0.914364640883978
01_screening,G2_mg_molar_grade,Chem-KAN,p2,648,0.4182098765432099,0.933641975308642,0.6481481481481481,0.8859416445623343
01_screening,G2_mg_molar_grade,Chem-KAN,p3,648,0.44753086419753085,0.9320987654320988,0.6203703703703703,0.8770949720670391
01_screening,G2_mg_molar_grade,Chem-KAN,p4,648,0.44907407407407407,0.9197530864197531,0.6311728395061729,0.8543417366946778
01_screening,G2_mg_molar_grade,Chem-KAN,raw,648,0.5200617283950617,0.9290123456790124,0.5509259259259259,0.8520900321543409
01_screening,G2_mg_molar_grade,HistGradientBoosting,p1,648,0.41512345679012347,0.9506172839506173,0.6342592592592593,0.9155672823218998
01_screening,G2_mg_molar_grade,HistGradientBoosting,p2,648,0.37191358024691357,0.9089506172839507,0.7191358024691358,0.855036855036855
01_screening,G2_mg_molar_grade,HistGradientBoosting,p3,648,0.4058641975308642,0.9320987654320988,0.6620370370370371,0.8857142857142857
01_screening,G2_mg_molar_grade,HistGradientBoosting,p4,648,0.5246913580246914,0.9490740740740741,0.5262345679012346,0.8928571428571429
01_screening,G2_mg_molar_grade,HistGradientBoosting,raw,648,0.5138888888888888,0.9351851851851852,0.5509259259259259,0.8666666666666667
01_screening,G2_mg_molar_grade,KNN,p1,648,0.4228395061728395,0.9429012345679012,0.6342592592592593,0.9010695187165776
01_screening,G2_mg_molar_grade,KNN,p2,648,0.3626543209876543,0.9506172839506173,0.6867283950617284,0.9225181598062954
01_screening,G2_mg_molar_grade,KNN,p3,648,0.4444444444444444,0.9675925925925926,0.5879629629629629,0.9416666666666667
01_screening,G2_mg_molar_grade,KNN,p4,648,0.375,0.9351851851851852,0.6898148148148148,0.8962962962962963
01_screening,G2_mg_molar_grade,KNN,raw,648,0.4012345679012346,0.9459876543209876,0.6527777777777778,0.9097938144329897
01_screening,G2_mg_molar_grade,PLS-DA,p1,648,0.4166666666666667,0.9367283950617284,0.6466049382716049,0.8915343915343915
01_screening,G2_mg_molar_grade,PLS-DA,p2,648,0.38580246913580246,0.9598765432098766,0.654320987654321,0.9346733668341709
01_screening,G2_mg_molar_grade,PLS-DA,p3,648,0.4398148148148148,0.9614197530864198,0.5987654320987654,0.931129476584022
01_screening,G2_mg_molar_grade,PLS-DA,p4,648,0.39351851851851855,0.9151234567901234,0.691358024691358,0.8600508905852418
01_screening,G2_mg_molar_grade,PLS-DA,raw,648,0.375,0.9475308641975309,0.6774691358024691,0.9160493827160494
01_screening,G2_mg_molar_grade,RF,p1,648,0.48302469135802467,0.9614197530864198,0.5555555555555556,0.9253731343283582
01_screening,G2_mg_molar_grade,RF,p2,648,0.41512345679012347,0.9367283950617284,0.6481481481481481,0.8918205804749341
01_screening,G2_mg_molar_grade,RF,p3,648,0.39969135802469136,0.9645061728395061,0.6358024691358025,0.9408740359897172
01_screening,G2_mg_molar_grade,RF,p4,648,0.5787037037037037,0.9583333333333334,0.46296296296296297,0.9010989010989011
01_screening,G2_mg_molar_grade,RF,raw,648,0.49382716049382713,0.941358024691358,0.5648148148148148,0.8841463414634146
01_screening,G2_mg_molar_grade,SVM,p1,648,0.41975308641975306,0.9598765432098766,0.6203703703703703,0.9308510638297872
01_screening,G2_mg_molar_grade,SVM,p2,648,0.42901234567901236,0.9429012345679012,0.6280864197530864,0.9
01_screening,G2_mg_molar_grade,SVM,p3,648,0.4645061728395062,0.9614197530864198,0.5740740740740741,0.9279538904899135
01_screening,G2_mg_molar_grade,SVM,p4,648,0.4783950617283951,0.9351851851851852,0.5864197530864198,0.8757396449704142
01_screening,G2_mg_molar_grade,SVM,raw,648,0.4506172839506173,0.9305555555555556,0.6188271604938271,0.8735955056179775
01_screening,G2_mg_molar_grade,Spectrum-KAN,p1,648,0.4660493827160494,0.8919753086419753,0.6419753086419753,0.7976878612716763
01_screening,G2_mg_molar_grade,Spectrum-KAN,p2,648,0.4305555555555556,0.8873456790123457,0.6820987654320988,0.8021680216802168
01_screening,G2_mg_molar_grade,Spectrum-KAN,p3,648,0.36728395061728397,0.8441358024691358,0.7885802469135802,0.7536585365853659
01_screening,G2_mg_molar_grade,Spectrum-KAN,p4,648,0.6064814814814815,0.9305555555555556,0.46296296296296297,0.8235294117647058
01_screening,G2_mg_molar_grade,Spectrum-KAN,raw,648,0.5848765432098766,0.9398148148148148,0.47530864197530864,0.8550185873605948
01_screening,G3_mba_molar_grade,1D-CNN,p1,681,0.5389133627019089,0.9632892804698973,0.4977973568281938,0.9203821656050956
01_screening,G3_mba_molar_grade,1D-CNN,p2,681,0.618208516886931,0.9911894273127754,0.39060205580029367,0.9769230769230769
01_screening,G3_mba_molar_grade,1D-CNN,p3,681,0.40822320117474303,0.8531571218795888,0.7386196769456681,0.7518610421836228
01_screening,G3_mba_molar_grade,1D-CNN,p4,681,0.5888399412628488,0.9530102790014684,0.4581497797356828,0.8857142857142857
01_screening,G3_mba_molar_grade,1D-CNN,raw,681,0.4155653450807636,0.856093979441997,0.7283406754772394,0.7537688442211056
01_screening,G3_mba_molar_grade,Chem-KAN,p1,681,0.6872246696035242,0.9794419970631424,0.3333333333333333,0.9342723004694836
01_screening,G3_mba_molar_grade,Chem-KAN,p2,681,0.7635829662261381,0.9941262848751835,0.2422907488986784,0.9751552795031055
01_screening,G3_mba_molar_grade,Chem-KAN,p3,681,0.7077826725403817,0.9853157121879589,0.3069016152716593,0.949748743718593
01_screening,G3_mba_molar_grade,Chem-KAN,p4,681,0.6240822320117474,0.9897209985315712,0.38619676945668135,0.97265625
01_screening,G3_mba_molar_grade,Chem-KAN,raw,681,0.5682819383259912,0.9515418502202643,0.4801762114537445,0.8877551020408163
01_screening,G3_mba_molar_grade,HistGradientBoosting,p1,681,0.5345080763582967,0.9515418502202643,0.5139500734214391,0.8958990536277602
01_screening,G3_mba_molar_grade,HistGradientBoosting,p2,681,0.6372980910425844,0.9618208516886931,0.4008810572687225,0.8947368421052632
01_screening,G3_mba_molar_grade,HistGradientBoosting,p3,681,0.5829662261380323,0.9588839941262849,0.4581497797356828,0.9014084507042254
01_screening,G3_mba_molar_grade,HistGradientBoosting,p4,681,0.7312775330396476,0.9955947136563876,0.27312775330396477,0.9836065573770492
01_screening,G3_mba_molar_grade,HistGradientBoosting,raw,681,0.6020558002936858,0.9823788546255506,0.4155653450807636,0.955719557195572
01_screening,G3_mba_molar_grade,KNN,p1,681,0.461086637298091,0.9823788546255506,0.5565345080763583,0.9673024523160763
01_screening,G3_mba_molar_grade,KNN,p2,681,0.4787077826725404,0.960352422907489,0.5609397944199707,0.923943661971831
01_screening,G3_mba_molar_grade,KNN,p3,681,0.5139500734214391,0.9794419970631424,0.5066079295154186,0.9577039274924471
01_screening,G3_mba_molar_grade,KNN,p4,681,0.566813509544787,0.9926578560939795,0.44052863436123346,0.9830508474576272
01_screening,G3_mba_molar_grade,KNN,raw,681,0.55359765051395,0.960352422907489,0.48604992657856094,0.9111842105263158
01_screening,G3_mba_molar_grade,PLS-DA,p1,681,0.5301027900146843,0.9809104258443465,0.4889867841409692,0.959375
01_screening,G3_mba_molar_grade,PLS-DA,p2,681,0.5051395007342144,0.9720998531571219,0.5227606461086637,0.9436201780415431
01_screening,G3_mba_molar_grade,PLS-DA,p3,681,0.5080763582966226,0.9794419970631424,0.5124816446402349,0.9582089552238806
01_screening,G3_mba_molar_grade,PLS-DA,p4,681,0.461086637298091,0.9177679882525698,0.6211453744493393,0.8474114441416893
01_screening,G3_mba_molar_grade,PLS-DA,raw,681,0.5741556534508077,0.908957415565345,0.5168869309838473,0.7862068965517242
01_screening,G3_mba_molar_grade,RF,p1,681,0.5565345080763583,0.9765051395007343,0.4669603524229075,0.9470198675496688
01_screening,G3_mba_molar_grade,RF,p2,681,0.6417033773861968,0.9779735682819384,0.3803230543318649,0.9385245901639344
01_screening,G3_mba_molar_grade,RF,p3,681,0.6167400881057269,0.9823788546255506,0.4008810572687225,0.9540229885057471
01_screening,G3_mba_molar_grade,RF,p4,681,0.7312775330396476,1.0,0.2687224669603524,1.0
01_screening,G3_mba_molar_grade,RF,raw,681,0.6255506607929515,0.9750367107195301,0.39941262848751835,0.9333333333333333
01_screening,G3_mba_molar_grade,SVM,p1,681,0.7224669603524229,0.9794419970631424,0.29809104258443464,0.9259259259259259
01_screening,G3_mba_molar_grade,SVM,p2,681,0.6681350954478708,0.9823788546255506,0.34948604992657856,0.9469026548672567
01_screening,G3_mba_molar_grade,SVM,p3,681,0.6798825256975036,0.9765051395007343,0.3436123348017621,0.926605504587156
01_screening,G3_mba_molar_grade,SVM,p4,681,0.6651982378854625,0.9911894273127754,0.3436123348017621,0.9736842105263158
01_screening,G3_mba_molar_grade,SVM,raw,681,0.6079295154185022,0.9632892804698973,0.4287812041116006,0.9063670411985019
01_screening,G3_mba_molar_grade,Spectrum-KAN,p1,681,0.6989720998531571,0.9838472834067548,0.31718061674008813,0.9463414634146341
01_screening,G3_mba_molar_grade,Spectrum-KAN,p2,681,0.7268722466960352,0.9941262848751835,0.2790014684287812,0.978494623655914
01_screening,G3_mba_molar_grade,Spectrum-KAN,p3,681,0.7077826725403817,0.9853157121879589,0.3069016152716593,0.949748743718593
01_screening,G3_mba_molar_grade,Spectrum-KAN,p4,681,0.6167400881057269,0.9765051395007343,0.4067547723935389,0.9386973180076629
01_screening,G3_mba_molar_grade,Spectrum-KAN,raw,681,0.6093979441997063,0.9515418502202643,0.4390602055800294,0.8759398496240601
02_rf_nsga_best_01,G1_thiram_molar_grade,RF,p4,650,0.7784615384615384,0.9969230769230769,0.2246153846153846,0.9861111111111112
02_rf_nsga_best_01,G2_mg_molar_grade,RF,p4,648,0.595679012345679,0.9429012345679012,0.46141975308641975,0.8587786259541985
02_rf_nsga_best_01,G3_mba_molar_grade,RF,p4,681,0.775330396475771,0.9941262848751835,0.2305433186490455,0.9738562091503268
02_rf_nsga_best_02,G1_thiram_molar_grade,RF,p4,650,0.7784615384615384,0.9969230769230769,0.2246153846153846,0.9861111111111112
02_rf_nsga_best_02,G2_mg_molar_grade,RF,p4,648,0.595679012345679,0.9429012345679012,0.46141975308641975,0.8587786259541985
02_rf_nsga_best_02,G3_mba_molar_grade,RF,p4,681,0.775330396475771,0.9941262848751835,0.2305433186490455,0.9738562091503268
02_rf_nsga_best_03,G1_thiram_molar_grade,RF,p4,650,0.7846153846153846,0.9969230769230769,0.21846153846153846,0.9857142857142858
02_rf_nsga_best_03,G2_mg_molar_grade,RF,p4,648,0.5910493827160493,0.9429012345679012,0.4660493827160494,0.8603773584905661
02_rf_nsga_best_03,G3_mba_molar_grade,RF,p4,681,0.7826725403817915,0.9911894273127754,0.2261380323054332,0.9594594594594594
02_rf_nsga_best_04,G1_thiram_molar_grade,RF,p4,650,0.7815384615384615,0.9969230769230769,0.22153846153846155,0.9859154929577465
02_rf_nsga_best_04,G2_mg_molar_grade,RF,p4,648,0.5925925925925926,0.941358024691358,0.4660493827160494,0.8560606060606061
02_rf_nsga_best_04,G3_mba_molar_grade,RF,p4,681,0.7826725403817915,0.9941262848751835,0.22320117474302498,0.972972972972973
02_rf_nsga_best_05,G1_thiram_molar_grade,RF,p4,650,0.7815384615384615,0.9984615384615385,0.22,0.9929577464788732
02_rf_nsga_best_05,G2_mg_molar_grade,RF,p4,648,0.5941358024691358,0.9444444444444444,0.46141975308641975,0.8631178707224335
02_rf_nsga_best_05,G3_mba_molar_grade,RF,p4,681,0.7665198237885462,0.9955947136563876,0.23788546255506607,0.9811320754716981
02_rf_nsga_best_06,G1_thiram_molar_grade,RF,p4,650,0.7784615384615384,0.9969230769230769,0.2246153846153846,0.9861111111111112
02_rf_nsga_best_06,G2_mg_molar_grade,RF,p4,648,0.595679012345679,0.9429012345679012,0.46141975308641975,0.8587786259541985
02_rf_nsga_best_06,G3_mba_molar_grade,RF,p4,681,0.775330396475771,0.9941262848751835,0.2305433186490455,0.9738562091503268
02_rf_nsga_best_07,G1_thiram_molar_grade,RF,p4,650,0.7784615384615384,0.9969230769230769,0.2246153846153846,0.9861111111111112
02_rf_nsga_best_07,G2_mg_molar_grade,RF,p4,648,0.595679012345679,0.9429012345679012,0.46141975308641975,0.8587786259541985
02_rf_nsga_best_07,G3_mba_molar_grade,RF,p4,681,0.775330396475771,0.9941262848751835,0.2305433186490455,0.9738562091503268
02_rf_nsga_best_08,G1_thiram_molar_grade,RF,p4,650,0.7815384615384615,0.9984615384615385,0.22,0.9929577464788732
02_rf_nsga_best_08,G2_mg_molar_grade,RF,p4,648,0.5941358024691358,0.9444444444444444,0.46141975308641975,0.8631178707224335
02_rf_nsga_best_08,G3_mba_molar_grade,RF,p4,681,0.7665198237885462,0.9955947136563876,0.23788546255506607,0.9811320754716981
02_rf_nsga_best_09,G1_thiram_molar_grade,RF,p4,650,0.7784615384615384,0.9969230769230769,0.2246153846153846,0.9861111111111112
02_rf_nsga_best_09,G2_mg_molar_grade,RF,p4,648,0.595679012345679,0.9429012345679012,0.46141975308641975,0.8587786259541985
02_rf_nsga_best_09,G3_mba_molar_grade,RF,p4,681,0.775330396475771,0.9941262848751835,0.2305433186490455,0.9738562091503268
