Task,TaskName,Model,Preprocess,Fold,MacroF1,BalancedAcc,Accuracy,FitSeconds,PredictSeconds
P1_thiram_presence,Thiram Presence,1D-CNN,p1,0,0.8949071001990709,0.8661832061068702,0.9226519337016574,14.414048485457895,0.1228221803903579
P1_thiram_presence,Thiram Presence,1D-CNN,p1,1,0.9356504468718968,0.9273251285246924,0.95,21.182180613279343,0.1166399791836738
P1_thiram_presence,Thiram Presence,1D-CNN,p1,2,0.9259259259259258,0.9,0.9444444444444444,12.962808050215244,0.0038682371377944
P1_thiram_presence,Thiram Presence,1D-CNN,p1,3,0.9459134615384616,0.9459134615384616,0.9555555555555556,21.17803806811571,0.0032238215208053
P1_thiram_presence,Thiram Presence,1D-CNN,p1,4,0.9259259259259258,0.9,0.9444444444444444,19.70064914226532,0.0046994090080261
P1_thiram_presence,Thiram Presence,1D-ResNet,p1,0,0.9460345855694692,0.9570992366412214,0.9558011049723756,8.070955716073513,0.043676234781742
P1_thiram_presence,Thiram Presence,1D-ResNet,p1,1,0.9179206566347468,0.9286493223243496,0.9333333333333332,10.094218403100967,0.0981597602367401
P1_thiram_presence,Thiram Presence,1D-ResNet,p1,2,0.9573863636363636,0.946153846153846,0.9666666666666668,10.961131900548937,0.0157829970121383
P1_thiram_presence,Thiram Presence,1D-ResNet,p1,3,0.9002622732813712,0.9071514423076924,0.9166666666666666,9.073532551527023,0.0108186081051826
P1_thiram_presence,Thiram Presence,1D-ResNet,p1,4,0.8603671825939196,0.8761538461538462,0.8833333333333333,10.596249870955944,0.0081030130386352
P1_thiram_presence,Thiram Presence,Spectrum-KAN,p1,0,0.8114059460961378,0.8483969465648855,0.8342541436464088,9.691901303827764,0.0049269571900367
P1_thiram_presence,Thiram Presence,Spectrum-KAN,p1,1,0.9485273091221048,0.9285714285714286,0.9611111111111112,15.290954798460008,0.004735380411148
P1_thiram_presence,Thiram Presence,Spectrum-KAN,p1,2,0.9083636363636364,0.9338461538461538,0.9222222222222224,12.069827854633331,0.007409431040287
P1_thiram_presence,Thiram Presence,Spectrum-KAN,p1,3,0.9603174603174602,0.9708533653846154,0.9666666666666668,16.923933520913124,0.0649690628051757
P1_thiram_presence,Thiram Presence,Spectrum-KAN,p1,4,0.9459134615384616,0.956923076923077,0.9555555555555556,10.814924508333206,0.0055860430002212
P1_thiram_presence,Thiram Presence,KAN-CNN,p1,0,0.9357776463630988,0.9223664122137404,0.9502762430939228,21.7703994512558,0.0113362595438957
P1_thiram_presence,Thiram Presence,KAN-CNN,p1,1,0.9188701923076924,0.935036610063873,0.9333333333333332,19.68156763166189,0.0058543011546134
P1_thiram_presence,Thiram Presence,KAN-CNN,p1,2,0.9364979812629846,0.9284615384615384,0.95,25.398245319724083,0.0104485899209976
P1_thiram_presence,Thiram Presence,KAN-CNN,p1,3,0.9206349206349206,0.9302884615384616,0.9333333333333332,22.21593728661537,0.0053594708442687
P1_thiram_presence,Thiram Presence,KAN-CNN,p1,4,0.9289772727272728,0.9184615384615384,0.9444444444444444,21.488050684332848,0.0786141827702522
P2_mg_presence,MG Presence,1D-CNN,p1,0,0.8074468085106383,0.7706636500754148,0.8674033149171271,22.204379104077816,0.0861706882715225
P2_mg_presence,MG Presence,1D-CNN,p1,1,0.8930572059073163,0.86,0.9222222222222224,28.2071879953146,0.087949588894844
P2_mg_presence,MG Presence,1D-CNN,p1,2,0.8796791443850267,0.8461538461538461,0.9111111111111112,26.40989620983601,0.0104013830423355
P2_mg_presence,MG Presence,1D-CNN,p1,3,0.7934927263549172,0.7561538461538462,0.8611111111111112,24.59252867102623,0.0789973214268684
P2_mg_presence,MG Presence,1D-CNN,p1,4,0.9094392197840474,0.9069230769230768,0.9277777777777778,22.614530503749847,0.0095464587211608
P2_mg_presence,MG Presence,1D-ResNet,p1,0,0.908461388834857,0.8963800904977375,0.9281767955801103,14.289808571338654,0.0075243860483169
P2_mg_presence,MG Presence,1D-ResNet,p1,1,0.9259259259259258,0.9,0.9444444444444444,13.392867110669613,0.0701195076107978
P2_mg_presence,MG Presence,1D-ResNet,p1,2,0.891264951069228,0.8671875,0.9166666666666666,12.118513986468315,0.0062138959765434
P2_mg_presence,MG Presence,1D-ResNet,p1,3,0.9347589706415368,0.916153846153846,0.95,12.701810494065285,0.0710991621017456
P2_mg_presence,MG Presence,1D-ResNet,p1,4,0.9364979812629846,0.9284615384615384,0.95,16.02654128521681,0.063889056444168
P2_mg_presence,MG Presence,Spectrum-KAN,p1,0,0.8884215106791893,0.9048265460030166,0.9060773480662984,22.991109386086464,0.0084668099880218
P2_mg_presence,MG Presence,Spectrum-KAN,p1,1,0.9446153846153846,0.9446153846153846,0.9555555555555556,17.81277560442686,0.0743731334805488
P2_mg_presence,MG Presence,Spectrum-KAN,p1,2,0.9283620970367958,0.9456129807692308,0.9388888888888888,14.898439817130566,0.0110807791352272
P2_mg_presence,MG Presence,Spectrum-KAN,p1,3,0.8973042362002568,0.9323076923076924,0.9111111111111112,14.289046458899977,0.0047647133469581
P2_mg_presence,MG Presence,Spectrum-KAN,p1,4,0.929895622371086,0.9246153846153846,0.9444444444444444,23.801960811018944,0.0784599035978317
P2_mg_presence,MG Presence,KAN-CNN,p1,0,0.9072343780800316,0.8904223227752639,0.9281767955801103,35.92048912495375,0.0750869661569595
P2_mg_presence,MG Presence,KAN-CNN,p1,1,0.9123945489941596,0.8923076923076924,0.9333333333333332,25.81240700185299,0.0090402737259864
P2_mg_presence,MG Presence,KAN-CNN,p1,2,0.7439309806800973,0.7133413461538461,0.8277777777777777,16.679708816111088,0.015260174870491
P2_mg_presence,MG Presence,KAN-CNN,p1,3,0.8930572059073163,0.86,0.9222222222222224,23.393945135176185,0.0823171138763427
P2_mg_presence,MG Presence,KAN-CNN,p1,4,0.7395833333333334,0.7061538461538461,0.8333333333333334,14.10209845751524,0.0095619782805442
P3_mba_presence,MBA Presence,1D-CNN,p1,0,0.9237445230872936,0.9172196416721964,0.9447513812154696,23.37052994221449,0.0099760591983795
P3_mba_presence,MBA Presence,1D-CNN,p1,1,0.9091367995961634,0.8800712951960619,0.9388888888888888,15.106581553816795,0.0758171528577804
P3_mba_presence,MBA Presence,1D-CNN,p1,2,0.9306951871657754,0.9272619249702936,0.95,20.89588283002377,0.0112003535032272
P3_mba_presence,MBA Presence,1D-CNN,p1,3,0.9196428571428572,0.8888888888888888,0.9444444444444444,21.49811325967312,0.005178652703762
P3_mba_presence,MBA Presence,1D-CNN,p1,4,0.9699197860962568,0.962962962962963,0.9777777777777776,19.20094383507967,0.0098237320780754
P3_mba_presence,MBA Presence,1D-ResNet,p1,0,0.918291802094619,0.8863636363636364,0.9447513812154696,16.90061280876398,0.0049283504486083
P3_mba_presence,MBA Presence,1D-ResNet,p1,1,0.9608542473141664,0.9498387370565268,0.9722222222222222,21.178382076323032,0.0174266919493675
P3_mba_presence,MBA Presence,1D-ResNet,p1,2,0.8982210430168327,0.8887285690035648,0.9277777777777778,18.68098670244217,0.008402980864048
P3_mba_presence,MBA Presence,1D-ResNet,p1,3,0.92831541218638,0.9,0.95,18.00308121740818,0.0762972384691238
P3_mba_presence,MBA Presence,1D-ResNet,p1,4,0.863919863919864,0.8222222222222222,0.9111111111111112,16.32006511837244,0.0748770236968994
P3_mba_presence,MBA Presence,Spectrum-KAN,p1,0,0.8575177118866439,0.9002156602521566,0.8839779005524862,9.79376296699047,0.0103848278522491
P3_mba_presence,MBA Presence,Spectrum-KAN,p1,1,0.9541673739602784,0.9541673739602784,0.9666666666666668,21.60634323209524,0.010368213057518
P3_mba_presence,MBA Presence,Spectrum-KAN,p1,2,0.9922994652406416,0.9883720930232558,0.9944444444444444,26.40232066810131,0.0108252465724945
P3_mba_presence,MBA Presence,Spectrum-KAN,p1,3,0.9485273091221048,0.9518518518518518,0.9611111111111112,17.082012340426445,0.0091835781931877
P3_mba_presence,MBA Presence,Spectrum-KAN,p1,4,0.9439164978968686,0.9703703703703704,0.9555555555555556,14.602804824709892,0.0835657194256782
P3_mba_presence,MBA Presence,KAN-CNN,p1,0,0.8667648141332351,0.8336098208360982,0.9116022099447514,22.42518124729395,0.0689423456788063
P3_mba_presence,MBA Presence,KAN-CNN,p1,1,0.9123855037833531,0.8960278390765575,0.9388888888888888,24.415857523679733,0.00388053804636
P3_mba_presence,MBA Presence,KAN-CNN,p1,2,0.9306951871657754,0.9272619249702936,0.95,23.791296251118183,0.0808297246694564
P3_mba_presence,MBA Presence,KAN-CNN,p1,3,0.9210387787331112,0.8962962962962964,0.9444444444444444,29.30752653628588,0.0064618363976478
P3_mba_presence,MBA Presence,KAN-CNN,p1,4,0.9541673739602784,0.9407407407407408,0.9666666666666668,23.29631932079792,0.0806750208139419
G1_thiram_molar_grade,Thiram Positive Molar Grade,1D-CNN,p1,0,0.9700258397932816,0.970959595959596,0.9694656488549618,28.503251008689404,0.0416044890880584
G1_thiram_molar_grade,Thiram Positive Molar Grade,1D-CNN,p1,1,0.9239433509096432,0.9212801087801088,0.9236641221374046,29.556005284190174,0.0030592083930969
G1_thiram_molar_grade,Thiram Positive Molar Grade,1D-CNN,p1,2,0.948360198899638,0.9487785657998424,0.946153846153846,26.085945054888725,0.0914780646562576
G1_thiram_molar_grade,Thiram Positive Molar Grade,1D-CNN,p1,3,0.8787150856311757,0.8729791639134841,0.875,27.701883159577847,0.0099860355257987
G1_thiram_molar_grade,Thiram Positive Molar Grade,1D-CNN,p1,4,0.9228095386858274,0.9214134627348513,0.9230769230769232,25.07985616475344,0.0072008073329925
G1_thiram_molar_grade,Thiram Positive Molar Grade,1D-ResNet,p1,0,0.969017094017094,0.969017094017094,0.9694656488549618,13.39233560115099,0.0705139562487602
G1_thiram_molar_grade,Thiram Positive Molar Grade,1D-ResNet,p1,1,0.968401470066068,0.9687257187257188,0.9694656488549618,12.444437600672243,0.0045579820871353
G1_thiram_molar_grade,Thiram Positive Molar Grade,1D-ResNet,p1,2,0.9842066146413972,0.9858156028368796,0.9846153846153848,16.015766486525536,0.1013117134571075
G1_thiram_molar_grade,Thiram Positive Molar Grade,1D-ResNet,p1,3,0.9916603101957792,0.9904761904761904,0.9921875,17.582835242152214,0.0089649111032485
G1_thiram_molar_grade,Thiram Positive Molar Grade,1D-ResNet,p1,4,0.9756776556776556,0.9750487329434696,0.9769230769230768,19.112571641802788,0.0713386386632919
G1_thiram_molar_grade,Thiram Positive Molar Grade,Spectrum-KAN,p1,0,1.0,1.0,1.0,21.001019835472107,0.0106743201613426
G1_thiram_molar_grade,Thiram Positive Molar Grade,Spectrum-KAN,p1,1,0.9696214656384888,0.969988344988345,0.9694656488549618,24.298506163060665,0.0040043592453002
G1_thiram_molar_grade,Thiram Positive Molar Grade,Spectrum-KAN,p1,2,0.9927459097181156,0.9925925925925926,0.9923076923076924,29.60767120867968,0.010436862707138
G1_thiram_molar_grade,Thiram Positive Molar Grade,Spectrum-KAN,p1,3,0.9677345537757436,0.9666138055592264,0.96875,18.799168422818184,0.0065218955278396
G1_thiram_molar_grade,Thiram Positive Molar Grade,Spectrum-KAN,p1,4,0.962551686717683,0.961913649371656,0.9615384615384616,18.709058605134487,0.0099609717726707
G1_thiram_molar_grade,Thiram Positive Molar Grade,KAN-CNN,p1,0,0.9011458988479653,0.9001068376068376,0.900763358778626,20.89688767492771,0.0793285146355629
G1_thiram_molar_grade,Thiram Positive Molar Grade,KAN-CNN,p1,1,0.9076109076109076,0.9048174048174048,0.9083969465648856,25.336907751858234,0.0619772523641586
G1_thiram_molar_grade,Thiram Positive Molar Grade,KAN-CNN,p1,2,0.8911572282950685,0.8849612210194517,0.8923076923076924,23.10322953760624,0.0052028894424438
G1_thiram_molar_grade,Thiram Positive Molar Grade,KAN-CNN,p1,3,0.8831873571972583,0.8759790317607153,0.8828125,29.48716357350349,0.0098823308944702
G1_thiram_molar_grade,Thiram Positive Molar Grade,KAN-CNN,p1,4,0.859925788497217,0.8552279042760565,0.8615384615384616,20.399292021989822,0.0767609700560569
G2_mg_molar_grade,MG Positive Molar Grade,1D-CNN,p1,0,0.6400085180270939,0.6675475687103595,0.6692307692307692,9.51389578729868,0.0809242874383926
G2_mg_molar_grade,MG Positive Molar Grade,1D-CNN,p1,1,0.7126153284004749,0.7218786079498599,0.7153846153846154,10.494024120271206,0.0160602629184722
G2_mg_molar_grade,MG Positive Molar Grade,1D-CNN,p1,2,0.5945117532017189,0.6332256675279931,0.625,7.099392049014568,0.0026362687349319
G2_mg_molar_grade,MG Positive Molar Grade,1D-CNN,p1,3,0.6699000910544016,0.6832652050043354,0.6846153846153846,9.507683858275414,0.003072902560234
G2_mg_molar_grade,MG Positive Molar Grade,1D-CNN,p1,4,0.6293123929455876,0.6398332922723168,0.6384615384615384,12.708790235221386,0.0754044577479362
G2_mg_molar_grade,MG Positive Molar Grade,1D-ResNet,p1,0,0.7184506209343584,0.7218111346018322,0.7230769230769231,7.423865973949432,0.0710231065750122
G2_mg_molar_grade,MG Positive Molar Grade,1D-ResNet,p1,1,0.8002931148856081,0.8066798614547254,0.8,7.825313046574593,0.0099395960569381
G2_mg_molar_grade,MG Positive Molar Grade,1D-ResNet,p1,2,0.7712121212121211,0.773040482342808,0.7734375,8.713177613914013,0.0075153782963752
G2_mg_molar_grade,MG Positive Molar Grade,1D-ResNet,p1,3,0.724335029370398,0.727870680044593,0.7307692307692307,7.805656224489212,0.0042500644922256
G2_mg_molar_grade,MG Positive Molar Grade,1D-ResNet,p1,4,0.7143535243779492,0.7175207358134189,0.7153846153846154,7.383688539266586,0.0105664879083633
G2_mg_molar_grade,MG Positive Molar Grade,Spectrum-KAN,p1,0,0.3768803975490906,0.4425651867512332,0.4461538461538462,5.590311549603939,0.0045854300260543
G2_mg_molar_grade,MG Positive Molar Grade,Spectrum-KAN,p1,1,0.3122753940186839,0.3995670460168233,0.4,4.878648594021797,0.0063793510198593
G2_mg_molar_grade,MG Positive Molar Grade,Spectrum-KAN,p1,2,0.4572372072372072,0.4876399655469423,0.484375,4.400039874017239,0.0798394605517387
G2_mg_molar_grade,MG Positive Molar Grade,Spectrum-KAN,p1,3,0.615497737556561,0.6271770097857053,0.6307692307692307,5.893373571336269,0.0068823397159576
G2_mg_molar_grade,MG Positive Molar Grade,Spectrum-KAN,p1,4,0.5738593666129898,0.598883140346555,0.5923076923076923,5.988288328051567,0.0101903155446052
G2_mg_molar_grade,MG Positive Molar Grade,KAN-CNN,p1,0,0.6537756228195432,0.6601479915433405,0.6615384615384615,12.010958686470984,0.0751032531261444
G2_mg_molar_grade,MG Positive Molar Grade,KAN-CNN,p1,1,0.6330688696646143,0.6568076859640443,0.6461538461538462,11.604457832872868,0.0100749507546424
G2_mg_molar_grade,MG Positive Molar Grade,KAN-CNN,p1,2,0.1676413255360623,0.3333333333333333,0.3359375,4.286936812102795,0.0099372267723083
G2_mg_molar_grade,MG Positive Molar Grade,KAN-CNN,p1,3,0.6643999564791644,0.6879846401585531,0.6846153846153846,10.216061137616634,0.0075380727648735
G2_mg_molar_grade,MG Positive Molar Grade,KAN-CNN,p1,4,0.6951708523803354,0.6931304919109799,0.6923076923076923,15.414743214845656,0.0102811977267265
G3_mba_molar_grade,MBA Positive Molar Grade,1D-CNN,p1,0,0.1685393258426966,0.3333333333333333,0.3284671532846715,4.4994102492928505,0.0403956249356269
G3_mba_molar_grade,MBA Positive Molar Grade,1D-CNN,p1,1,0.1721611721611722,0.3333333333333333,0.3430656934306569,4.383620008826256,0.0745690315961837
G3_mba_molar_grade,MBA Positive Molar Grade,1D-CNN,p1,2,0.1629629629629629,0.3333333333333333,0.3211678832116788,5.493363462388516,0.0073384717106819
G3_mba_molar_grade,MBA Positive Molar Grade,1D-CNN,p1,3,0.1638733705772811,0.3333333333333333,0.3259259259259259,4.089656375348568,0.0404093861579895
G3_mba_molar_grade,MBA Positive Molar Grade,1D-CNN,p1,4,0.1666666666666666,0.3333333333333333,0.3333333333333333,4.556176640093327,0.0082548484206199
G3_mba_molar_grade,MBA Positive Molar Grade,1D-ResNet,p1,0,0.2594788858939802,0.3840579710144927,0.3795620437956204,5.404903344810009,0.1004618927836418
G3_mba_molar_grade,MBA Positive Molar Grade,1D-ResNet,p1,1,0.2165905997277604,0.3565891472868217,0.364963503649635,5.597810387611389,0.0786055922508239
G3_mba_molar_grade,MBA Positive Molar Grade,1D-ResNet,p1,2,0.1916511483550589,0.3478260869565217,0.3357664233576642,6.111114293336868,0.0040328651666641
G3_mba_molar_grade,MBA Positive Molar Grade,1D-ResNet,p1,3,0.2076190476190476,0.3550724637681159,0.3481481481481481,5.6998151242733,0.0978806093335151
G3_mba_molar_grade,MBA Positive Molar Grade,1D-ResNet,p1,4,0.238095238095238,0.3703703703703704,0.3703703703703703,5.674232631921768,0.0179261863231658
G3_mba_molar_grade,MBA Positive Molar Grade,Spectrum-KAN,p1,0,0.5991079085481069,0.6140096618357488,0.6131386861313869,4.690696932375431,0.0056238919496536
G3_mba_molar_grade,MBA Positive Molar Grade,Spectrum-KAN,p1,1,0.8478194378526606,0.847105393369619,0.8467153284671532,11.579006806015968,0.005519762635231
G3_mba_molar_grade,MBA Positive Molar Grade,Spectrum-KAN,p1,2,0.4943327005182675,0.5080523084685896,0.5036496350364964,4.618142031133175,0.0741214975714683
G3_mba_molar_grade,MBA Positive Molar Grade,Spectrum-KAN,p1,3,0.5278907520381667,0.5277484994876299,0.5259259259259259,5.906138218939304,0.008505642414093
G3_mba_molar_grade,MBA Positive Molar Grade,Spectrum-KAN,p1,4,0.6025368480725622,0.6296296296296297,0.6296296296296297,5.305761910974979,0.0051038563251495
G3_mba_molar_grade,MBA Positive Molar Grade,KAN-CNN,p1,0,0.1648351648351648,0.3333333333333333,0.3284671532846715,4.863960780203342,0.0120245441794395
G3_mba_molar_grade,MBA Positive Molar Grade,KAN-CNN,p1,1,0.1702898550724637,0.3333333333333333,0.3430656934306569,4.987670548260212,0.0078480169177055
G3_mba_molar_grade,MBA Positive Molar Grade,KAN-CNN,p1,2,0.1620626151012891,0.3333333333333333,0.3211678832116788,5.398024782538414,0.0779200345277786
G3_mba_molar_grade,MBA Positive Molar Grade,KAN-CNN,p1,3,0.1638733705772811,0.3333333333333333,0.3259259259259259,5.795114524662495,0.0038468763232231
G3_mba_molar_grade,MBA Positive Molar Grade,KAN-CNN,p1,4,0.1666666666666666,0.3333333333333333,0.3333333333333333,5.595807731151581,0.006556749343872
P1_thiram_presence,Thiram Presence,RamanNet-Lite,p1,0,0.964320914646166,0.95,0.9723756906077348,9.659783944487572,0.014453515410423279
P1_thiram_presence,Thiram Presence,RamanNet-Lite,p1,1,0.9655950150999656,0.9745287427948278,0.9722222222222222,5.480654798448086,0.08509393036365509
P1_thiram_presence,Thiram Presence,RamanNet-Lite,p1,2,0.9388009519851914,0.946923076923077,0.95,2.4039157405495644,0.005492456257343292
P1_thiram_presence,Thiram Presence,RamanNet-Lite,p1,3,0.9866290298618333,0.9921875,0.9888888888888889,4.09227342903614,0.0882183089852333
P1_thiram_presence,Thiram Presence,RamanNet-Lite,p1,4,0.9788326604209949,0.97,0.9833333333333333,3.9066693633794785,0.08202634006738663
P2_mg_presence,MG Presence,RamanNet-Lite,p1,0,0.9460345855694693,0.9513574660633484,0.9558011049723757,14.903292194008827,0.08190034329891205
P2_mg_presence,MG Presence,RamanNet-Lite,p1,1,0.9298956223710859,0.9246153846153846,0.9444444444444444,9.200172789394855,0.006940588355064392
P2_mg_presence,MG Presence,RamanNet-Lite,p1,2,0.9798319327731093,0.9825721153846154,0.9833333333333333,7.699889846146107,0.08335665613412857
P2_mg_presence,MG Presence,RamanNet-Lite,p1,3,0.9431818181818181,0.9323076923076923,0.9555555555555556,8.905071757733822,0.0060226768255233765
P2_mg_presence,MG Presence,RamanNet-Lite,p1,4,0.9647211007016581,0.9561538461538461,0.9722222222222222,10.793920122087002,0.0015883147716522217
P3_mba_presence,MBA Presence,RamanNet-Lite,p1,0,0.97085346215781,0.9854014598540146,0.9779005524861878,2.697994537651539,0.08106687664985657
P3_mba_presence,MBA Presence,RamanNet-Lite,p1,1,0.9280115181570948,0.9555253776947886,0.9444444444444444,4.102068401873112,0.008217476308345795
P3_mba_presence,MBA Presence,RamanNet-Lite,p1,2,0.8844017981942502,0.9379562043795621,0.9055555555555556,2.190134957432747,0.007597222924232483
P3_mba_presence,MBA Presence,RamanNet-Lite,p1,3,0.8662902986183332,0.9111111111111112,0.8888888888888888,2.2993793934583664,0.0013611167669296265
P3_mba_presence,MBA Presence,RamanNet-Lite,p1,4,0.8659401826663009,0.8851851851851852,0.8944444444444445,2.41741643846035,0.08216636627912521
G1_thiram_molar_grade,Thiram Positive Molar Grade,RamanNet-Lite,p1,0,0.9854453409270686,0.9848484848484849,0.9847328244274809,5.201310098171234,0.002376869320869446
G1_thiram_molar_grade,Thiram Positive Molar Grade,RamanNet-Lite,p1,1,0.9919256773189358,0.9914529914529915,0.9923664122137404,3.991187483072281,0.011141277849674225
G1_thiram_molar_grade,Thiram Positive Molar Grade,RamanNet-Lite,p1,2,0.985479797979798,0.9851851851851853,0.9846153846153847,7.396710805594921,0.0016502588987350464
G1_thiram_molar_grade,Thiram Positive Molar Grade,RamanNet-Lite,p1,3,0.9856481481481482,0.9855072463768115,0.984375,10.08271523565054,0.0018139556050300598
G1_thiram_molar_grade,Thiram Positive Molar Grade,RamanNet-Lite,p1,4,0.9840465465465466,0.9824561403508771,0.9846153846153847,6.7859735786914825,0.008734576404094696
G2_mg_molar_grade,MG Positive Molar Grade,RamanNet-Lite,p1,0,0.6164661953485665,0.6217406624383369,0.6230769230769231,1.7833326384425163,0.008249185979366302
G2_mg_molar_grade,MG Positive Molar Grade,RamanNet-Lite,p1,1,0.5916666666666667,0.6060696025070097,0.6,1.9918746277689934,0.0016932860016822815
G2_mg_molar_grade,MG Positive Molar Grade,RamanNet-Lite,p1,2,0.5409580312019336,0.5537252368647717,0.5546875,1.5986960008740425,0.0013975724577903748
G2_mg_molar_grade,MG Positive Molar Grade,RamanNet-Lite,p1,3,0.6179425194735427,0.6239192369627152,0.6307692307692307,1.9912312030792236,0.0012967884540557861
G2_mg_molar_grade,MG Positive Molar Grade,RamanNet-Lite,p1,4,0.5308641197983074,0.5426582902192658,0.5461538461538461,2.4928664788603783,0.001169055700302124
G3_mba_molar_grade,MBA Positive Molar Grade,RamanNet-Lite,p1,0,0.8625841750841751,0.861352657004831,0.8613138686131386,2.7040162459015846,0.08079568296670914
G3_mba_molar_grade,MBA Positive Molar Grade,RamanNet-Lite,p1,1,0.8966267835074712,0.8974105228434768,0.8978102189781022,4.010560974478722,0.0017614439129829407
G3_mba_molar_grade,MBA Positive Molar Grade,RamanNet-Lite,p1,2,0.9200414877834233,0.9213691026827012,0.9197080291970803,4.798264153301716,0.08128952234983444
G3_mba_molar_grade,MBA Positive Molar Grade,RamanNet-Lite,p1,3,0.8100173520687911,0.8075098814229249,0.8074074074074075,3.414246052503586,0.0017627701163291931
G3_mba_molar_grade,MBA Positive Molar Grade,RamanNet-Lite,p1,4,0.8676587301587301,0.8666666666666667,0.8666666666666667,2.7909112945199013,0.08930837363004684
