variant,folder_name,peak,peak_wn,n_spectra,mean_peak,std_peak,rsd_percent
raw,K4,Thiram_1382,1382,21,58284.13547237071,7600.079189900068,13.039704764091157
raw,K4,MG_1616,1616,21,64781.377437969095,184.43842253277336,0.28470901642895896
raw,K4,MBA_1080,1080,21,19010.449675432366,4974.364712544793,26.166475793433108
raw,K4m4,Thiram_1382,1382,14,46234.55252100838,8524.475999600443,18.437457561046
raw,K4m4,MG_1616,1616,14,47625.03250401285,8762.67014279475,18.39929482894613
raw,K4m4,MBA_1080,1080,14,26429.32604832978,5122.90079982303,19.38339551472133
raw,K4m5,Thiram_1382,1382,12,45565.617647058796,6796.5877629793285,14.916044407922207
raw,K4m5,MG_1616,1616,12,48661.09199438203,7204.427703817067,14.805314489549112
raw,K4m5,MBA_1080,1080,12,21736.785065298507,3506.2230433278933,16.13036625607239
raw,K4m6,Thiram_1382,1382,14,20480.80462184872,2109.4620318212346,10.299702920708892
raw,K4m6,MG_1616,1616,14,22024.265850722313,2536.9460687128403,11.518867806572713
raw,K4m6,MBA_1080,1080,14,10610.492434257287,856.9841129062468,8.076760981793528
raw,K5,Thiram_1382,1382,27,1652.9705882352935,669.6248290178007,40.51038982688072
raw,K5,MG_1616,1616,27,1739.143074183341,820.7185375158991,47.19097293943389
raw,K5,MBA_1080,1080,27,1010.0219882071125,306.46828858561173,30.34273433290525
raw,K5m4,Thiram_1382,1382,14,2202.6140610015764,206.72433972923363,9.385409064138617
raw,K5m4,MG_1616,1616,14,1524.249598715891,145.63963544521252,9.554841645876575
raw,K5m4,MBA_1080,1080,14,7870.982942430696,863.9550745969104,10.97645720891508
raw,K5m5,Thiram_1382,1382,14,1417.2257346845902,152.725673245354,10.77638300713921
raw,K5m5,MG_1616,1616,14,1115.7534109149278,98.6234283014929,8.83917784491654
raw,K5m5,MBA_1080,1080,14,1454.3155650319823,157.8784371804321,10.855858314145193
raw,K5m6,Thiram_1382,1382,16,1377.8170120320865,113.91688137752925,8.26792530377585
raw,K5m6,MG_1616,1616,16,1104.7176740709938,80.35368946343013,7.27368551707142
raw,K5m6,MBA_1080,1080,16,1169.6283255597014,80.45487735587055,6.878670394492245
raw,K6,Thiram_1382,1382,14,5244.525210084032,1701.1276318872544,32.43625616702866
raw,K6,MG_1616,1616,14,5169.1676347552375,1743.9371321274805,33.73729109503056
raw,K6,MBA_1080,1080,14,4211.305302949538,1258.2515586669133,29.877946815816276
raw,K6m4,Thiram_1382,1382,15,2589.850267379678,217.21087350911108,8.387005080756179
raw,K6m4,MG_1616,1616,15,2234.241198501873,197.95978401755454,8.860269166565034
raw,K6m4,MBA_1080,1080,15,8068.764510779429,664.7068947663138,8.23802570862369
raw,K6m5,Thiram_1382,1382,15,1123.458950582168,127.52162725678299,11.350804334301866
raw,K6m5,MG_1616,1616,15,801.8540058167514,76.37093702086399,9.524294505840148
raw,K6m5,MBA_1080,1080,15,1534.1620232172465,161.88500274849204,10.552014734989184
raw,K6m6,Thiram_1382,1382,14,1238.5314069534982,126.3234316639562,10.199453235883839
raw,K6m6,MG_1616,1616,14,930.3238508478527,68.13507616605821,7.323801932409147
raw,K6m6,MBA_1080,1080,14,1151.5657729211089,110.8116162224839,9.62269102019198
raw,m4,Thiram_1382,1382,20,3148.12493315508,1288.1788964188472,40.918925511886286
raw,m4,MG_1616,1616,20,2194.518960674158,907.4397545075634,41.35028089385007
raw,m4,MBA_1080,1080,20,11375.025746268646,5060.688906110285,44.489472103132115
raw,m5,Thiram_1382,1382,20,1971.0868599954483,554.539817054473,28.133707768502582
raw,m5,MG_1616,1616,20,1362.472056054234,348.4574924012827,25.575386361348766
raw,m5,MBA_1080,1080,20,5583.984452736315,1397.8139018845782,25.03255361321088
raw,m6,Thiram_1382,1382,21,3566.764315784342,1464.3706427847974,41.05599678409864
raw,m6,MG_1616,1616,21,2948.730133073881,1311.1939531108656,44.46639380132157
raw,m6,MBA_1080,1080,21,3658.048319710968,1522.064054681055,41.60863722000581
raw,美4,Thiram_1382,1382,18,27821.977836879436,11359.263151638208,40.82838113896033
raw,美4,MG_1616,1616,18,4172.412921348314,1279.5766543223795,30.667546056512656
raw,美4,MBA_1080,1080,18,5340.254254422332,1452.9772531372266,27.208016396110686
raw,美4K4,Thiram_1382,1382,10,50549.14361702133,5920.028608098178,11.7114320530343
raw,美4K4,MG_1616,1616,10,6263.0511235955055,1197.7398113509998,19.123902834492572
raw,美4K4,MBA_1080,1080,10,6923.308343283583,394.050006673777,5.691643173108872
raw,美4K4m4,Thiram_1382,1382,12,21842.120098039213,4960.3100298350455,22.709837724408157
raw,美4K4m4,MG_1616,1616,12,18296.422752808994,3707.09058975319,20.261286262551252
raw,美4K4m4,MBA_1080,1080,12,22109.639510779427,4422.793438550247,20.003914746750798
raw,美4K4m5,Thiram_1382,1382,15,11421.58039215686,2726.195732895323,23.868813590520165
raw,美4K4m5,MG_1616,1616,15,10346.543820224722,2858.7982080079905,27.630465377431694
raw,美4K4m5,MBA_1080,1080,15,5361.654560530677,1098.9225092838449,20.49595879177784
raw,美4K4m6,Thiram_1382,1382,15,4777.701773049646,542.181816497212,11.348172034420074
raw,美4K4m6,MG_1616,1616,15,1905.933042495763,243.088333660877,12.754295572868605
raw,美4K4m6,MBA_1080,1080,15,1759.6413441127693,183.09271105821725,10.40511531914105
raw,美4K5,Thiram_1382,1382,13,51606.67675941087,7825.962777268927,15.164632308632047
raw,美4K5,MG_1616,1616,13,4430.246371370767,346.58961424565285,7.823258238760529
raw,美4K5,MBA_1080,1080,13,7119.353108495981,572.1908435984656,8.037118469592883
raw,美4K5m4,Thiram_1382,1382,16,2482.181515957447,575.2158482613048,23.173802744213408
raw,美4K5m4,MG_1616,1616,16,926.7135066850791,228.82449847014283,24.692043098482998
raw,美4K5m4,MBA_1080,1080,16,8749.039956467648,1927.7114729007335,22.033405750715428
raw,美4K5m5,Thiram_1382,1382,15,2252.5421985815606,316.8621793727025,14.066869849196722
raw,美4K5m5,MG_1616,1616,15,932.4954982947293,176.14370340033034,18.889496380673943
raw,美4K5m5,MBA_1080,1080,15,1256.521724709784,212.09966762839352,16.879904537852834
raw,美4K5m6,Thiram_1382,1382,15,7857.357446808512,448.20146245749766,5.704226458980142
raw,美4K5m6,MG_1616,1616,15,1413.1132257862037,139.38639797424432,9.863781290186065
raw,美4K5m6,MBA_1080,1080,15,1736.8241666666665,188.466244073816,10.851198854258381
raw,美4K6,Thiram_1382,1382,11,47695.58945841396,13194.022368908745,27.662982088548638
raw,美4K6,MG_1616,1616,11,3945.655055038491,786.5965493767992,19.935765757636048
raw,美4K6,MBA_1080,1080,11,6146.295187697874,1443.8055779379997,23.490664438438476
raw,美4K6m4,Thiram_1382,1382,14,3503.9855623100307,46.37962482752903,1.3236248838009734
raw,美4K6m4,MG_1616,1616,14,816.481062304402,22.32680478216861,2.734515938331058
raw,美4K6m4,MBA_1080,1080,14,8657.209310589898,130.07271688772582,1.5024785958289684
raw,美4K6m5,Thiram_1382,1382,14,8181.678951367782,601.6924631951953,7.354144140483617
raw,美4K6m5,MG_1616,1616,14,1231.4089466180048,83.92282605145338,6.815187292730225
raw,美4K6m5,MBA_1080,1080,14,2654.8079246624,208.9408367360791,7.870280738394629
raw,美4K6m6,Thiram_1382,1382,13,3490.4050736497516,242.23639593856743,6.940065431582481
raw,美4K6m6,MG_1616,1616,13,1068.0808124459807,60.2156896254774,5.637746594059602
raw,美4K6m6,MBA_1080,1080,13,1290.5191236127057,86.87666718061848,6.7319162956232805
raw,美4m4,Thiram_1382,1382,20,51295.75718085111,5997.7036827735665,11.692397212556461
raw,美4m4,MG_1616,1616,20,5988.832443820224,708.0694730771419,11.82316385905548
raw,美4m4,MBA_1080,1080,20,40178.017039800936,5813.6633495843525,14.469761770037708
raw,美4m5,Thiram_1382,1382,19,56841.11114221727,9168.299511714422,16.12969790258886
raw,美4m5,MG_1616,1616,19,4736.220136014193,1187.2534830810303,25.067531681079625
raw,美4m5,MBA_1080,1080,19,12200.644671379934,2896.4654588264484,23.74026567318142
raw,美4m6,Thiram_1382,1382,4,31257.53191489364,1216.9293323926954,3.893235511063658
raw,美4m6,MG_1616,1616,4,3803.1209709057807,123.88818590550653,3.257539974491013
raw,美4m6,MBA_1080,1080,4,5629.681592039801,189.49139845090377,3.365934562246626
raw,美5,Thiram_1382,1382,20,22543.169680851075,3624.563408382723,16.078321991523442
raw,美5,MG_1616,1616,20,2925.512071589981,469.8357624254668,16.059949538000595
raw,美5,MBA_1080,1080,20,3998.228047885572,640.2430666900071,16.013170309997555
raw,美5K4,Thiram_1382,1382,13,61565.98848210612,4251.377421240333,6.905399435722496
raw,美5K4,MG_1616,1616,13,63334.10316847172,2729.8275121212364,4.310201574749966
raw,美5K4,MBA_1080,1080,13,30447.090853425176,5033.022870417941,16.5303900285493
raw,美5K4m4,Thiram_1382,1382,14,64526.233349722854,16.42209948310356,0.02545026825616514
raw,美5K4m4,MG_1616,1616,14,64584.54494382023,0.0,0.0
raw,美5K4m4,MBA_1080,1080,14,57769.68994314142,8157.599713175287,14.120899248731003
raw,美5K4m5,Thiram_1382,1382,18,15352.720588235275,6342.016218537012,41.30874513144512
raw,美5K4m5,MG_1616,1616,18,18300.704900124852,8444.439429463333,46.14270037984014
raw,美5K4m5,MBA_1080,1080,18,5558.87244333886,1665.376214652431,29.958885216875846
raw,美5K4m6,Thiram_1382,1382,14,9283.03361344537,2279.1515089157992,24.55179636121019
raw,美5K4m6,MG_1616,1616,14,9611.437600321031,2736.3649183437005,28.469881740191532
raw,美5K4m6,MBA_1080,1080,14,3701.594811656006,642.6219178041739,17.360676964983103
raw,美5K5,Thiram_1382,1382,14,5747.907372039726,735.177480850232,12.790350179031224
raw,美5K5,MG_1616,1616,14,5113.773675762439,707.2231635458456,13.829770505836908
raw,美5K5,MBA_1080,1080,14,4674.376018123667,459.15121958764485,9.822727521436155
raw,美5K5m4,Thiram_1382,1382,15,2000.9825672241811,259.88951890094563,12.988095106769052
raw,美5K5m4,MG_1616,1616,15,1353.7684315694764,170.96653356267984,12.628934873630618
raw,美5K5m4,MBA_1080,1080,15,4805.627031509115,648.9217308910094,13.503372746911404
raw,美5K5m5,Thiram_1382,1382,14,2850.5693277310916,433.43596041586875,15.205241851137918
raw,美5K5m5,MG_1616,1616,14,2292.999398073837,351.1016782237853,15.311895786746277
raw,美5K5m5,MBA_1080,1080,14,2319.018123667375,272.45748115773404,11.748829316040894
raw,美5K5m6,Thiram_1382,1382,15,2817.3811051693397,363.8807914475986,12.915568674040903
raw,美5K5m6,MG_1616,1616,15,2315.2378277153557,268.79729146661833,11.609921376062852
raw,美5K5m6,MBA_1080,1080,15,1580.1736343283583,123.22662495291871,7.798296483113726
raw,美5K6,Thiram_1382,1382,2,4186.688829787234,444.20974563018524,10.610049222424774
raw,美5K6,MG_1616,1616,2,2200.0238764044943,157.7543311297167,7.170573593389134
raw,美5K6,MBA_1080,1080,2,2665.1482960199005,254.6055289100731,9.55314679075449
raw,美5K6m4,Thiram_1382,1382,14,1480.5839665653493,138.77149432375003,9.372754092810515
raw,美5K6m4,MG_1616,1616,14,974.2690923805338,55.69997171664213,5.717103431921929
raw,美5K6m4,MBA_1080,1080,14,3647.073205401558,344.6085673411392,9.448907327408481
raw,美5K6m5,Thiram_1382,1382,13,1863.544822199077,168.07643349184454,9.019178475863319
raw,美5K6m5,MG_1616,1616,13,1122.0867901478973,74.31674120414976,6.623083156905752
raw,美5K6m5,MBA_1080,1080,13,1902.8367776502093,146.3736604416809,7.692391810002537
raw,美5K6m6,Thiram_1382,1382,19,1458.9526875699878,139.85208027806283,9.585785849642498
raw,美5K6m6,MG_1616,1616,19,1047.912548853774,65.91448839068293,6.2900752990105335
raw,美5K6m6,MBA_1080,1080,19,1133.5281153443314,84.81197502307175,7.48212363460508
raw,美5m4,Thiram_1382,1382,16,2984.9371675531916,513.6403420467369,17.20774385572
raw,美5m4,MG_1616,1616,16,1541.8959222584895,254.67253142962105,16.516843176846198
raw,美5m4,MBA_1080,1080,16,12653.292288557193,2286.084384836588,18.067111173144816
raw,美5m5,Thiram_1382,1382,16,2045.748670212766,237.31001486430503,11.60015491246165
raw,美5m5,MG_1616,1616,16,1031.3228816850792,110.66109459093849,10.730014484904014
raw,美5m5,MBA_1080,1080,16,2576.768190298505,281.2316638757095,10.914123549589856
raw,美5m6,Thiram_1382,1382,20,1706.6851063829786,111.62806604104769,6.54063632614829
raw,美5m6,MG_1616,1616,20,960.5036030381019,52.071217386925866,5.421241234517292
raw,美5m6,MBA_1080,1080,20,1258.3247462686568,77.53519513424312,6.161779410614014
raw,美6,Thiram_1382,1382,20,1906.1707446808512,705.1010538221999,36.990445677008566
raw,美6,MG_1616,1616,20,767.9999270290632,142.9568255441978,18.614171761345485
raw,美6,MBA_1080,1080,20,940.3807083333334,279.82672416493244,29.756748696055052
raw,美6K4,Thiram_1382,1382,12,3559.6813725490133,2069.78373058302,58.145196548894795
raw,美6K4,MG_1616,1616,12,4541.516128146374,2764.9065677601775,60.88069467868823
raw,美6K4,MBA_1080,1080,12,1017.9779166666666,490.6012929441248,48.193706848826515
raw,美6K4m4,Thiram_1382,1382,12,1585.762254901959,769.3353437225612,48.51517567304728
raw,美6K4m4,MG_1616,1616,12,1624.6308520599257,912.9628579857063,56.19509544756761
raw,美6K4m4,MBA_1080,1080,12,4219.824626865665,1347.487185187601,31.932302982658932
raw,美6K4m5,Thiram_1382,1382,12,7219.2794117646945,987.5475653609116,13.679309374722118
raw,美6K4m5,MG_1616,1616,12,8825.827013108616,1249.6907628952033,14.159474925568926
raw,美6K4m5,MBA_1080,1080,12,3419.64427860696,347.35490489642393,10.157632683301312
raw,美6K4m6,Thiram_1382,1382,12,409.8000886524807,310.36626053738155,75.7360159579123
raw,美6K4m6,MG_1616,1616,12,248.81754519490332,150.5429882802699,60.50336529216492
raw,美6K4m6,MBA_1080,1080,12,625.7608364427856,563.6806835227234,90.07925243884478
raw,美6K5,Thiram_1382,1382,12,861.3669691280749,586.5751535731465,68.09817123204893
raw,美6K5,MG_1616,1616,12,976.610843899734,720.3491650590327,73.76010307059308
raw,美6K5,MBA_1080,1080,12,301.1340018656715,155.2757443232864,51.56367044613949
raw,美6K5m4,Thiram_1382,1382,8,341.94614361701935,137.88550156695752,40.32374809332246
raw,美6K5m4,MG_1616,1616,8,293.1926295430296,116.88166067255403,39.865142877133685
raw,美6K5m4,MBA_1080,1080,8,1519.3861940298486,974.799067000399,64.15742559927781
raw,美6K5m5,Thiram_1382,1382,12,3468.985294117641,2959.029640456745,85.29957291760135
raw,美6K5m5,MG_1616,1616,12,4175.520599250939,3674.402884165806,87.99867697515297
raw,美6K5m5,MBA_1080,1080,12,2579.188640132666,1684.352107934664,65.30550273546591
raw,美6K5m6,Thiram_1382,1382,5,2362.888235294114,2692.5121904091193,113.95004428019323
raw,美6K5m6,MG_1616,1616,5,2684.946776724626,3251.863627322127,121.11464016761941
raw,美6K5m6,MBA_1080,1080,5,1470.723977611939,1502.6610302065546,102.17151913484628
raw,美6K6,Thiram_1382,1382,13,693.3679118128418,643.4038098686369,92.79399852618337
raw,美6K6,MG_1616,1616,13,510.65425778477373,292.0674069389649,57.1947462468947
raw,美6K6,MBA_1080,1080,13,341.47752391886695,313.80189249964405,91.8953285412136
raw,美6K6m4,Thiram_1382,1382,9,792.7547281323864,755.2715039964571,95.27177539208952
raw,美6K6m4,MG_1616,1616,9,599.4719101123596,572.8176397576951,95.55370820466489
raw,美6K6m4,MBA_1080,1080,9,3548.153399668321,3906.3511184880394,110.0953278641561
raw,美6K6m5,Thiram_1382,1382,9,1205.6980948407718,945.925256122899,78.45457002632328
raw,美6K6m5,MG_1616,1616,9,940.6935081148567,628.9615838624231,66.86147809426875
raw,美6K6m5,MBA_1080,1080,9,4312.061359867321,4740.519590415047,109.93627397178109
raw,美6K6m6,Thiram_1382,1382,14,884.6617647058812,404.98516137703916,45.778531132933324
raw,美6K6m6,MG_1616,1616,14,949.8059791332269,460.0211494760573,48.43317051929522
raw,美6K6m6,MBA_1080,1080,14,568.6553962331196,192.15058963430147,33.79033961642554
raw,美6m4,Thiram_1382,1382,12,377.9951241134739,225.20431787784727,59.57863038737005
raw,美6m4,MG_1616,1616,12,172.29886568116657,92.8766049445086,53.904362386444106
raw,美6m4,MBA_1080,1080,12,1969.1084162520701,1252.5928727250014,63.612184193958264
raw,美6m5,Thiram_1382,1382,12,181.33820921985634,107.16373354338673,59.09605813602157
raw,美6m5,MG_1616,1616,12,126.81173367438704,57.39607499194846,45.26085507144289
raw,美6m5,MBA_1080,1080,12,654.8819340796011,546.9622238280521,83.5207379169462
raw,美6m6,Thiram_1382,1382,15,704.1493742177702,687.4784702540809,97.63247620830327
raw,美6m6,MG_1616,1616,15,399.3768323813112,379.28735172496414,94.96979318090081
raw,美6m6,MBA_1080,1080,15,799.0688399668319,650.403673091497,81.39519908178302
p1,K4,Thiram_1382,1382,21,3.4689992835199526,0.4576893875786127,13.193700839113484
p1,K4,MG_1616,1616,21,5.024232354671407,0.8448029727891908,16.81456814002071
p1,K4,MBA_1080,1080,21,-0.5833225908134261,0.04254261037027238,7.29315322949313
p1,K4m4,Thiram_1382,1382,14,3.5347859213671584,0.15205089846570383,4.301558901957341
p1,K4m4,MG_1616,1616,14,5.362964206986538,0.21836182024342232,4.071662830770976
p1,K4m4,MBA_1080,1080,14,-0.1337188198009947,0.021224863045594834,15.872756787101816
p1,K4m5,Thiram_1382,1382,12,3.648199893452672,0.20269747109249675,5.556095526900063
p1,K4m5,MG_1616,1616,12,5.6306013277716955,0.2741821713332024,4.869500704673575
p1,K4m5,MBA_1080,1080,12,-0.5309281070838273,0.011280510214762132,2.124677534350441
p1,K4m6,Thiram_1382,1382,14,3.3730437464137757,0.024978127525733834,0.7405218966487052
p1,K4m6,MG_1616,1616,14,5.413743377773005,0.06993162107049113,1.2917424449338817
p1,K4m6,MBA_1080,1080,14,-0.49555035943495557,0.007290505442646738,1.4711936544571647
p1,K5,Thiram_1382,1382,27,3.470955527571777,0.5841906128602762,16.83082967268573
p1,K5,MG_1616,1616,27,5.295226515715743,1.0276502754724268,19.407106993864296
p1,K5,MBA_1080,1080,27,-0.09306296056532705,0.5641045739106325,606.1536947501795
p1,K5m4,Thiram_1382,1382,14,0.4696672358284483,0.021492628093740543,4.576139541824669
p1,K5m4,MG_1616,1616,14,0.005839520763541264,0.023670637960144358,405.352406792193
p1,K5m4,MBA_1080,1080,14,6.747912837673153,0.17796201075439508,2.6372897077277715
p1,K5m5,Thiram_1382,1382,14,3.65536474835498,0.16178984178962463,4.426092960009935
p1,K5m5,MG_1616,1616,14,2.412676199481249,0.15651929000542106,6.487372405757323
p1,K5m5,MBA_1080,1080,14,3.8668187500075994,0.15621345611195642,4.03984428056395
p1,K5m6,Thiram_1382,1382,16,4.9622413837044945,0.23357431237491755,4.707032453962282
p1,K5m6,MG_1616,1616,16,3.44945981668596,0.14265095405316536,4.135457771188536
p1,K5m6,MBA_1080,1080,16,1.2771844280460765,0.1877086611873976,14.697067789541332
p1,K6,Thiram_1382,1382,14,4.2275049551190635,0.13215509045050064,3.1260777185009503
p1,K6,MG_1616,1616,14,5.826580784491159,0.3916839602914134,6.72236384903431
p1,K6,MBA_1080,1080,14,0.3418322456129526,0.5090723940477925,148.92462621101035
p1,K6m4,Thiram_1382,1382,15,0.790633217386254,0.06031745454794979,7.629005867898217
p1,K6m4,MG_1616,1616,15,0.646660388709211,0.06675775390174996,10.323464227491048
p1,K6m4,MBA_1080,1080,15,6.560470766503129,0.10243559984497566,1.5614062388327055
p1,K6m5,Thiram_1382,1382,15,1.8545677294039915,0.12250538697185995,6.605603291244042
p1,K6m5,MG_1616,1616,15,0.004173198145771136,0.13658384482626443,3272.8818535652367
p1,K6m5,MBA_1080,1080,15,5.597882655079928,0.12933169183291043,2.31036804095108
p1,K6m6,Thiram_1382,1382,14,4.8337656066941275,0.35399450916467384,7.323369355651796
p1,K6m6,MG_1616,1616,14,1.377067986442201,0.380145918182935,27.605457531917626
p1,K6m6,MBA_1080,1080,14,2.2350523319269526,0.2308976982947371,10.330751320514649
p1,m4,Thiram_1382,1382,20,0.29614795671312816,0.10765728002204747,36.35253176044454
p1,m4,MG_1616,1616,20,-0.2365414041301011,0.025766450428060864,10.892998002958059
p1,m4,MBA_1080,1080,20,6.986867162009138,0.20278919829745728,2.9024338604878155
p1,m5,Thiram_1382,1382,20,0.6144019698377658,0.1762764167182242,28.690731047748812
p1,m5,MG_1616,1616,20,-0.1508042501559757,0.03906474312646058,25.90427198574059
p1,m5,MBA_1080,1080,20,7.911550388044626,0.2742680220757225,3.466678572763398
p1,m6,Thiram_1382,1382,21,3.048306384512733,0.47441467544652177,15.563221527102375
p1,m6,MG_1616,1616,21,2.008620925661369,1.1644978874360972,57.974995309414524
p1,m6,MBA_1080,1080,21,3.8939947857620645,1.9721310021418201,50.645445375342725
p1,美4,Thiram_1382,1382,18,8.166659455349903,0.24479078047957356,2.997440775116604
p1,美4,MG_1616,1616,18,-0.3761854101705054,0.02015332158747042,5.357284212148462
p1,美4,MBA_1080,1080,18,-0.3021670104245955,0.026279788317587302,8.697107033841906
p1,美4K4,Thiram_1382,1382,10,7.536384903956159,0.12289031324336401,1.6306268165636528
p1,美4K4,MG_1616,1616,10,-0.1212204577664564,0.2449452261839584,202.06591420061324
p1,美4K4,MBA_1080,1080,10,-0.3362585301633126,0.0105695129817046,3.1432698455474855
p1,美4K4m4,Thiram_1382,1382,12,1.616803360878844,0.7676016045774817,47.47649733732848
p1,美4K4m4,MG_1616,1616,12,2.911559843512157,0.4980700433917335,17.106639401610977
p1,美4K4m4,MBA_1080,1080,12,2.6728510211309087,0.6697200701512934,25.05639352349419
p1,美4K4m5,Thiram_1382,1382,15,4.128784945097568,0.06663394721488115,1.6138875746967856
p1,美4K4m5,MG_1616,1616,15,4.640794054255522,0.2500823202335064,5.388782982174905
p1,美4K4m5,MBA_1080,1080,15,0.05991288606907165,0.02632884899733132,43.94521900844108
p1,美4K4m6,Thiram_1382,1382,15,7.775700524598853,0.13603813581651664,1.7495290023857346
p1,美4K4m6,MG_1616,1616,15,1.1776288344736747,0.135566924945929,11.511855091975463
p1,美4K4m6,MBA_1080,1080,15,0.07570937756799867,0.03431672784519689,45.326918471064154
p1,美4K5,Thiram_1382,1382,13,7.621282154251072,0.14316570318522648,1.8784989229846334
p1,美4K5,MG_1616,1616,13,-0.4356186686290222,0.008083861044000048,1.8557196066554154
p1,美4K5,MBA_1080,1080,13,-0.2401088299531731,0.06779398602294945,28.234690925848447
p1,美4K5m4,Thiram_1382,1382,16,0.8939715127482426,0.016177995427507325,1.8096768405710173
p1,美4K5m4,MG_1616,1616,16,-0.25204339308725854,0.006750088933726053,2.678145557018883
p1,美4K5m4,MBA_1080,1080,16,6.109258597497206,0.10655748794916577,1.7441967179588604
p1,美4K5m5,Thiram_1382,1382,15,7.231612322661714,0.07152279703411911,0.9890297466581278
p1,美4K5m5,MG_1616,1616,15,-0.04778708551587892,0.05317191461725662,111.26837730999183
p1,美4K5m5,MBA_1080,1080,15,1.8661966221956683,0.09321626496989198,4.994986265713988
p1,美4K5m6,Thiram_1382,1382,15,8.125225083210363,0.04132313245515271,0.5085783105324819
p1,美4K5m6,MG_1616,1616,15,-0.21280836088049973,0.015006318253795512,7.0515642297635805
p1,美4K5m6,MBA_1080,1080,15,-0.19074952507684467,0.01539650196515335,8.07158075961173
p1,美4K6,Thiram_1382,1382,11,7.483068971090467,0.6084155621516028,8.130561999389691
p1,美4K6,MG_1616,1616,11,-0.4195981560036417,0.016833133776316216,4.0117273003864495
p1,美4K6,MBA_1080,1080,11,-0.31042685385635366,0.02141080865034251,6.8972153614809715
p1,美4K6m4,Thiram_1382,1382,14,1.7906580826588825,0.016434997941437542,0.9178188790254038
p1,美4K6m4,MG_1616,1616,14,-0.33925343210168696,0.007195274822594211,2.1209143789700904
p1,美4K6m4,MBA_1080,1080,14,6.4825950899194735,0.10584261277561398,1.6327197874845019
p1,美4K6m5,Thiram_1382,1382,14,8.072938694581453,0.0345761655144844,0.4282971396486869
p1,美4K6m5,MG_1616,1616,14,-0.45981048418800724,0.008790091914240308,1.9116771401511186
p1,美4K6m5,MBA_1080,1080,14,1.0961637833207687,0.01997882172426818,1.8226128274137487
p1,美4K6m6,Thiram_1382,1382,13,8.601687999653642,0.12306241148124196,1.4306774610541237
p1,美4K6m6,MG_1616,1616,13,-0.32597299752984504,0.05176654161234541,15.880622629672212
p1,美4K6m6,MBA_1080,1080,13,0.07295814035041488,0.04565670741269149,62.57931903609967
p1,美4m4,Thiram_1382,1382,20,5.519567833398713,0.6152799909886245,11.147249378213756
p1,美4m4,MG_1616,1616,20,-0.48085196399915053,0.011483819173694102,2.388223410420424
p1,美4m4,MBA_1080,1080,20,4.19654883575407,0.4054107766867914,9.660575690975936
p1,美4m5,Thiram_1382,1382,19,7.420536524048994,0.8055145128814992,10.85520582333813
p1,美4m5,MG_1616,1616,19,-0.4409894427999065,0.016016559964122816,3.63195995405952
p1,美4m5,MBA_1080,1080,19,0.4237102911083457,0.09994403682614471,23.58782378514104
p1,美4m6,Thiram_1382,1382,4,8.1306381483111,0.039341591577296456,0.4838684351666605
p1,美4m6,MG_1616,1616,4,-0.39836847439968553,0.006729329386136611,1.6892223703889362
p1,美4m6,MBA_1080,1080,4,-0.21046169471950033,0.004932094110183543,2.343464028813867
p1,美5,Thiram_1382,1382,20,8.445972897066119,0.03877869324539219,0.45913826290944837
p1,美5,MG_1616,1616,20,-0.3462947176149276,0.007936394100377327,2.2918033965514972
p1,美5,MBA_1080,1080,20,-0.2833292584346008,0.009513180719956825,3.357641484863695
p1,美5K4,Thiram_1382,1382,13,2.2508693465091216,0.3829165753729646,17.011941451281068
p1,美5K4,MG_1616,1616,13,3.424963809325012,0.36410746692238,10.630987280246266
p1,美5K4,MBA_1080,1080,13,-0.6188193351052959,0.02204988925860283,3.5632191833260842
p1,美5K4m4,Thiram_1382,1382,14,1.094362909596961,0.5775880255463186,52.77847234049959
p1,美5K4m4,MG_1616,1616,14,3.593932094477521,0.19923296011402128,5.543592780179821
p1,美5K4m4,MBA_1080,1080,14,0.7471947571362001,0.3799975088967468,50.85655450169067
p1,美5K4m5,Thiram_1382,1382,18,3.6529966125309463,0.09295770547388059,2.544697280994073
p1,美5K4m5,MG_1616,1616,18,5.739656267502608,0.24092626061391392,4.197572979727299
p1,美5K4m5,MBA_1080,1080,18,-0.3007025653630141,0.05051562611546892,16.799200251080485
p1,美5K4m6,Thiram_1382,1382,14,3.8852462990753227,0.0545631853453212,1.4043687618544822
p1,美5K4m6,MG_1616,1616,14,5.34925603713693,0.24497080232161483,4.579530323860324
p1,美5K4m6,MBA_1080,1080,14,-0.5481790084516975,0.009252610132117941,1.6878811463889227
p1,美5K5,Thiram_1382,1382,14,0.819857030454081,0.23872572935404476,29.117970632248603
p1,美5K5,MG_1616,1616,14,1.1393800753633323,0.27520400821873475,24.153837175972736
p1,美5K5,MBA_1080,1080,14,-0.38677722481913096,0.018779051428328242,4.855262984295393
p1,美5K5m4,Thiram_1382,1382,15,1.0356020039954328,0.061602328541083766,5.948455903273382
p1,美5K5m4,MG_1616,1616,15,0.29989629315494687,0.05708311477040575,19.034284875576212
p1,美5K5m4,MBA_1080,1080,15,6.141233836645733,0.13051904440804313,2.1252902572967494
p1,美5K5m5,Thiram_1382,1382,14,4.507498398292368,0.11137067511414214,2.4707867928768223
p1,美5K5m5,MG_1616,1616,14,3.6067651327463888,0.1000813771703894,2.7748237960308204
p1,美5K5m5,MBA_1080,1080,14,2.7439582523362938,0.11409094521991904,4.157896539525642
p1,美5K5m6,Thiram_1382,1382,15,5.270403054956918,0.11439289396042264,2.1704771488555106
p1,美5K5m6,MG_1616,1616,15,4.542067739707559,0.06243669253307974,1.3746314698754303
p1,美5K5m6,MBA_1080,1080,15,-0.2071514162132007,0.0626126273895589,30.22553672774211
p1,美5K6,Thiram_1382,1382,2,2.6530668939280693,1.1844696888025499,44.6453005581345
p1,美5K6,MG_1616,1616,2,-0.08219293234146455,0.09159251413259183,111.4359976257781
p1,美5K6,MBA_1080,1080,2,-0.2673967714601222,0.04250003620599797,15.893997513106154
p1,美5K6m4,Thiram_1382,1382,14,0.7275808662556493,0.06129232228555331,8.424125087425965
p1,美5K6m4,MG_1616,1616,14,-0.10659951236675169,0.017778345396576353,16.67769861405239
p1,美5K6m4,MBA_1080,1080,14,6.434417838379112,0.21331718815568185,3.3152523431617613
p1,美5K6m5,Thiram_1382,1382,13,4.062315966904321,0.12669695040667814,3.1188354485194627
p1,美5K6m5,MG_1616,1616,13,0.3602186089164307,0.12381576086911808,34.37239437506208
p1,美5K6m5,MBA_1080,1080,13,4.327877042713963,0.1061507069742102,2.452720027083863
p1,美5K6m6,Thiram_1382,1382,19,6.392501933917736,0.14802503997460773,2.315604148497902
p1,美5K6m6,MG_1616,1616,19,2.305059280533722,0.29590741455687364,12.837301715223488
p1,美5K6m6,MBA_1080,1080,19,0.6856644053770283,0.15730494143476267,22.941972807858523
p1,美5m4,Thiram_1382,1382,16,0.4398558846503505,0.012513897532404972,2.8449994575729045
p1,美5m4,MG_1616,1616,16,-0.2592090973656581,0.014076940029848462,5.430727614467392
p1,美5m4,MBA_1080,1080,16,5.760571887425524,0.12489672143417024,2.1681305931933825
p1,美5m5,Thiram_1382,1382,16,3.3001355546122375,0.10955905495814132,3.3198349929905953
p1,美5m5,MG_1616,1616,16,-0.4301739776179377,0.0599840316093328,13.944133009042234
p1,美5m5,MBA_1080,1080,16,5.376584975350024,0.1776835678608016,3.3047662907854285
p1,美5m6,Thiram_1382,1382,20,7.7329356499042365,0.13970825250527125,1.806665137669953
p1,美5m6,MG_1616,1616,20,-0.348571327345186,0.16324949364483976,46.83388472832585
p1,美5m6,MBA_1080,1080,20,1.2197154664736207,0.13186143242621767,10.810835481774182
p1,美6,Thiram_1382,1382,20,7.6443986499606895,2.057548888290452,26.915771697765038
p1,美6,MG_1616,1616,20,-0.26261137371539395,0.15491125273129408,58.988782755152
p1,美6,MBA_1080,1080,20,0.8236921122140437,1.6103012183933103,195.49795299907632
p1,美6K4,Thiram_1382,1382,12,3.0251695039004165,0.08769033775274697,2.8986917142886015
p1,美6K4,MG_1616,1616,12,5.1619864882856605,0.1704856889436708,3.3027147461652993
p1,美6K4,MBA_1080,1080,12,-0.507179632208168,0.060200501617068705,11.869660726509592
p1,美6K4m4,Thiram_1382,1382,12,1.3188662895391485,0.7242970279522163,54.91815460726557
p1,美6K4m4,MG_1616,1616,12,1.6663943335726359,1.2475151718440163,74.86314293744799
p1,美6K4m4,MBA_1080,1080,12,6.270481215726907,1.2822506894194512,20.44899977059904
p1,美6K4m5,Thiram_1382,1382,12,3.176128593124414,0.030542671427219056,0.9616320791713817
p1,美6K4m5,MG_1616,1616,12,5.273208919816698,0.03477170810181192,0.6594031951045971
p1,美6K4m5,MBA_1080,1080,12,0.44147525155237477,0.09662513796885408,21.886875341049752
p1,美6K4m6,Thiram_1382,1382,12,2.0378900307307446,0.39589557388098123,19.426738828445096
p1,美6K4m6,MG_1616,1616,12,0.6125427589947179,0.4356816280004008,71.12672896752956
p1,美6K4m6,MBA_1080,1080,12,4.920304112640674,0.9719754778606792,19.754378095524473
p1,美6K5,Thiram_1382,1382,12,3.5053127789877827,0.1794040015533888,5.118059724336345
p1,美6K5,MG_1616,1616,12,4.940745183132718,0.2810847486648954,5.689116484381643
p1,美6K5,MBA_1080,1080,12,-0.1268282473673891,0.31297418197274846,246.7700914183116
p1,美6K5m4,Thiram_1382,1382,8,0.4596990486214545,0.14729222387901944,32.041011248711385
p1,美6K5m4,MG_1616,1616,8,0.326024889337245,0.30203367527318087,92.6412937021973
p1,美6K5m4,MBA_1080,1080,8,7.009760629084816,0.9337482942643052,13.320687305498105
p1,美6K5m5,Thiram_1382,1382,12,3.198851918865404,0.18898271541189623,5.9078294402238605
p1,美6K5m5,MG_1616,1616,12,4.824347015104355,0.6645438063693774,13.774792822506008
p1,美6K5m5,MBA_1080,1080,12,2.3496664523806086,0.8897496424942106,37.86706158198514
p1,美6K5m6,Thiram_1382,1382,5,2.922514752781086,0.5605268623665774,19.17960762501459
p1,美6K5m6,MG_1616,1616,5,4.902973722019437,1.0546215574457731,21.509834994820153
p1,美6K5m6,MBA_1080,1080,5,1.617219798703903,1.8934582512943643,117.08107041552722
p1,美6K6,Thiram_1382,1382,13,4.654741991254313,1.1581106578474332,24.880233104721604
p1,美6K6,MG_1616,1616,13,4.212033554785485,1.1015772352320892,26.153097331822927
p1,美6K6,MBA_1080,1080,13,0.30262433144436207,0.45130244072834697,149.1295952887779
p1,美6K6m4,Thiram_1382,1382,9,0.41682119442428484,0.1269525422574807,30.457314540549717
p1,美6K6m4,MG_1616,1616,9,0.07413255398050134,0.19440707302709198,262.24251369813294
p1,美6K6m4,MBA_1080,1080,9,6.736103700653222,0.5743904368151979,8.527042669481133
p1,美6K6m5,Thiram_1382,1382,9,0.9843957076885883,0.41202154338731906,41.85527630496955
p1,美6K6m5,MG_1616,1616,9,0.833721414023942,0.6928790892362033,83.10678814066132
p1,美6K6m5,MBA_1080,1080,9,6.396053592521817,0.5369385933562395,8.394842000448858
p1,美6K6m6,Thiram_1382,1382,14,3.8760431392099535,0.13668375379859896,3.5263733887765483
p1,美6K6m6,MG_1616,1616,14,5.023132851523551,0.16019643262970082,3.189173716182166
p1,美6K6m6,MBA_1080,1080,14,1.2990926019585507,0.301926696968747,23.241352965412425
p1,美6m4,Thiram_1382,1382,12,0.5367771188524829,0.13934162320061574,25.95893496699318
p1,美6m4,MG_1616,1616,12,0.003907574506669498,0.3557428837031878,9103.930919193002
p1,美6m4,MBA_1080,1080,12,7.042598553097747,0.6352337843652583,9.019877813223436
p1,美6m5,Thiram_1382,1382,12,0.55726777688888,0.20146181259262444,36.15170676426824
p1,美6m5,MG_1616,1616,12,0.3225820860485863,0.440748702240349,136.6314873957275
p1,美6m5,MBA_1080,1080,12,5.929060504393218,0.5461223008764039,9.210941606545374
p1,美6m6,Thiram_1382,1382,15,2.6896673404164786,0.6227659214324626,23.154012842942542
p1,美6m6,MG_1616,1616,15,0.7014637390618113,0.5310938079634152,75.71222550630183
p1,美6m6,MBA_1080,1080,15,4.559652953158024,0.5057472482091045,11.091792586074408
p3,K4,Thiram_1382,1382,21,0.08936747926065573,0.009650415765803347,10.798576669770709
p3,K4,MG_1616,1616,21,0.12448201828068146,0.021929564682519057,17.616652577942926
p3,K4,MBA_1080,1080,21,0.001606180596886838,0.0003988986267365314,24.835228834770657
p3,K4m4,Thiram_1382,1382,14,0.09445571058738787,0.003385269386427586,3.583975352443753
p3,K4m4,MG_1616,1616,14,0.12967891843392482,0.005332428001496,4.112023809184549
p3,K4m4,MBA_1080,1080,14,0.012550128224982375,0.0005070054535191815,4.039842816186792
p3,K4m5,Thiram_1382,1382,12,0.09777636422810417,0.003691081698357283,3.7750244933901356
p3,K4m5,MG_1616,1616,12,0.1366078895153002,0.005322002867413243,3.8958239427432
p3,K4m5,MBA_1080,1080,12,0.0032189332483853624,0.0002177962337648407,6.76609972804154
p3,K4m6,Thiram_1382,1382,14,0.09173991667287366,0.0003097786345213361,0.33767049911975094
p3,K4m6,MG_1616,1616,14,0.1332333407191936,0.0006479596921780924,0.4863344930633773
p3,K4m6,MBA_1080,1080,14,0.003947214831302528,0.00028590345801509,7.243169430449918
p3,K5,Thiram_1382,1382,27,0.08929474419266545,0.011265419633676341,12.615994071688789
p3,K5,MG_1616,1616,27,0.13034140374231595,0.0255447297383541,19.598323330057003
p3,K5,MBA_1080,1080,27,0.01541250478246912,0.010848107721268532,70.38510530493176
p3,K5m4,Thiram_1382,1382,14,0.022514347248255743,0.0004954416249213647,2.200559578558282
p3,K5m4,MG_1616,1616,14,0.010488179583876963,0.0007309768895428328,6.969530638725264
p3,K5m4,MBA_1080,1080,14,0.1710386586795232,0.0038877957088119496,2.273050863955002
p3,K5m5,Thiram_1382,1382,14,0.09466052394201965,0.004013300390504515,4.239676924842181
p3,K5m5,MG_1616,1616,14,0.06724715831100299,0.004362822963485159,6.487743234157321
p3,K5m5,MBA_1080,1080,14,0.09795341417134272,0.004367767758799698,4.459025543672713
p3,K5m6,Thiram_1382,1382,16,0.11492837156032368,0.005975746004145989,5.199539437491669
p3,K5m6,MG_1616,1616,16,0.08683892592575723,0.003819197324421636,4.398024599805451
p3,K5m6,MBA_1080,1080,16,0.046333995650909496,0.005334469036475355,11.513077949647203
p3,K6,Thiram_1382,1382,14,0.1029510000325909,0.0038344687009487606,3.724557022015224
p3,K6,MG_1616,1616,14,0.1383836780747921,0.010745271930695579,7.764840536243075
p3,K6,MBA_1080,1080,14,0.024172155969783757,0.010902191226168832,45.1022707275141
p3,K6m4,Thiram_1382,1382,15,0.031200953680901214,0.001663296612712614,5.330915938414902
p3,K6m4,MG_1616,1616,15,0.02756478565568792,0.001816510648835083,6.589968344122607
p3,K6m4,MBA_1080,1080,15,0.1651544712677588,0.0007935163169228982,0.4804691697607143
p3,K6m5,Thiram_1382,1382,15,0.059436283814834366,0.003271848524646273,5.504799954921931
p3,K6m5,MG_1616,1616,15,0.016688529665791603,0.0033062555604597955,19.811544975331213
p3,K6m5,MBA_1080,1080,15,0.14029152616167648,0.003275673269024882,2.3349045795181462
p3,K6m6,Thiram_1382,1382,14,0.10955202803322364,0.008495478153221544,7.75474293423864
p3,K6m6,MG_1616,1616,14,0.04746074819416416,0.007204010004907438,15.178879977693342
p3,K6m6,MBA_1080,1080,14,0.061696039902918345,0.0055304435231435965,8.964017029044347
p3,m4,Thiram_1382,1382,20,0.017401640007346904,0.002722955019458042,15.647691931958258
p3,m4,MG_1616,1616,20,0.003053110234128047,0.0006352181027344508,20.80560654620012
p3,m4,MBA_1080,1080,20,0.1787567858154048,0.005225426435145231,2.9232045157386786
p3,m5,Thiram_1382,1382,20,0.026669447676502374,0.004967452751854257,18.62600535305021
p3,m5,MG_1616,1616,20,0.006085412681946184,0.0010655552963259188,17.509992370560845
p3,m5,MBA_1080,1080,20,0.20452353607372845,0.00650208525246836,3.179137901333972
p3,m6,Thiram_1382,1382,21,0.0788223241970166,0.010273121243236965,13.033263542900958
p3,m6,MG_1616,1616,21,0.060120172372349234,0.021166195922621395,35.20647910243893
p3,m6,MBA_1080,1080,21,0.09303839660892635,0.039537930553719375,42.49635848725063
p3,美4,Thiram_1382,1382,18,0.2154381176613402,0.005390180437622158,2.501962278604429
p3,美4,MG_1616,1616,18,0.001360070498402497,0.0003627208209280814,26.669266141286336
p3,美4,MBA_1080,1080,18,0.002973050758703916,0.0010914926455410788,36.71288296527129
p3,美4K4,Thiram_1382,1382,10,0.1929568806821116,0.0035627506781251454,1.8463973223088264
p3,美4K4,MG_1616,1616,10,0.008729342559321942,0.006689125148390362,76.62805191723334
p3,美4K4,MBA_1080,1080,10,0.0032902531324881757,0.000354582281853554,10.776747793426141
p3,美4K4m4,Thiram_1382,1382,12,0.05090500143866127,0.01644587258834421,32.30698776850229
p3,美4K4m4,MG_1616,1616,12,0.07772690120068454,0.011307972547552392,14.548338313856263
p3,美4K4m4,MBA_1080,1080,12,0.06986062764222335,0.01166448427608525,16.696792842776155
p3,美4K4m5,Thiram_1382,1382,15,0.10591127546682252,0.0012677166408043416,1.1969609800435865
p3,美4K4m5,MG_1616,1616,15,0.11410212430653274,0.0036916313368007985,3.2353747655769456
p3,美4K4m5,MBA_1080,1080,15,0.01638524942421799,0.0005504133484957248,3.3592003041601184
p3,美4K4m6,Thiram_1382,1382,15,0.19627902269523295,0.0024527734369678457,1.249636055492453
p3,美4K4m6,MG_1616,1616,15,0.04218413185530561,0.0033940916707940827,8.045896695079666
p3,美4K4m6,MBA_1080,1080,15,0.014290953839690429,0.0010567351808407305,7.394434218280432
p3,美4K5,Thiram_1382,1382,13,0.1978229712414667,0.003131189943678816,1.5828242413045261
p3,美4K5,MG_1616,1616,13,0.0004146794198038129,0.00011323817789836997,27.307402415085747
p3,美4K5,MBA_1080,1080,13,0.005198935125851697,0.0018478023837437004,35.54193962828091
p3,美4K5m4,Thiram_1382,1382,16,0.032887102887793285,0.0003652057098346472,1.1104830701587907
p3,美4K5m4,MG_1616,1616,16,0.0025690203825938455,0.00016358262366709668,6.36750976268757
p3,美4K5m4,MBA_1080,1080,16,0.15730728476994105,0.00166489479075852,1.058371068570281
p3,美4K5m5,Thiram_1382,1382,15,0.17676166752520225,0.0020356777948674996,1.1516511602139403
p3,美4K5m5,MG_1616,1616,15,0.015472603415230202,0.0017476709252998786,11.295260909871105
p3,美4K5m5,MBA_1080,1080,15,0.05483671658253508,0.0023183299104367755,4.22769643209298
p3,美4K5m6,Thiram_1382,1382,15,0.21334978585769684,0.0006761238893410884,0.3169086327520663
p3,美4K5m6,MG_1616,1616,15,0.005897837597992686,0.0003578369487406875,6.067256732577317
p3,美4K5m6,MBA_1080,1080,15,0.006053770165081422,0.0004888756853807531,8.075557413801782
p3,美4K6,Thiram_1382,1382,11,0.19491160365304133,0.014646630609738103,7.514499052509111
p3,美4K6,MG_1616,1616,11,0.0007474151203185343,0.00023559529033081054,31.521343885898943
p3,美4K6,MBA_1080,1080,11,0.0034466662452453975,0.000774934179824044,22.48358630293981
p3,美4K6m4,Thiram_1382,1382,14,0.05700001872731708,0.0006115644817605018,1.0729197909322992
p3,美4K6m4,MG_1616,1616,14,0.0008228129144804957,0.00031609408307783996,38.41627635091437
p3,美4K6m4,MBA_1080,1080,14,0.16694550773749,0.0014618662722342007,0.8756547522877236
p3,美4K6m5,Thiram_1382,1382,14,0.21006061324629094,0.0007201980258353868,0.342852481817223
p3,美4K6m5,MG_1616,1616,14,0.0003614341269673655,0.00023885075319056973,66.08417284628354
p3,美4K6m5,MBA_1080,1080,14,0.038680617160789785,0.0005200953230031734,1.3445889987773765
p3,美4K6m6,Thiram_1382,1382,13,0.2153728502902113,0.002212927916394308,1.027486943415767
p3,美4K6m6,MG_1616,1616,13,0.005767157528631086,0.0013371875865532054,23.186250417380315
p3,美4K6m6,MBA_1080,1080,13,0.013771282581976142,0.0011502860161938771,8.352787834732052
p3,美4m4,Thiram_1382,1382,20,0.14492513024851056,0.015087278692719409,10.410395123915691
p3,美4m4,MG_1616,1616,20,-6.994837644845082e-05,0.0001647166218235692,235.48312367901607
p3,美4m4,MBA_1080,1080,20,0.10893726022834112,0.011424280808478767,10.487027840183028
p3,美4m5,Thiram_1382,1382,19,0.1949438280097287,0.020217632529555427,10.371004168722111
p3,美4m5,MG_1616,1616,19,-0.00022524394712095022,9.427402029568722e-05,41.854185873001285
p3,美4m5,MBA_1080,1080,19,0.021845648040951172,0.0024772449367146676,11.339764021057656
p3,美4m6,Thiram_1382,1382,4,0.21475244950717887,0.000577115691130214,0.268735324069457
p3,美4m6,MG_1616,1616,4,0.00022860514266487972,0.0001015358923431227,44.415401665730556
p3,美4m6,MBA_1080,1080,4,0.0049139803873194665,0.00013866145161086296,2.8217746242675092
p3,美5,Thiram_1382,1382,20,0.22446202650096408,0.0011191297195884402,0.49858309533868234
p3,美5,MG_1616,1616,20,0.0013324767659024443,0.00023205811347210722,17.415546702980716
p3,美5,MBA_1080,1080,20,0.0029713661440114256,0.0003828852101978061,12.885830679920874
p3,美5K4,Thiram_1382,1382,13,0.063619581603814,0.00790862353123658,12.431115282220686
p3,美5K4,MG_1616,1616,13,0.08629473857909785,0.009864824852668578,11.431548452547275
p3,美5K4,MBA_1080,1080,13,0.0021218763101219606,0.00030078245320412883,14.17530568437519
p3,美5K4m4,Thiram_1382,1382,14,0.03985091499015395,0.011901403864233755,29.86481958362627
p3,美5K4m4,MG_1616,1616,14,0.09182722569451378,0.003709315438655496,4.039450621099521
p3,美5K4m4,MBA_1080,1080,14,0.03112143062724581,0.006833056421736767,21.95611282649277
p3,美5K4m5,Thiram_1382,1382,18,0.09604135875785955,0.00032461183071166204,0.3379917099362127
p3,美5K4m5,MG_1616,1616,18,0.14100726777374295,0.004302541221907313,3.051290397890038
p3,美5K4m5,MBA_1080,1080,18,0.007874148605564329,0.001383526192182908,17.570486175549547
p3,美5K4m6,Thiram_1382,1382,14,0.10100465917223334,0.0008512798682628793,0.8428124754238072
p3,美5K4m6,MG_1616,1616,14,0.13074185216176554,0.0030975320183159573,2.369196984056347
p3,美5K4m6,MBA_1080,1080,14,0.003095032682094804,0.0004290553469642888,13.862708120868444
p3,美5K5,Thiram_1382,1382,14,0.0320727765924664,0.00569477328176645,17.755785082555338
p3,美5K5,MG_1616,1616,14,0.03993449735695074,0.006447139316827149,16.144285626534877
p3,美5K5,MBA_1080,1080,14,0.00496040992248375,0.000763742272576559,15.396757213850224
p3,美5K5m4,Thiram_1382,1382,15,0.03784500311869957,0.0016365667042367055,4.324393101788549
p3,美5K5m4,MG_1616,1616,15,0.01861480220991833,0.0016552026409437232,8.891862627805946
p3,美5K5m4,MBA_1080,1080,15,0.14642691798232252,0.002159809190658715,1.4750082979411334
p3,美5K5m5,Thiram_1382,1382,14,0.11281125239336305,0.0026637905317062117,2.361280878628849
p3,美5K5m5,MG_1616,1616,14,0.09648551644880442,0.0027153590682844637,2.8142659833564174
p3,美5K5m5,MBA_1080,1080,14,0.07467274313346015,0.0027431819041565837,3.6736053733204694
p3,美5K5m6,Thiram_1382,1382,15,0.12947464923736954,0.00317084357244385,2.449007269856088
p3,美5K5m6,MG_1616,1616,15,0.11716421924309198,0.0026397596779341886,2.2530425201376736
p3,美5K5m6,MBA_1080,1080,15,0.011123200906838113,0.0018037051890721367,16.21570269366697
p3,美5K6,Thiram_1382,1382,2,0.07339530396016448,0.02692638249438921,36.686791990130025
p3,美5K6,MG_1616,1616,2,0.011152900293833312,0.0026121343160871733,23.42112138787326
p3,美5K6,MBA_1080,1080,2,0.00719431901907743,0.0007176407853808312,9.975103737794193
p3,美5K6m4,Thiram_1382,1382,14,0.02955741966982997,0.0016324332806691613,5.52292215932309
p3,美5K6m4,MG_1616,1616,14,0.007418840480735925,0.0008173355254580338,11.017025201988934
p3,美5K6m4,MBA_1080,1080,14,0.15109832439647172,0.0008953147879383092,0.5925378666602974
p3,美5K6m5,Thiram_1382,1382,13,0.10544885096749085,0.0033862181282939834,3.2112423200684574
p3,美5K6m5,MG_1616,1616,13,0.025206934351113767,0.003084984237820641,12.238633206438813
p3,美5K6m5,MBA_1080,1080,13,0.1088002580162026,0.0016520250398320614,1.5184017666447451
p3,美5K6m6,Thiram_1382,1382,19,0.1393928479428006,0.007472181574454521,5.360520058762775
p3,美5K6m6,MG_1616,1616,19,0.06514197815517031,0.007530738799341737,11.560500636629843
p3,美5K6m6,MBA_1080,1080,19,0.03177294279670049,0.0033757735677290043,10.624680217154978
p3,美5m4,Thiram_1382,1382,16,0.020601240291417522,0.00035831393742688543,1.7392833264323366
p3,美5m4,MG_1616,1616,16,0.002174691865691068,0.00037536981877830364,17.260827830384123
p3,美5m4,MBA_1080,1080,16,0.15143836077501135,0.0021830543127794888,1.4415464493985144
p3,美5m5,Thiram_1382,1382,16,0.09125638489899521,0.0025083920860548147,2.748730501247846
p3,美5m5,MG_1616,1616,16,0.003876667091555916,0.0017032230344399555,43.935241128903854
p3,美5m5,MBA_1080,1080,16,0.14150197643335077,0.0029612033693339366,2.0926939990330813
p3,美5m6,Thiram_1382,1382,20,0.17691944030892312,0.00571842988553411,3.23222245986593
p3,美5m6,MG_1616,1616,20,0.013377658731475792,0.003631140996927461,27.143322085081188
p3,美5m6,MBA_1080,1080,20,0.04455792720671793,0.004924870148830306,11.052736196597115
p3,美6,Thiram_1382,1382,20,0.18475773258586362,0.051294285148606136,27.762997754244374
p3,美6,MG_1616,1616,20,0.013634675168932433,0.007044132278128125,51.6633670465335
p3,美6,MBA_1080,1080,20,0.03160969301864525,0.0291917887151816,92.3507504421589
p3,美6K4,Thiram_1382,1382,12,0.08154370965511416,0.0017823053312767518,2.1857054809193013
p3,美6K4,MG_1616,1616,12,0.12770018592059704,0.0010497936464661313,0.8220768348128207
p3,美6K4,MBA_1080,1080,12,0.0037762360684173127,0.0017569150395544786,46.525561636585735
p3,美6K4m4,Thiram_1382,1382,12,0.04375815823765506,0.0163849451148516,37.44432072726479
p3,美6K4m4,MG_1616,1616,12,0.05281547864015357,0.028486424632787912,53.93575021230762
p3,美6K4m4,MBA_1080,1080,12,0.14483448956821351,0.0237790453247671,16.418082043619695
p3,美6K4m5,Thiram_1382,1382,12,0.08456565548633221,0.00046345411523099046,0.5480405875951561
p3,美6K4m5,MG_1616,1616,12,0.12422203843353052,0.0011298002557181893,0.9095006570212817
p3,美6K4m5,MBA_1080,1080,12,0.024755689054181938,0.0022367276017050807,9.035206399666883
p3,美6K4m6,Thiram_1382,1382,12,0.06029362198475415,0.006939575881943179,11.509635104850593
p3,美6K4m6,MG_1616,1616,12,0.03524234689827146,0.009139355449775684,25.932879771477264
p3,美6K4m6,MBA_1080,1080,12,0.10898644432057723,0.027026871772030444,24.798379230110935
p3,美6K5,Thiram_1382,1382,12,0.08892323318727285,0.003352537176195803,3.7701476386214385
p3,美6K5,MG_1616,1616,12,0.11982232524892816,0.006764392322701854,5.645352240201467
p3,美6K5,MBA_1080,1080,12,0.016034415652136254,0.009199630741937538,57.37428130542367
p3,美6K5m4,Thiram_1382,1382,8,0.026170736258972552,0.007523011792328222,28.74589280899188
p3,美6K5m4,MG_1616,1616,8,0.023419071979760963,0.008648793974318059,36.93055805880117
p3,美6K5m4,MBA_1080,1080,8,0.16907778727333306,0.023527147333231795,13.91498416950391
p3,美6K5m5,Thiram_1382,1382,12,0.08484958610228825,0.004511496095813567,5.3170513882941615
p3,美6K5m5,MG_1616,1616,12,0.12094420894965223,0.012440166151182886,10.285871691766237
p3,美6K5m5,MBA_1080,1080,12,0.06612213744925283,0.019048918831762515,28.8086858147653
p3,美6K5m6,Thiram_1382,1382,5,0.07876914189555095,0.012420761497729154,15.768562661504257
p3,美6K5m6,MG_1616,1616,5,0.11772658152010225,0.02016946493084227,17.132464623036945
p3,美6K5m6,MBA_1080,1080,5,0.04951404290772202,0.04091074259936824,82.6245246739647
p3,美6K6,Thiram_1382,1382,13,0.10892059176213209,0.025574782554724066,23.48020896781019
p3,美6K6,MG_1616,1616,13,0.10041701980526058,0.023464789899083075,23.367343448937746
p3,美6K6,MBA_1080,1080,13,0.02642648722127074,0.010277458829276831,38.89074905500297
p3,美6K6m4,Thiram_1382,1382,9,0.022721668447903562,0.00488350249573174,21.492710832079418
p3,美6K6m4,MG_1616,1616,9,0.014170418829498004,0.006810219494065613,48.05940865974298
p3,美6K6m4,MBA_1080,1080,9,0.16973363318670856,0.01453412019363762,8.562899362231853
p3,美6K6m5,Thiram_1382,1382,9,0.036194975956695255,0.010658684223220501,29.447966027033328
p3,美6K6m5,MG_1616,1616,9,0.0338034853965016,0.018941975291277606,56.03556872640701
p3,美6K6m5,MBA_1080,1080,9,0.15844716853798158,0.007675724981093759,4.844343418641653
p3,美6K6m6,Thiram_1382,1382,14,0.09602109516588805,0.0034927588094289886,3.637491119419983
p3,美6K6m6,MG_1616,1616,14,0.12519769374881848,0.004976416930715796,3.9748471251394433
p3,美6K6m6,MBA_1080,1080,14,0.043232541926942036,0.006368467191696616,14.730725763149863
p3,美6m4,Thiram_1382,1382,12,0.027523205824558795,0.004851071795114822,17.62538792187587
p3,美6m4,MG_1616,1616,12,0.01382951650505624,0.013422383955733554,97.05606085958368
p3,美6m4,MBA_1080,1080,12,0.1630390839730991,0.01693072987378859,10.384460867421277
p3,美6m5,Thiram_1382,1382,12,0.034054518873562346,0.008335203594736098,24.47605742334241
p3,美6m5,MG_1616,1616,12,0.026802071257449277,0.011600024767004707,43.2803295520701
p3,美6m5,MBA_1080,1080,12,0.13592557868927704,0.025031979436644536,18.41594472359548
p3,美6m6,Thiram_1382,1382,15,0.07599742112470972,0.0110813627730759,14.581235269670112
p3,美6m6,MG_1616,1616,15,0.03497820767436525,0.011448971381602353,32.73172681741795
p3,美6m6,MBA_1080,1080,15,0.1010989169545561,0.015573621365180803,15.404340456170404
p5,K4,Thiram_1382,1382,21,2.3620551203922138,0.8335966193830275,35.29115862650194
p5,K4,MG_1616,1616,21,2.898628847977057,2.1041759630480774,72.59211418242023
p5,K4,MBA_1080,1080,21,0.01619942480692684,0.009833198622710353,60.700912161434886
p5,K4m4,Thiram_1382,1382,14,0.8743634105604245,0.1591697750173291,18.20407545591472
p5,K4m4,MG_1616,1616,14,6.524877681428199,0.8901262539112457,13.642037404698293
p5,K4m4,MBA_1080,1080,14,0.1713814600400574,0.04004113759139612,23.36375100436022
p5,K4m5,Thiram_1382,1382,12,1.0180102833655615,0.3400744463778075,33.40579677186707
p5,K4m5,MG_1616,1616,12,6.130925507704593,1.0259668863481033,16.7342905252852
p5,K4m5,MBA_1080,1080,12,0.005853236005927374,0.028398580000860756,485.17742958087587
p5,K4m6,Thiram_1382,1382,14,0.8860772335637527,0.10458664885682756,11.803333264323467
p5,K4m6,MG_1616,1616,14,5.47912639941831,0.6149462336484861,11.223435796512591
p5,K4m6,MBA_1080,1080,14,-0.0023775645149815153,0.03216642726594173,1352.9150129577793
p5,K5,Thiram_1382,1382,27,2.1238748817716,0.5559460277780598,26.17602536521951
p5,K5,MG_1616,1616,27,2.612876266142972,1.1381456700407242,43.559110884374604
p5,K5,MBA_1080,1080,27,0.5147223892389605,0.4084547540837215,79.35437871425015
p5,K5m4,Thiram_1382,1382,14,0.22669816448388413,0.09290230934356675,40.98061823970839
p5,K5m4,MG_1616,1616,14,0.06261958284210618,0.03096169286722363,49.44410592017646
p5,K5m4,MBA_1080,1080,14,5.644330049271445,0.8084078278761151,14.322476198578471
p5,K5m5,Thiram_1382,1382,14,0.8095366787638195,0.29851608922920164,36.874930693077715
p5,K5m5,MG_1616,1616,14,1.9645865895669232,0.37603829048478193,19.140835658848534
p5,K5m5,MBA_1080,1080,14,1.6617777076757603,0.26816248475135673,16.137085213787184
p5,K5m6,Thiram_1382,1382,16,0.9039493133793324,0.45211020160558896,50.01499474737317
p5,K5m6,MG_1616,1616,16,1.2322650398776107,0.5098320742386884,41.37357287108666
p5,K5m6,MBA_1080,1080,16,0.8707018597140035,0.30590142434489764,35.13274043601745
p5,K6,Thiram_1382,1382,14,1.5840442476234398,0.23075240377652148,14.567295334251048
p5,K6,MG_1616,1616,14,3.4602331253631466,0.7884871244321654,22.787109881488544
p5,K6,MBA_1080,1080,14,0.42676875520250995,0.2369990685404662,55.53336921959191
p5,K6m4,Thiram_1382,1382,15,0.31452942090794794,0.06890894661405547,21.908585344778533
p5,K6m4,MG_1616,1616,15,-0.10417042922956617,0.05982918786923179,57.433945805659384
p5,K6m4,MBA_1080,1080,15,4.917554852371753,0.6502750783527425,13.223544990842607
p5,K6m5,Thiram_1382,1382,15,0.8664567567056013,0.5692157704663975,65.69465424110042
p5,K6m5,MG_1616,1616,15,0.7512951037051713,0.29549284767387135,39.33112916836349
p5,K6m5,MBA_1080,1080,15,2.516950633164548,0.4899647746144755,19.466602489475353
p5,K6m6,Thiram_1382,1382,14,0.893311549888086,0.6619253719144298,74.09793055931671
p5,K6m6,MG_1616,1616,14,1.1941482981976994,0.5171220231195852,43.30467362387617
p5,K6m6,MBA_1080,1080,14,0.886879452411706,0.5607475822020681,63.22703504712145
p5,m4,Thiram_1382,1382,20,0.13732392395604737,0.0860577522768899,62.667705522625475
p5,m4,MG_1616,1616,20,0.16649943854985486,0.1027897719454853,61.7358069437015
p5,m4,MBA_1080,1080,20,4.7818319902225115,1.7032178792689885,35.61852199641446
p5,m5,Thiram_1382,1382,20,0.07454582359078454,0.08455469536143781,113.42646883291067
p5,m5,MG_1616,1616,20,0.22049313036457036,0.07621847884588903,34.56728049525488
p5,m5,MBA_1080,1080,20,7.711641164090556,0.3223829968403469,4.180471964145986
p5,m6,Thiram_1382,1382,21,0.7247483404154026,0.46826980005703006,64.61136562087646
p5,m6,MG_1616,1616,21,0.2984902102067403,0.5267459384244156,176.47008860343553
p5,m6,MBA_1080,1080,21,2.289626893304,1.0665319186239646,46.58103561514895
p5,美4,Thiram_1382,1382,18,2.9358641127725154,2.1868515916729434,74.48749355118368
p5,美4,MG_1616,1616,18,0.06885934433017965,0.03943780517782477,57.27298968854686
p5,美4,MBA_1080,1080,18,0.07217078420744184,0.05409822924485068,74.9586274265153
p5,美4K4,Thiram_1382,1382,10,5.047974841693392,0.734273635184828,14.545905203808598
p5,美4K4,MG_1616,1616,10,0.236943071415083,0.18677724079029023,78.82789721379488
p5,美4K4,MBA_1080,1080,10,0.06731493580034198,0.017145294423745475,25.47026780891377
p5,美4K4m4,Thiram_1382,1382,12,0.7719978677958031,0.16988559936483896,22.0059674322539
p5,美4K4m4,MG_1616,1616,12,2.8093591506700863,1.079951997566205,38.44122234455554
p5,美4K4m4,MBA_1080,1080,12,2.6152417396962733,1.2339509808698632,47.18305624065066
p5,美4K4m5,Thiram_1382,1382,15,0.04358522177470778,0.18022356043506338,413.49694482831785
p5,美4K4m5,MG_1616,1616,15,5.239389005843901,0.4875798540367599,9.30604414928771
p5,美4K4m5,MBA_1080,1080,15,0.30095361030012785,0.05005702462775769,16.632804164681065
p5,美4K4m6,Thiram_1382,1382,15,0.6074988731742508,0.7982555014910322,131.40032627880547
p5,美4K4m6,MG_1616,1616,15,1.537792326442238,0.30766608876399504,20.006998570203326
p5,美4K4m6,MBA_1080,1080,15,0.645062459680301,0.20353385418692932,31.552580859813578
p5,美4K5,Thiram_1382,1382,13,4.642689408421425,0.7216824186004209,15.544490598301778
p5,美4K5,MG_1616,1616,13,0.016837834035486974,0.012227783801153564,72.62088327621362
p5,美4K5,MBA_1080,1080,13,0.14835840406860268,0.05421355696842082,36.54228913338258
p5,美4K5m4,Thiram_1382,1382,16,0.06318155993886598,0.05621972214273971,88.98121888275234
p5,美4K5m4,MG_1616,1616,16,0.16129662864221408,0.04340377388611078,26.909287721312776
p5,美4K5m4,MBA_1080,1080,16,4.098846071735803,0.5604670556400906,13.67377661495692
p5,美4K5m5,Thiram_1382,1382,15,-0.2569144843088951,0.5640977285248143,219.56633937640694
p5,美4K5m5,MG_1616,1616,15,1.6180768968095927,0.5010356783666589,30.96488673403377
p5,美4K5m5,MBA_1080,1080,15,1.7423693245522343,0.5982227534298568,34.33386624753578
p5,美4K5m6,Thiram_1382,1382,15,6.607464927352817,0.8464965335414056,12.811214934144827
p5,美4K5m6,MG_1616,1616,15,0.039237754837963684,0.10275028314257188,261.86585742963547
p5,美4K5m6,MBA_1080,1080,15,0.22537125807163433,0.06527162267495366,28.96182203242929
p5,美4K6,Thiram_1382,1382,11,5.264673899100736,0.7661985616283973,14.553580645503464
p5,美4K6,MG_1616,1616,11,0.04489629714057675,0.02111176315069552,47.023395013160126
p5,美4K6,MBA_1080,1080,11,0.07039270114379705,0.022855922474651038,32.4691652732026
p5,美4K6m4,Thiram_1382,1382,14,0.48622333680364943,0.1594734962043674,32.79840438196969
p5,美4K6m4,MG_1616,1616,14,0.09207694200941008,0.03823450285626964,41.52451419635781
p5,美4K6m4,MBA_1080,1080,14,4.371844671318412,0.5697078760676366,13.031292712781365
p5,美4K6m5,Thiram_1382,1382,14,7.338076590195006,1.1405190434144723,15.542479413998098
p5,美4K6m5,MG_1616,1616,14,0.1501389399242572,0.07692897765239194,51.23852459009064
p5,美4K6m5,MBA_1080,1080,14,0.6218615748505664,0.06693894968657789,10.764284592220278
p5,美4K6m6,Thiram_1382,1382,13,7.185769297042738,1.1327614394974832,15.763955015417274
p5,美4K6m6,MG_1616,1616,13,0.36997555488673534,0.17138168344472754,46.32243432872058
p5,美4K6m6,MBA_1080,1080,13,0.6733107474140703,0.252266548993552,37.466585816788395
p5,美4m4,Thiram_1382,1382,20,4.27539597349952,0.5452497881561988,12.753199739529578
p5,美4m4,MG_1616,1616,20,0.033562021526499,0.01048818716288716,31.250165174365847
p5,美4m4,MBA_1080,1080,20,3.404477239067762,0.44885402143696035,13.184227413424232
p5,美4m5,Thiram_1382,1382,19,4.89300777842407,1.1495078033185486,23.4928668698904
p5,美4m5,MG_1616,1616,19,0.022358740697455776,0.007971318824656995,35.651913193680265
p5,美4m5,MBA_1080,1080,19,0.3741656785553452,0.04980641319045709,13.311325983387839
p5,美4m6,Thiram_1382,1382,4,4.686306109140395,0.6481747646010878,13.831251085729482
p5,美4m6,MG_1616,1616,4,0.043366500310885715,0.02551569885657332,58.83734835335203
p5,美4m6,MBA_1080,1080,4,0.10814696947519081,0.01755822909697145,16.2355257684769
p5,美5,Thiram_1382,1382,20,6.970622351713702,0.8209539529400007,11.77734083870104
p5,美5,MG_1616,1616,20,0.05835110066024455,0.0425241210753216,72.87629640942471
p5,美5,MBA_1080,1080,20,0.04021037773101534,0.036059873767302776,89.67802791737725
p5,美5K4,Thiram_1382,1382,13,1.1140272815023526,0.5149878349664435,46.22757840112697
p5,美5K4,MG_1616,1616,13,4.743576905849029,1.4320574090037017,30.189400054585708
p5,美5K4,MBA_1080,1080,13,0.015363676443324426,0.009627793432107394,62.665947617575
p5,美5K4m4,Thiram_1382,1382,14,0.08860145014980282,0.23609696891393755,266.4707727861754
p5,美5K4m4,MG_1616,1616,14,0.7500030209142595,1.0135614964417619,135.1409885264492
p5,美5K4m4,MBA_1080,1080,14,2.0166534912757066,1.0726646287563495,53.19032909703277
p5,美5K4m5,Thiram_1382,1382,18,1.306176077224891,0.4228921200410584,32.37634859608954
p5,美5K4m5,MG_1616,1616,18,5.585501066430396,0.6121323192215337,10.959308966934591
p5,美5K4m5,MBA_1080,1080,18,0.13648985008747377,0.048127849676584504,35.261119889676976
p5,美5K4m6,Thiram_1382,1382,14,1.1496441884864683,0.07056895979813087,6.138330494327679
p5,美5K4m6,MG_1616,1616,14,5.351657383343221,0.21543902170246704,4.025650490500583
p5,美5K4m6,MBA_1080,1080,14,0.09977714130167847,0.08718144276109958,87.37616815208655
p5,美5K5,Thiram_1382,1382,14,0.10365471862973563,0.12057934821721886,116.3278911092698
p5,美5K5,MG_1616,1616,14,1.1216829309580838,0.27031683627486447,24.099219914488113
p5,美5K5,MBA_1080,1080,14,0.12593789931940755,0.0692068630252119,54.95316612331871
p5,美5K5m4,Thiram_1382,1382,15,-0.007226434002550629,0.048447769200146346,670.4242947911281
p5,美5K5m4,MG_1616,1616,15,0.41978723169239596,0.08031095319868574,19.131347295844993
p5,美5K5m4,MBA_1080,1080,15,5.700136049164993,0.6118292058565211,10.733589524519285
p5,美5K5m5,Thiram_1382,1382,14,0.7948849295635559,0.25771923518516615,32.42220673710231
p5,美5K5m5,MG_1616,1616,14,3.1620290115350307,0.21431193150144873,6.777671258538182
p5,美5K5m5,MBA_1080,1080,14,1.7123832782433361,0.2558784822483317,14.942827665943279
p5,美5K5m6,Thiram_1382,1382,15,0.6122468367955546,0.27940523242118387,45.63604344345264
p5,美5K5m6,MG_1616,1616,15,3.466544014499972,0.24943184874477592,7.195404059531462
p5,美5K5m6,MBA_1080,1080,15,0.4592884512217758,0.20611379088817525,44.87676324973594
p5,美5K6,Thiram_1382,1382,2,1.773311530278222,1.793602162517948,101.144222653114
p5,美5K6,MG_1616,1616,2,0.2106264911124552,0.1327966336326903,63.048400479590704
p5,美5K6,MBA_1080,1080,2,0.2560035220860638,0.09741578645036839,38.05251804997391
p5,美5K6m4,Thiram_1382,1382,14,0.07508531825200451,0.09990066094279909,133.04952721583768
p5,美5K6m4,MG_1616,1616,14,0.3228048996801724,0.12000520125199841,37.17576820268118
p5,美5K6m4,MBA_1080,1080,14,7.229531663289814,0.3799523992689793,5.255560345607244
p5,美5K6m5,Thiram_1382,1382,13,-0.3874215748311612,0.42984626844398544,110.95052427870415
p5,美5K6m5,MG_1616,1616,13,1.3679474975401338,0.346416438864872,25.323811000627135
p5,美5K6m5,MBA_1080,1080,13,2.3886911978217507,0.5474703268266973,22.919259187873926
p5,美5K6m6,Thiram_1382,1382,19,-0.19037705575092573,0.522793881548195,274.6097104433515
p5,美5K6m6,MG_1616,1616,19,2.3319970487122457,0.6346423286585174,27.214542531645737
p5,美5K6m6,MBA_1080,1080,19,1.7040995044244263,0.6202374077102667,36.39678352701341
p5,美5m4,Thiram_1382,1382,16,0.046392382996752246,0.04578032591466551,98.68069488448225
p5,美5m4,MG_1616,1616,16,0.09505660747474559,0.045215439693602706,47.566856102681164
p5,美5m4,MBA_1080,1080,16,3.1602815234420443,0.8391128476394909,26.55183854397772
p5,美5m5,Thiram_1382,1382,16,0.16949477874960045,0.41921368799067493,247.3313284829803
p5,美5m5,MG_1616,1616,16,0.4310530309162348,0.14036042227790668,32.562216760095694
p5,美5m5,MBA_1080,1080,16,2.8854254023526793,0.580831059340663,20.129824145412766
p5,美5m6,Thiram_1382,1382,20,-0.18903654163038772,0.8674149563260933,458.86099525778457
p5,美5m6,MG_1616,1616,20,1.0486727014102426,0.4634628514530401,44.195186050879435
p5,美5m6,MBA_1080,1080,20,0.9531079593449906,0.40631172369004215,42.63018892101938
p5,美6,Thiram_1382,1382,20,4.375509313382801,2.5555092729572553,58.40484135506355
p5,美6,MG_1616,1616,20,0.7609700127396805,0.4600407979481122,60.45452386380528
p5,美6,MBA_1080,1080,20,0.5151019519071509,0.3820963076284076,74.17877300089944
p5,美6K4,Thiram_1382,1382,12,1.2854526672786084,0.19057611448794481,14.825603411085336
p5,美6K4,MG_1616,1616,12,3.9923308355042075,0.7625954369349687,19.101509077181912
p5,美6K4,MBA_1080,1080,12,0.12233061612312185,0.10107290741375818,82.6227404201345
p5,美6K4m4,Thiram_1382,1382,12,0.5282574728090116,0.4505388629877583,85.28774057696066
p5,美6K4m4,MG_1616,1616,12,1.505637303685042,0.9489256050599971,63.024846869661445
p5,美6K4m4,MBA_1080,1080,12,6.452002263378888,2.5383324120376263,39.3417780778693
p5,美6K4m5,Thiram_1382,1382,12,1.298329473371094,0.059384966778807044,4.573951989598974
p5,美6K4m5,MG_1616,1616,12,4.351303854419578,0.10419221672807709,2.394505651961079
p5,美6K4m5,MBA_1080,1080,12,0.5322649341619643,0.05773801248611945,10.847607794608201
p5,美6K4m6,Thiram_1382,1382,12,0.521735592951749,0.37616430595076517,72.09864748206924
p5,美6K4m6,MG_1616,1616,12,1.4764667028750649,0.7894483837038848,53.468756333388576
p5,美6K4m6,MBA_1080,1080,12,1.7670643289812171,1.2069261335782597,68.30119955361788
p5,美6K5,Thiram_1382,1382,12,0.8585032130153539,0.3231968753472458,37.64655396129141
p5,美6K5,MG_1616,1616,12,3.494270810183872,0.3841318131839186,10.993189539413665
p5,美6K5,MBA_1080,1080,12,0.36982372839104233,0.26494909517220566,71.64199450502947
p5,美6K5m4,Thiram_1382,1382,8,0.39876447626817435,0.31801387487961447,79.74980064817659
p5,美6K5m4,MG_1616,1616,8,1.4599622256290115,0.7551533288876064,51.72416899774619
p5,美6K5m4,MBA_1080,1080,8,3.8618089556530437,2.6703990665238977,69.14891692440868
p5,美6K5m5,Thiram_1382,1382,12,1.3102870317523598,0.1703172380938644,12.99846781403953
p5,美6K5m5,MG_1616,1616,12,3.890506368651677,0.7445108904592046,19.13660639289039
p5,美6K5m5,MBA_1080,1080,12,1.0671958709024063,0.23161523985426039,21.703161169318403
p5,美6K5m6,Thiram_1382,1382,5,0.8449727214056818,0.5113031602833521,60.511203182128426
p5,美6K5m6,MG_1616,1616,5,3.9021206644230033,0.6600580620611172,16.91536779164973
p5,美6K5m6,MBA_1080,1080,5,0.7753101089512029,0.6525159461877051,84.16192935629242
p5,美6K6,Thiram_1382,1382,13,0.41680406866815994,0.6819085819908584,163.60410880100173
p5,美6K6,MG_1616,1616,13,3.1370637102937176,0.5743617216817349,18.308895665620973
p5,美6K6,MBA_1080,1080,13,1.0063321296872747,0.35439451461610333,35.216456293235325
p5,美6K6m4,Thiram_1382,1382,9,0.39820426433374057,0.2887240789488669,72.50652612471353
p5,美6K6m4,MG_1616,1616,9,1.1401451683929524,0.6962449227041647,61.06633979649537
p5,美6K6m4,MBA_1080,1080,9,3.8203381575706743,2.0995560130696336,54.95733431107382
p5,美6K6m5,Thiram_1382,1382,9,0.3307672662819814,0.3087659791665941,93.34840857661197
p5,美6K6m5,MG_1616,1616,9,1.0336026847638855,0.5518999767453955,53.39575688809967
p5,美6K6m5,MBA_1080,1080,9,6.266626381989722,2.0406464160700555,32.56371597219951
p5,美6K6m6,Thiram_1382,1382,14,1.2309022640579645,0.19054072443071116,15.479760659676419
p5,美6K6m6,MG_1616,1616,14,3.616543763077401,0.3419432477945765,9.45497331694416
p5,美6K6m6,MBA_1080,1080,14,0.6628122157783893,0.2866260699761795,43.24393291991056
p5,美6m4,Thiram_1382,1382,12,0.285624915593998,0.363808256611321,127.37273142111204
p5,美6m4,MG_1616,1616,12,0.805299289391402,0.592452397944847,73.56921901577583
p5,美6m4,MBA_1080,1080,12,5.881586670769315,3.51765754983504,59.807969290282145
p5,美6m5,Thiram_1382,1382,12,0.5650533398229655,0.3910836124270583,69.21180442001938
p5,美6m5,MG_1616,1616,12,1.4089158733969507,0.680679576177772,48.31229380194484
p5,美6m5,MBA_1080,1080,12,1.9378410825530754,1.5157912988681375,78.22061945714898
p5,美6m6,Thiram_1382,1382,15,0.24802276756195382,0.5575348969156847,224.79182149131432
p5,美6m6,MG_1616,1616,15,1.9142813660098013,0.4209017101458738,21.98745271303648
p5,美6m6,MBA_1080,1080,15,1.514192324805795,0.418034650554121,27.607764463324475
