trial_id,trial_order,phase,model_family,preprocess,task_scope,params_json,mean_f1_all,mean_f1_g2,fold_stats,status,notes,duration_sec,relative_dir
rf_coarse_01,1,coarse,RF,p2,P1-P3+G1-G3,"{""class_weight"": ""balanced"", ""max_depth"": null, ""max_features"": ""sqrt"", ""min_samples_leaf"": 1, ""n_estimators"": 400, ""n_jobs"": -1, ""random_state"": 42}",0.6754856721116526,0.4051661236307298,"{""G1_thiram_molar_grade"": {""f1_mean"": 0.7853125655817518, ""f1_std"": 0.1437494757888517, ""task_name"": ""Thiram Positive Molar Grade""}, ""G2_mg_molar_grade"": {""f1_mean"": 0.4051661236307298, ""f1_std"": 0.1052764236588436, ""task_name"": ""MG Positive Molar Grade""}, ""G3_mba_molar_grade"": {""f1_mean"": 0.6328127525800685, ""f1_std"": 0.1556607746748805, ""task_name"": ""MBA Positive Molar Grade""}, ""P1_thiram_presence"": {""f1_mean"": 0.7950262021838442, ""f1_std"": 0.0932346180429158, ""task_name"": ""Thiram Presence""}, ""P2_mg_presence"": {""f1_mean"": 0.6231048947350459, ""f1_std"": 0.0911314524805321, ""task_name"": ""MG Presence""}, ""P3_mba_presence"": {""f1_mean"": 0.811491493958475, ""f1_std"": 0.1126969751321062, ""task_name"": ""MBA Presence""}}",completed,RF coarse anchor on p2 using optimization-profile defaults.,32.38,trials/rf_coarse_01
rf_coarse_02,2,coarse,RF,p4,P1-P3+G1-G3,"{""class_weight"": ""balanced"", ""max_depth"": null, ""max_features"": ""sqrt"", ""min_samples_leaf"": 1, ""n_estimators"": 400, ""n_jobs"": -1, ""random_state"": 42}",0.7397171789892205,0.4829104311335263,"{""G1_thiram_molar_grade"": {""f1_mean"": 0.771569525009385, ""f1_std"": 0.1285425780735465, ""task_name"": ""Thiram Positive Molar Grade""}, ""G2_mg_molar_grade"": {""f1_mean"": 0.4829104311335263, ""f1_std"": 0.1041982800764794, ""task_name"": ""MG Positive Molar Grade""}, ""G3_mba_molar_grade"": {""f1_mean"": 0.7462205636405168, ""f1_std"": 0.1344748281538697, ""task_name"": ""MBA Positive Molar Grade""}, ""P1_thiram_presence"": {""f1_mean"": 0.8171811488862085, ""f1_std"": 0.0808301264272338, ""task_name"": ""Thiram Presence""}, ""P2_mg_presence"": {""f1_mean"": 0.7673833043125995, ""f1_std"": 0.093802059894683, ""task_name"": ""MG Presence""}, ""P3_mba_presence"": {""f1_mean"": 0.8530381009530871, ""f1_std"": 0.1171270871097259, ""task_name"": ""MBA Presence""}}",completed,RF coarse anchor on p4 using optimization-profile defaults.,31.93,trials/rf_coarse_02
rf_coarse_03,3,coarse,RF,p2,P1-P3+G1-G3,"{""class_weight"": ""balanced"", ""max_depth"": 20, ""max_features"": 0.5, ""min_samples_leaf"": 1, ""n_estimators"": 600, ""n_jobs"": -1, ""random_state"": 42}",0.6817586520366031,0.4127218599951547,"{""G1_thiram_molar_grade"": {""f1_mean"": 0.804350511627753, ""f1_std"": 0.1119177690944183, ""task_name"": ""Thiram Positive Molar Grade""}, ""G2_mg_molar_grade"": {""f1_mean"": 0.4127218599951547, ""f1_std"": 0.1222429296533371, ""task_name"": ""MG Positive Molar Grade""}, ""G3_mba_molar_grade"": {""f1_mean"": 0.6505711389053177, ""f1_std"": 0.1728625268299033, ""task_name"": ""MBA Positive Molar Grade""}, ""P1_thiram_presence"": {""f1_mean"": 0.7701396736069307, ""f1_std"": 0.0714442142133604, ""task_name"": ""Thiram Presence""}, ""P2_mg_presence"": {""f1_mean"": 0.6301024336922246, ""f1_std"": 0.0495554068833018, ""task_name"": ""MG Presence""}, ""P3_mba_presence"": {""f1_mean"": 0.8226662943922379, ""f1_std"": 0.0804267378091278, ""task_name"": ""MBA Presence""}}",completed,RF coarse high-capacity p2 trial.,248.38,trials/rf_coarse_03
rf_coarse_04,4,coarse,RF,p4,P1-P3+G1-G3,"{""class_weight"": ""balanced"", ""max_depth"": 20, ""max_features"": 0.5, ""min_samples_leaf"": 1, ""n_estimators"": 600, ""n_jobs"": -1, ""random_state"": 42}",0.7557332778411471,0.4774221854600706,"{""G1_thiram_molar_grade"": {""f1_mean"": 0.7844855646681661, ""f1_std"": 0.1235838558074176, ""task_name"": ""Thiram Positive Molar Grade""}, ""G2_mg_molar_grade"": {""f1_mean"": 0.4774221854600706, ""f1_std"": 0.0987577156137438, ""task_name"": ""MG Positive Molar Grade""}, ""G3_mba_molar_grade"": {""f1_mean"": 0.7819994521908473, ""f1_std"": 0.0743018347122928, ""task_name"": ""MBA Positive Molar Grade""}, ""P1_thiram_presence"": {""f1_mean"": 0.8128080903795883, ""f1_std"": 0.1411110132293137, ""task_name"": ""Thiram Presence""}, ""P2_mg_presence"": {""f1_mean"": 0.7944587849984136, ""f1_std"": 0.0770047868997407, ""task_name"": ""MG Presence""}, ""P3_mba_presence"": {""f1_mean"": 0.8832255893497969, ""f1_std"": 0.0673059924333254, ""task_name"": ""MBA Presence""}}",completed,RF coarse high-capacity p4 trial.,238.22,trials/rf_coarse_04
rf_coarse_05,5,coarse,RF,p2,P1-P3+G1-G3,"{""class_weight"": ""balanced_subsample"", ""max_depth"": 12, ""max_features"": ""sqrt"", ""min_samples_leaf"": 2, ""n_estimators"": 300, ""n_jobs"": -1, ""random_state"": 42}",0.688031671545104,0.4188620819139702,"{""G1_thiram_molar_grade"": {""f1_mean"": 0.7946444872100159, ""f1_std"": 0.1490244244431875, ""task_name"": ""Thiram Positive Molar Grade""}, ""G2_mg_molar_grade"": {""f1_mean"": 0.4188620819139702, ""f1_std"": 0.1264987641695294, ""task_name"": ""MG Positive Molar Grade""}, ""G3_mba_molar_grade"": {""f1_mean"": 0.6270365049067785, ""f1_std"": 0.1601436476940352, ""task_name"": ""MBA Positive Molar Grade""}, ""P1_thiram_presence"": {""f1_mean"": 0.804985719939347, ""f1_std"": 0.1296092712147607, ""task_name"": ""Thiram Presence""}, ""P2_mg_presence"": {""f1_mean"": 0.6423610061995467, ""f1_std"": 0.1059040306824833, ""task_name"": ""MG Presence""}, ""P3_mba_presence"": {""f1_mean"": 0.840300229100966, ""f1_std"": 0.1219524917963221, ""task_name"": ""MBA Presence""}}",completed,RF coarse conservative p2 trial.,33.96,trials/rf_coarse_05
rf_coarse_06,6,coarse,RF,p4,P1-P3+G1-G3,"{""class_weight"": ""balanced_subsample"", ""max_depth"": 12, ""max_features"": ""sqrt"", ""min_samples_leaf"": 2, ""n_estimators"": 300, ""n_jobs"": -1, ""random_state"": 42}",0.7502887092532003,0.4812954653385681,"{""G1_thiram_molar_grade"": {""f1_mean"": 0.7782528835403462, ""f1_std"": 0.1300905265800474, ""task_name"": ""Thiram Positive Molar Grade""}, ""G2_mg_molar_grade"": {""f1_mean"": 0.4812954653385681, ""f1_std"": 0.1064245758204602, ""task_name"": ""MG Positive Molar Grade""}, ""G3_mba_molar_grade"": {""f1_mean"": 0.7430878024285347, ""f1_std"": 0.1387594327479618, ""task_name"": ""MBA Positive Molar Grade""}, ""P1_thiram_presence"": {""f1_mean"": 0.8324254750171198, ""f1_std"": 0.0802310384356841, ""task_name"": ""Thiram Presence""}, ""P2_mg_presence"": {""f1_mean"": 0.802752316640302, ""f1_std"": 0.0701505369910653, ""task_name"": ""MG Presence""}, ""P3_mba_presence"": {""f1_mean"": 0.8639183125543312, ""f1_std"": 0.1046443044927245, ""task_name"": ""MBA Presence""}}",completed,RF coarse conservative p4 trial.,34.03,trials/rf_coarse_06
rf_coarse_07,7,coarse,RF,p2,P1-P3+G1-G3,"{""class_weight"": ""balanced"", ""max_depth"": 28, ""max_features"": 0.25, ""min_samples_leaf"": 4, ""n_estimators"": 800, ""n_jobs"": -1, ""random_state"": 42}",0.69996381439001,0.4321435973895221,"{""G1_thiram_molar_grade"": {""f1_mean"": 0.8047981663678956, ""f1_std"": 0.1213230186815325, ""task_name"": ""Thiram Positive Molar Grade""}, ""G2_mg_molar_grade"": {""f1_mean"": 0.4321435973895221, ""f1_std"": 0.1283088312542941, ""task_name"": ""MG Positive Molar Grade""}, ""G3_mba_molar_grade"": {""f1_mean"": 0.6545165369266771, ""f1_std"": 0.1727419849509541, ""task_name"": ""MBA Positive Molar Grade""}, ""P1_thiram_presence"": {""f1_mean"": 0.8082687630606002, ""f1_std"": 0.1153919040210587, ""task_name"": ""Thiram Presence""}, ""P2_mg_presence"": {""f1_mean"": 0.649045617314019, ""f1_std"": 0.0744567403168148, ""task_name"": ""MG Presence""}, ""P3_mba_presence"": {""f1_mean"": 0.8510102052813456, ""f1_std"": 0.0585107706947335, ""task_name"": ""MBA Presence""}}",completed,RF coarse deep p2 trial with lower feature fraction.,168.06,trials/rf_coarse_07
rf_coarse_08,8,coarse,RF,p4,P1-P3+G1-G3,"{""class_weight"": ""balanced_subsample"", ""max_depth"": 28, ""max_features"": 0.25, ""min_samples_leaf"": 6, ""n_estimators"": 800, ""n_jobs"": -1, ""random_state"": 42}",0.7675537092403149,0.4938579034426762,"{""G1_thiram_molar_grade"": {""f1_mean"": 0.7915794412277645, ""f1_std"": 0.1161411640010923, ""task_name"": ""Thiram Positive Molar Grade""}, ""G2_mg_molar_grade"": {""f1_mean"": 0.4938579034426762, ""f1_std"": 0.1024874615741557, ""task_name"": ""MG Positive Molar Grade""}, ""G3_mba_molar_grade"": {""f1_mean"": 0.7959168296013951, ""f1_std"": 0.077288807227098, ""task_name"": ""MBA Positive Molar Grade""}, ""P1_thiram_presence"": {""f1_mean"": 0.8520202980320077, ""f1_std"": 0.0972246403490024, ""task_name"": ""Thiram Presence""}, ""P2_mg_presence"": {""f1_mean"": 0.80167476647435, ""f1_std"": 0.084862216613915, ""task_name"": ""MG Presence""}, ""P3_mba_presence"": {""f1_mean"": 0.8702730166636954, ""f1_std"": 0.0794806425847134, ""task_name"": ""MBA Presence""}}",completed,RF coarse deep p4 trial with stronger regularization.,162.03,trials/rf_coarse_08
skan_coarse_01,9,coarse,Spectrum-KAN,p4,P1-P3+G1-G3,"{""aug_enabled"": false, ""batch_size"": 64, ""focal_gamma"": 1.5, ""label_smoothing"": 0.02, ""lr"": 0.0002, ""mixup_enabled"": false, ""optimizer"": ""adamw"", ""patience"": 30, ""scheduler"": ""step"", ""step_gamma"": 0.7, ""step_size"": 40, ""use_class_weight"": false, ""weight_decay"": 0.0003}",0.6023685071276706,0.3038166451478613,"{""G1_thiram_molar_grade"": {""f1_mean"": 0.6163772557366298, ""f1_std"": 0.1241093876967545, ""task_name"": ""Thiram Positive Molar Grade""}, ""G2_mg_molar_grade"": {""f1_mean"": 0.3038166451478613, ""f1_std"": 0.1184534410761526, ""task_name"": ""MG Positive Molar Grade""}, ""G3_mba_molar_grade"": {""f1_mean"": 0.6782942698154018, ""f1_std"": 0.0988055176876226, ""task_name"": ""MBA Positive Molar Grade""}, ""P1_thiram_presence"": {""f1_mean"": 0.6103725088420029, ""f1_std"": 0.1699128868406529, ""task_name"": ""Thiram Presence""}, ""P2_mg_presence"": {""f1_mean"": 0.5884199260916199, ""f1_std"": 0.1990206166693328, ""task_name"": ""MG Presence""}, ""P3_mba_presence"": {""f1_mean"": 0.8169304371325085, ""f1_std"": 0.0802999255792654, ""task_name"": ""MBA Presence""}}",archived,Spectrum-KAN primary p4 anchor mirroring the strongest G2 screening config.,555.25,trials/skan_coarse_01
skan_coarse_02,10,coarse,Spectrum-KAN,p1,P1-P3+G1-G3,"{""aug_enabled"": false, ""batch_size"": 64, ""focal_gamma"": 1.5, ""label_smoothing"": 0.02, ""lr"": 0.0002, ""mixup_enabled"": false, ""optimizer"": ""adamw"", ""patience"": 30, ""scheduler"": ""step"", ""step_gamma"": 0.7, ""step_size"": 40, ""use_class_weight"": false, ""weight_decay"": 0.0003}",0.592615188263882,0.3460376559488174,"{""G1_thiram_molar_grade"": {""f1_mean"": 0.5720009539028723, ""f1_std"": 0.2955958136648368, ""task_name"": ""Thiram Positive Molar Grade""}, ""G2_mg_molar_grade"": {""f1_mean"": 0.3460376559488174, ""f1_std"": 0.0688633402712956, ""task_name"": ""MG Positive Molar Grade""}, ""G3_mba_molar_grade"": {""f1_mean"": 0.6022532733097254, ""f1_std"": 0.17487526530033, ""task_name"": ""MBA Positive Molar Grade""}, ""P1_thiram_presence"": {""f1_mean"": 0.6827074666810884, ""f1_std"": 0.2147115584859153, ""task_name"": ""Thiram Presence""}, ""P2_mg_presence"": {""f1_mean"": 0.561381495901698, ""f1_std"": 0.127618228733934, ""task_name"": ""MG Presence""}, ""P3_mba_presence"": {""f1_mean"": 0.7913102838390912, ""f1_std"": 0.0544411506310652, ""task_name"": ""MBA Presence""}}",archived,Spectrum-KAN secondary p1 anchor kept as the overall-mean reference branch.,455.97,trials/skan_coarse_02
skan_coarse_03,11,coarse,Spectrum-KAN,p4,P1-P3+G1-G3,"{""aug_enabled"": false, ""batch_size"": 64, ""focal_gamma"": 1.5, ""label_smoothing"": 0.02, ""lr"": 0.0001, ""mixup_enabled"": false, ""optimizer"": ""adamw"", ""patience"": 30, ""scheduler"": ""step"", ""step_gamma"": 0.7, ""step_size"": 40, ""use_class_weight"": false, ""weight_decay"": 0.0003}",0.5724504610878154,0.371591981133981,"{""G1_thiram_molar_grade"": {""f1_mean"": 0.534988416832413, ""f1_std"": 0.2448448474691089, ""task_name"": ""Thiram Positive Molar Grade""}, ""G2_mg_molar_grade"": {""f1_mean"": 0.371591981133981, ""f1_std"": 0.2362892278746897, ""task_name"": ""MG Positive Molar Grade""}, ""G3_mba_molar_grade"": {""f1_mean"": 0.6412610445315506, ""f1_std"": 0.1628749779341735, ""task_name"": ""MBA Positive Molar Grade""}, ""P1_thiram_presence"": {""f1_mean"": 0.5415380578846948, ""f1_std"": 0.0923418179019432, ""task_name"": ""Thiram Presence""}, ""P2_mg_presence"": {""f1_mean"": 0.5749896503553049, ""f1_std"": 0.1738021321086628, ""task_name"": ""MG Presence""}, ""P3_mba_presence"": {""f1_mean"": 0.7703336157889478, ""f1_std"": 0.1750428975741259, ""task_name"": ""MBA Presence""}}",archived,Spectrum-KAN p4 low-lr neighbor around the strong step-scheduler anchor.,614.48,trials/skan_coarse_03
skan_coarse_04,12,coarse,Spectrum-KAN,p4,P1-P3+G1-G3,"{""aug_enabled"": false, ""batch_size"": 64, ""focal_gamma"": 1.5, ""label_smoothing"": 0.02, ""lr"": 0.0002, ""mixup_enabled"": false, ""optimizer"": ""adamw"", ""patience"": 30, ""scheduler"": ""step"", ""step_gamma"": 0.7, ""step_size"": 40, ""use_class_weight"": false, ""weight_decay"": 0.0001}",0.5947503223103779,0.3115918237340199,"{""G1_thiram_molar_grade"": {""f1_mean"": 0.6406845879724156, ""f1_std"": 0.182502309964667, ""task_name"": ""Thiram Positive Molar Grade""}, ""G2_mg_molar_grade"": {""f1_mean"": 0.3115918237340199, ""f1_std"": 0.1220929869076998, ""task_name"": ""MG Positive Molar Grade""}, ""G3_mba_molar_grade"": {""f1_mean"": 0.616864227848494, ""f1_std"": 0.1188475180108684, ""task_name"": ""MBA Positive Molar Grade""}, ""P1_thiram_presence"": {""f1_mean"": 0.5755420356548075, ""f1_std"": 0.1308497465156394, ""task_name"": ""Thiram Presence""}, ""P2_mg_presence"": {""f1_mean"": 0.5949172946296628, ""f1_std"": 0.1912000452241165, ""task_name"": ""MG Presence""}, ""P3_mba_presence"": {""f1_mean"": 0.8289019640228681, ""f1_std"": 0.0800073238057713, ""task_name"": ""MBA Presence""}}",archived,Spectrum-KAN p4 lighter weight decay trial while preserving the anchor recipe.,565.73,trials/skan_coarse_04
skan_coarse_05,13,coarse,Spectrum-KAN,p4,P1-P3+G1-G3,"{""aug_enabled"": false, ""batch_size"": 32, ""focal_gamma"": 1.5, ""label_smoothing"": 0.02, ""lr"": 0.0002, ""mixup_enabled"": false, ""optimizer"": ""adamw"", ""patience"": 30, ""scheduler"": ""step"", ""step_gamma"": 0.7, ""step_size"": 40, ""use_class_weight"": false, ""weight_decay"": 0.0003}",0.5879697917866052,0.353377973334614,"{""G1_thiram_molar_grade"": {""f1_mean"": 0.5364305397467184, ""f1_std"": 0.2109316101383126, ""task_name"": ""Thiram Positive Molar Grade""}, ""G2_mg_molar_grade"": {""f1_mean"": 0.353377973334614, ""f1_std"": 0.0944289345826868, ""task_name"": ""MG Positive Molar Grade""}, ""G3_mba_molar_grade"": {""f1_mean"": 0.66948638221144, ""f1_std"": 0.1344414313711882, ""task_name"": ""MBA Positive Molar Grade""}, ""P1_thiram_presence"": {""f1_mean"": 0.6418320631158007, ""f1_std"": 0.2270096535486961, ""task_name"": ""Thiram Presence""}, ""P2_mg_presence"": {""f1_mean"": 0.5607629833210022, ""f1_std"": 0.1922662722713855, ""task_name"": ""MG Presence""}, ""P3_mba_presence"": {""f1_mean"": 0.7659288089900566, ""f1_std"": 0.1842776139212334, ""task_name"": ""MBA Presence""}}",archived,Spectrum-KAN p4 smaller-batch trial to test whether harder examples benefit from noisier updates.,947.44,trials/skan_coarse_05
skan_coarse_06,14,coarse,Spectrum-KAN,p4,P1-P3+G1-G3,"{""aug_enabled"": false, ""batch_size"": 96, ""focal_gamma"": 1.5, ""label_smoothing"": 0.02, ""lr"": 0.0002, ""mixup_enabled"": false, ""optimizer"": ""adamw"", ""patience"": 30, ""scheduler"": ""step"", ""step_gamma"": 0.7, ""step_size"": 40, ""use_class_weight"": false, ""weight_decay"": 0.0003}",0.6104924650212021,0.39113253909379,"{""G1_thiram_molar_grade"": {""f1_mean"": 0.624866206725748, ""f1_std"": 0.2477046300664329, ""task_name"": ""Thiram Positive Molar Grade""}, ""G2_mg_molar_grade"": {""f1_mean"": 0.39113253909379, ""f1_std"": 0.2283694005952629, ""task_name"": ""MG Positive Molar Grade""}, ""G3_mba_molar_grade"": {""f1_mean"": 0.6200552530015969, ""f1_std"": 0.1860896044013529, ""task_name"": ""MBA Positive Molar Grade""}, ""P1_thiram_presence"": {""f1_mean"": 0.6078999534750814, ""f1_std"": 0.1611468489307406, ""task_name"": ""Thiram Presence""}, ""P2_mg_presence"": {""f1_mean"": 0.5902348003172101, ""f1_std"": 0.1600403785190316, ""task_name"": ""MG Presence""}, ""P3_mba_presence"": {""f1_mean"": 0.828766037513787, ""f1_std"": 0.0563242645607459, ""task_name"": ""MBA Presence""}}",archived,Spectrum-KAN p4 larger-batch trial to test whether smoother optimization helps grouped stability.,437.72,trials/skan_coarse_06
skan_coarse_07,15,coarse,Spectrum-KAN,p4,P1-P3+G1-G3,"{""aug_enabled"": false, ""batch_size"": 64, ""focal_gamma"": 1.5, ""label_smoothing"": 0.0, ""lr"": 0.0002, ""mixup_enabled"": false, ""optimizer"": ""adamw"", ""patience"": 30, ""scheduler"": ""step"", ""step_gamma"": 0.7, ""step_size"": 40, ""use_class_weight"": false, ""weight_decay"": 0.0003}",0.6030652631233506,0.3351925125493137,"{""G1_thiram_molar_grade"": {""f1_mean"": 0.6159740832261391, ""f1_std"": 0.1144764258470474, ""task_name"": ""Thiram Positive Molar Grade""}, ""G2_mg_molar_grade"": {""f1_mean"": 0.3351925125493137, ""f1_std"": 0.1683212742088308, ""task_name"": ""MG Positive Molar Grade""}, ""G3_mba_molar_grade"": {""f1_mean"": 0.58311777269015, ""f1_std"": 0.1232955557691696, ""task_name"": ""MBA Positive Molar Grade""}, ""P1_thiram_presence"": {""f1_mean"": 0.6404355012648137, ""f1_std"": 0.1472638864852413, ""task_name"": ""Thiram Presence""}, ""P2_mg_presence"": {""f1_mean"": 0.6147958307513617, ""f1_std"": 0.2137130656886794, ""task_name"": ""MG Presence""}, ""P3_mba_presence"": {""f1_mean"": 0.8288758782583256, ""f1_std"": 0.0776483687978064, ""task_name"": ""MBA Presence""}}",archived,Spectrum-KAN p4 lower-smoothing trial to reduce under-confidence on the hardest slice.,588.11,trials/skan_coarse_07
skan_coarse_08,16,coarse,Spectrum-KAN,p1,P1-P3+G1-G3,"{""aug_enabled"": false, ""batch_size"": 64, ""focal_gamma"": 1.5, ""label_smoothing"": 0.02, ""lr"": 0.0002, ""mixup_enabled"": false, ""optimizer"": ""adamw"", ""patience"": 30, ""scheduler"": ""step"", ""step_gamma"": 0.7, ""step_size"": 40, ""use_class_weight"": false, ""weight_decay"": 0.0001}",0.6038302468519331,0.3496180018703755,"{""G1_thiram_molar_grade"": {""f1_mean"": 0.581850728642294, ""f1_std"": 0.285280585310277, ""task_name"": ""Thiram Positive Molar Grade""}, ""G2_mg_molar_grade"": {""f1_mean"": 0.3496180018703755, ""f1_std"": 0.1018561828686657, ""task_name"": ""MG Positive Molar Grade""}, ""G3_mba_molar_grade"": {""f1_mean"": 0.5821391928718489, ""f1_std"": 0.1862550811378375, ""task_name"": ""MBA Positive Molar Grade""}, ""P1_thiram_presence"": {""f1_mean"": 0.6775339978668741, ""f1_std"": 0.2101751917453452, ""task_name"": ""Thiram Presence""}, ""P2_mg_presence"": {""f1_mean"": 0.5908949549087492, ""f1_std"": 0.1134497411793827, ""task_name"": ""MG Presence""}, ""P3_mba_presence"": {""f1_mean"": 0.8409446049514571, ""f1_std"": 0.0733061914468273, ""task_name"": ""MBA Presence""}}",archived,Spectrum-KAN p1 lighter-regularization safety trial after removing cosine and class-weight detours.,426.92,trials/skan_coarse_08
skan_anchor_repro_01,101,anchor_repro,Spectrum-KAN,p4,P1-P3+G1-G3,"{""aug_enabled"": true, ""aug_n"": 4, ""batch_size"": 128, ""epochs"": 200, ""focal_gamma"": 2.0, ""label_smoothing"": 0.1, ""lr"": 0.0003, ""mixup_alpha"": 0.3, ""mixup_enabled"": true, ""optimizer"": ""adam"", ""patience"": 20, ""scheduler"": ""cosine"", ""use_class_weight"": true, ""val_frac"": 0.15, ""weight_decay"": 0.0001}",0.6762920961782264,0.5546015196818799,"{""G1_thiram_molar_grade"": {""f1_mean"": 0.6537184021436825, ""f1_std"": 0.0844184423859846, ""task_name"": ""Thiram Positive Molar Grade""}, ""G2_mg_molar_grade"": {""f1_mean"": 0.5546015196818799, ""f1_std"": 0.2250480214095854, ""task_name"": ""MG Positive Molar Grade""}, ""G3_mba_molar_grade"": {""f1_mean"": 0.6347328041544994, ""f1_std"": 0.1295315326940257, ""task_name"": ""MBA Positive Molar Grade""}, ""P1_thiram_presence"": {""f1_mean"": 0.7413251667390734, ""f1_std"": 0.1729743513086938, ""task_name"": ""Thiram Presence""}, ""P2_mg_presence"": {""f1_mean"": 0.6098446154818651, ""f1_std"": 0.1899274007197713, ""task_name"": ""MG Presence""}, ""P3_mba_presence"": {""f1_mean"": 0.8635300688683584, ""f1_std"": 0.0830197713827777, ""task_name"": ""MBA Presence""}}",completed,Spectrum-KAN exact p4 reproduction of the stage-01 screening-default strongest G2 anchor.,848.42,trials/skan_anchor_repro_01
skan_anchor_repro_02,102,anchor_repro,Spectrum-KAN,p1,P1-P3+G1-G3,"{""aug_enabled"": true, ""aug_n"": 4, ""batch_size"": 128, ""epochs"": 200, ""focal_gamma"": 2.0, ""label_smoothing"": 0.1, ""lr"": 0.0003, ""mixup_alpha"": 0.3, ""mixup_enabled"": true, ""optimizer"": ""adam"", ""patience"": 20, ""scheduler"": ""cosine"", ""use_class_weight"": true, ""val_frac"": 0.15, ""weight_decay"": 0.0001}",0.6920977153794335,0.4017997995281288,"{""G1_thiram_molar_grade"": {""f1_mean"": 0.656604229921695, ""f1_std"": 0.1258414625170561, ""task_name"": ""Thiram Positive Molar Grade""}, ""G2_mg_molar_grade"": {""f1_mean"": 0.4017997995281288, ""f1_std"": 0.0747581117279143, ""task_name"": ""MG Positive Molar Grade""}, ""G3_mba_molar_grade"": {""f1_mean"": 0.6866062907514248, ""f1_std"": 0.2065537283617545, ""task_name"": ""MBA Positive Molar Grade""}, ""P1_thiram_presence"": {""f1_mean"": 0.8976128714008033, ""f1_std"": 0.1079913528916873, ""task_name"": ""Thiram Presence""}, ""P2_mg_presence"": {""f1_mean"": 0.6596804006940739, ""f1_std"": 0.1616758542037253, ""task_name"": ""MG Presence""}, ""P3_mba_presence"": {""f1_mean"": 0.8502826999804756, ""f1_std"": 0.0726700629538515, ""task_name"": ""MBA Presence""}}",completed,Spectrum-KAN exact p1 reproduction of the stage-01 screening-default reference branch.,850.97,trials/skan_anchor_repro_02
rf_nsga_best_01,200,nsga_refine,RF,p4,P1-P3+G1-G3,"{""class_weight"": ""balanced_subsample"", ""max_depth"": 30, ""max_features"": 0.17462802355441434, ""min_samples_leaf"": 7, ""n_estimators"": 800, ""n_jobs"": -1, ""random_state"": 42}",0.7693353939478342,0.504595946713747,"{""G1_thiram_molar_grade"": {""f1_mean"": 0.7841086384664172, ""f1_std"": 0.1186914903484426, ""task_name"": ""Thiram Positive Molar Grade""}, ""G2_mg_molar_grade"": {""f1_mean"": 0.504595946713747, ""f1_std"": 0.0977966544294588, ""task_name"": ""MG Positive Molar Grade""}, ""G3_mba_molar_grade"": {""f1_mean"": 0.7916146805865121, ""f1_std"": 0.0801224635954474, ""task_name"": ""MBA Positive Molar Grade""}, ""P1_thiram_presence"": {""f1_mean"": 0.8557566729706968, ""f1_std"": 0.0903808199384294, ""task_name"": ""Thiram Presence""}, ""P2_mg_presence"": {""f1_mean"": 0.8159413075926091, ""f1_std"": 0.0873493215284385, ""task_name"": ""MG Presence""}, ""P3_mba_presence"": {""f1_mean"": 0.8639951173570225, ""f1_std"": 0.0794541494027791, ""task_name"": ""MBA Presence""}}",completed,NSGA-II Pareto trial #1,88.790503,trials/rf_nsga_best_01
rf_nsga_best_02,201,nsga_refine,RF,p4,P1-P3+G1-G3,"{""class_weight"": ""balanced_subsample"", ""max_depth"": 16, ""max_features"": 0.17462802355441434, ""min_samples_leaf"": 7, ""n_estimators"": 800, ""n_jobs"": -1, ""random_state"": 42}",0.7693353939478342,0.504595946713747,"{""G1_thiram_molar_grade"": {""f1_mean"": 0.7841086384664172, ""f1_std"": 0.1186914903484426, ""task_name"": ""Thiram Positive Molar Grade""}, ""G2_mg_molar_grade"": {""f1_mean"": 0.504595946713747, ""f1_std"": 0.0977966544294588, ""task_name"": ""MG Positive Molar Grade""}, ""G3_mba_molar_grade"": {""f1_mean"": 0.7916146805865121, ""f1_std"": 0.0801224635954474, ""task_name"": ""MBA Positive Molar Grade""}, ""P1_thiram_presence"": {""f1_mean"": 0.8557566729706968, ""f1_std"": 0.0903808199384294, ""task_name"": ""Thiram Presence""}, ""P2_mg_presence"": {""f1_mean"": 0.8159413075926091, ""f1_std"": 0.0873493215284385, ""task_name"": ""MG Presence""}, ""P3_mba_presence"": {""f1_mean"": 0.8639951173570225, ""f1_std"": 0.0794541494027791, ""task_name"": ""MBA Presence""}}",completed,NSGA-II Pareto trial #2,88.929904,trials/rf_nsga_best_02
rf_nsga_best_03,202,nsga_refine,RF,p4,P1-P3+G1-G3,"{""class_weight"": ""balanced_subsample"", ""max_depth"": 10, ""max_features"": 0.2114585856946446, ""min_samples_leaf"": 8, ""n_estimators"": 800, ""n_jobs"": -1, ""random_state"": 42}",0.7701768888495728,0.5022453295399576,"{""G1_thiram_molar_grade"": {""f1_mean"": 0.7913939359154403, ""f1_std"": 0.1163821532776005, ""task_name"": ""Thiram Positive Molar Grade""}, ""G2_mg_molar_grade"": {""f1_mean"": 0.5022453295399576, ""f1_std"": 0.1035111562137123, ""task_name"": ""MG Positive Molar Grade""}, ""G3_mba_molar_grade"": {""f1_mean"": 0.7971842327733707, ""f1_std"": 0.0751654698438937, ""task_name"": ""MBA Positive Molar Grade""}, ""P1_thiram_presence"": {""f1_mean"": 0.8477227031947997, ""f1_std"": 0.1047832562046448, ""task_name"": ""Thiram Presence""}, ""P2_mg_presence"": {""f1_mean"": 0.8118555380339665, ""f1_std"": 0.0952974238351131, ""task_name"": ""MG Presence""}, ""P3_mba_presence"": {""f1_mean"": 0.8706595936399015, ""f1_std"": 0.079113207700971, ""task_name"": ""MBA Presence""}}",completed,NSGA-II Pareto trial #3,87.970999,trials/rf_nsga_best_03
rf_nsga_best_04,203,nsga_refine,RF,p4,P1-P3+G1-G3,"{""class_weight"": ""balanced_subsample"", ""max_depth"": 22, ""max_features"": 0.19971689165954998, ""min_samples_leaf"": 7, ""n_estimators"": 700, ""n_jobs"": -1, ""random_state"": 42}",0.7704168691718397,0.5012139419445862,"{""G1_thiram_molar_grade"": {""f1_mean"": 0.7882861214758838, ""f1_std"": 0.1205601876697586, ""task_name"": ""Thiram Positive Molar Grade""}, ""G2_mg_molar_grade"": {""f1_mean"": 0.5012139419445862, ""f1_std"": 0.0973123912973509, ""task_name"": ""MG Positive Molar Grade""}, ""G3_mba_molar_grade"": {""f1_mean"": 0.7984520715802629, ""f1_std"": 0.0750099033584769, ""task_name"": ""MBA Positive Molar Grade""}, ""P1_thiram_presence"": {""f1_mean"": 0.8498609220926809, ""f1_std"": 0.104308706857567, ""task_name"": ""Thiram Presence""}, ""P2_mg_presence"": {""f1_mean"": 0.8122545688714, ""f1_std"": 0.0879808100270227, ""task_name"": ""MG Presence""}, ""P3_mba_presence"": {""f1_mean"": 0.8724335890662246, ""f1_std"": 0.075856075111691, ""task_name"": ""MBA Presence""}}",completed,NSGA-II Pareto trial #4,78.010591,trials/rf_nsga_best_04
rf_nsga_best_05,204,nsga_refine,RF,p4,P1-P3+G1-G3,"{""class_weight"": ""balanced_subsample"", ""max_depth"": 11, ""max_features"": 0.17462802355441434, ""min_samples_leaf"": 5, ""n_estimators"": 600, ""n_jobs"": -1, ""random_state"": 42}",0.7700786436351343,0.5034842168895937,"{""G1_thiram_molar_grade"": {""f1_mean"": 0.7870925789099669, ""f1_std"": 0.1235018874405548, ""task_name"": ""Thiram Positive Molar Grade""}, ""G2_mg_molar_grade"": {""f1_mean"": 0.5034842168895937, ""f1_std"": 0.0983706033158944, ""task_name"": ""MG Positive Molar Grade""}, ""G3_mba_molar_grade"": {""f1_mean"": 0.7841564037839858, ""f1_std"": 0.0816933436262613, ""task_name"": ""MBA Positive Molar Grade""}, ""P1_thiram_presence"": {""f1_mean"": 0.8572391808332934, ""f1_std"": 0.0858215622620931, ""task_name"": ""Thiram Presence""}, ""P2_mg_presence"": {""f1_mean"": 0.816246978957289, ""f1_std"": 0.0818324015790822, ""task_name"": ""MG Presence""}, ""P3_mba_presence"": {""f1_mean"": 0.8722525024366771, ""f1_std"": 0.0751879296174422, ""task_name"": ""MBA Presence""}}",completed,NSGA-II Pareto trial #5,67.480373,trials/rf_nsga_best_05
rf_nsga_best_06,205,nsga_refine,RF,p4,P1-P3+G1-G3,"{""class_weight"": ""balanced_subsample"", ""max_depth"": 14, ""max_features"": 0.17462802355441434, ""min_samples_leaf"": 7, ""n_estimators"": 800, ""n_jobs"": -1, ""random_state"": 42}",0.7693353939478342,0.504595946713747,"{""G1_thiram_molar_grade"": {""f1_mean"": 0.7841086384664172, ""f1_std"": 0.1186914903484426, ""task_name"": ""Thiram Positive Molar Grade""}, ""G2_mg_molar_grade"": {""f1_mean"": 0.504595946713747, ""f1_std"": 0.0977966544294588, ""task_name"": ""MG Positive Molar Grade""}, ""G3_mba_molar_grade"": {""f1_mean"": 0.7916146805865121, ""f1_std"": 0.0801224635954474, ""task_name"": ""MBA Positive Molar Grade""}, ""P1_thiram_presence"": {""f1_mean"": 0.8557566729706968, ""f1_std"": 0.0903808199384294, ""task_name"": ""Thiram Presence""}, ""P2_mg_presence"": {""f1_mean"": 0.8159413075926091, ""f1_std"": 0.0873493215284385, ""task_name"": ""MG Presence""}, ""P3_mba_presence"": {""f1_mean"": 0.8639951173570225, ""f1_std"": 0.0794541494027791, ""task_name"": ""MBA Presence""}}",completed,NSGA-II Pareto trial #6,87.792991,trials/rf_nsga_best_06
rf_nsga_best_07,206,nsga_refine,RF,p4,P1-P3+G1-G3,"{""class_weight"": ""balanced_subsample"", ""max_depth"": 16, ""max_features"": 0.1746074041599417, ""min_samples_leaf"": 7, ""n_estimators"": 800, ""n_jobs"": -1, ""random_state"": 42}",0.7693353939478342,0.504595946713747,"{""G1_thiram_molar_grade"": {""f1_mean"": 0.7841086384664172, ""f1_std"": 0.1186914903484426, ""task_name"": ""Thiram Positive Molar Grade""}, ""G2_mg_molar_grade"": {""f1_mean"": 0.504595946713747, ""f1_std"": 0.0977966544294588, ""task_name"": ""MG Positive Molar Grade""}, ""G3_mba_molar_grade"": {""f1_mean"": 0.7916146805865121, ""f1_std"": 0.0801224635954474, ""task_name"": ""MBA Positive Molar Grade""}, ""P1_thiram_presence"": {""f1_mean"": 0.8557566729706968, ""f1_std"": 0.0903808199384294, ""task_name"": ""Thiram Presence""}, ""P2_mg_presence"": {""f1_mean"": 0.8159413075926091, ""f1_std"": 0.0873493215284385, ""task_name"": ""MG Presence""}, ""P3_mba_presence"": {""f1_mean"": 0.8639951173570225, ""f1_std"": 0.0794541494027791, ""task_name"": ""MBA Presence""}}",completed,NSGA-II Pareto trial #7,87.775599,trials/rf_nsga_best_07
rf_nsga_best_08,207,nsga_refine,RF,p4,P1-P3+G1-G3,"{""class_weight"": ""balanced_subsample"", ""max_depth"": 11, ""max_features"": 0.17462802355441434, ""min_samples_leaf"": 5, ""n_estimators"": 600, ""n_jobs"": -1, ""random_state"": 42}",0.7700786436351343,0.5034842168895937,"{""G1_thiram_molar_grade"": {""f1_mean"": 0.7870925789099669, ""f1_std"": 0.1235018874405548, ""task_name"": ""Thiram Positive Molar Grade""}, ""G2_mg_molar_grade"": {""f1_mean"": 0.5034842168895937, ""f1_std"": 0.0983706033158944, ""task_name"": ""MG Positive Molar Grade""}, ""G3_mba_molar_grade"": {""f1_mean"": 0.7841564037839858, ""f1_std"": 0.0816933436262613, ""task_name"": ""MBA Positive Molar Grade""}, ""P1_thiram_presence"": {""f1_mean"": 0.8572391808332934, ""f1_std"": 0.0858215622620931, ""task_name"": ""Thiram Presence""}, ""P2_mg_presence"": {""f1_mean"": 0.816246978957289, ""f1_std"": 0.0818324015790822, ""task_name"": ""MG Presence""}, ""P3_mba_presence"": {""f1_mean"": 0.8722525024366771, ""f1_std"": 0.0751879296174422, ""task_name"": ""MBA Presence""}}",completed,NSGA-II Pareto trial #8,67.743533,trials/rf_nsga_best_08
rf_nsga_best_09,208,nsga_refine,RF,p4,P1-P3+G1-G3,"{""class_weight"": ""balanced_subsample"", ""max_depth"": 24, ""max_features"": 0.17462802355441434, ""min_samples_leaf"": 7, ""n_estimators"": 800, ""n_jobs"": -1, ""random_state"": 42}",0.7693353939478342,0.504595946713747,"{""G1_thiram_molar_grade"": {""f1_mean"": 0.7841086384664172, ""f1_std"": 0.1186914903484426, ""task_name"": ""Thiram Positive Molar Grade""}, ""G2_mg_molar_grade"": {""f1_mean"": 0.504595946713747, ""f1_std"": 0.0977966544294588, ""task_name"": ""MG Positive Molar Grade""}, ""G3_mba_molar_grade"": {""f1_mean"": 0.7916146805865121, ""f1_std"": 0.0801224635954474, ""task_name"": ""MBA Positive Molar Grade""}, ""P1_thiram_presence"": {""f1_mean"": 0.8557566729706968, ""f1_std"": 0.0903808199384294, ""task_name"": ""Thiram Presence""}, ""P2_mg_presence"": {""f1_mean"": 0.8159413075926091, ""f1_std"": 0.0873493215284385, ""task_name"": ""MG Presence""}, ""P3_mba_presence"": {""f1_mean"": 0.8639951173570225, ""f1_std"": 0.0794541494027791, ""task_name"": ""MBA Presence""}}",completed,NSGA-II Pareto trial #9,87.273428,trials/rf_nsga_best_09
